------------ Options -------------
adambeta1: 0.9
adambeta2: 0.999
batchSize: 64
beta: 500
checkpoints_dir: ./checkpoints
continue_train: False
dataroot: /storage/data/dengxy12025/KingsCollege/KingsCollege
display_freq: 100
display_id: 0
display_port: 8097
display_winsize: 224
epoch_count: 1
fineSize: 224
gpu_ids: [0]
init_weights: pretrained_models/places-googlenet.pickle
input_nc: 3
isTrain: True
loadSize: 256
loss_type: geo
lr: 0.0001
lr_decay_iters: 50
lr_policy: lambda
lstm_hidden_size: None
max_dataset_size: inf
model: posenet
nThreads: 8
n_epochs: 4000
n_epochs_decay: 0
name: posenet/KingsCollege/logloss
no_dropout: False
output_nc: 7
phase: train
print_freq: 100
save_epoch_freq: 10
save_latest_freq: 5000
seed: 42
serial_batches: False
transformer_hidden_size: None
use_html: False
which_epoch: None
-------------- End ----------------
[INFO] Subtracting mean image from input images.
dataset [PoseDataset] was created
#training images = 1220
posenet
initializing the weights from pretrained_models/places-googlenet.pickle
[INFO] Using FC Head
[INFO] Using FC Head
[INFO] Using FC Head
---------- Networks initialized -------------
model [PoseNetModel] was created
[INFO] Using auxiliary losses with weights: [{'pos': 0.3, 'ori': 0.3}, {'pos': 0.3, 'ori': 0.3}, {'pos': 1.0, 'ori': 1.0}]
End of epoch 1 / 4000 	 Time Taken: 29 sec
learning rate = 0.0001000
(epoch: 2, iters: 320, time: 0.002) pos_err: 87.242 ori_err: 639.183 reproj_err: 45055.405 
End of epoch 2 / 4000 	 Time Taken: 10 sec
learning rate = 0.0001000
(epoch: 3, iters: 640, time: 0.002) pos_err: 69.117 ori_err: 508.690 reproj_err: 22876.104 
End of epoch 3 / 4000 	 Time Taken: 10 sec
learning rate = 0.0001000
(epoch: 4, iters: 960, time: 0.002) pos_err: 61.983 ori_err: 437.092 reproj_err: 20829.522 
End of epoch 4 / 4000 	 Time Taken: 10 sec
learning rate = 0.0001000
(epoch: 5, iters: 1280, time: 0.002) pos_err: 59.419 ori_err: 397.030 reproj_err: 12108.129 
End of epoch 5 / 4000 	 Time Taken: 10 sec
learning rate = 0.0001000
End of epoch 6 / 4000 	 Time Taken: 10 sec
learning rate = 0.0001000
(epoch: 7, iters: 320, time: 0.003) pos_err: 43.936 ori_err: 344.419 reproj_err: 13746.818 
End of epoch 7 / 4000 	 Time Taken: 10 sec
learning rate = 0.0001000
(epoch: 8, iters: 640, time: 0.001) pos_err: 44.233 ori_err: 306.675 reproj_err: 10578.924 
End of epoch 8 / 4000 	 Time Taken: 10 sec
learning rate = 0.0001000
(epoch: 9, iters: 960, time: 0.002) pos_err: 37.544 ori_err: 281.519 reproj_err: 15119.259 
End of epoch 9 / 4000 	 Time Taken: 10 sec
learning rate = 0.0001000
(epoch: 10, iters: 1280, time: 0.001) pos_err: 37.133 ori_err: 224.390 reproj_err: 6759.313 
saving the model at the end of epoch 10, iters 12800
End of epoch 10 / 4000 	 Time Taken: 10 sec
learning rate = 0.0001000
End of epoch 11 / 4000 	 Time Taken: 10 sec
learning rate = 0.0001000
(epoch: 12, iters: 320, time: 0.003) pos_err: 31.552 ori_err: 259.282 reproj_err: 7267.036 
End of epoch 12 / 4000 	 Time Taken: 9 sec
learning rate = 0.0001000
(epoch: 13, iters: 640, time: 0.001) pos_err: 33.613 ori_err: 240.530 reproj_err: 9307.082 
End of epoch 13 / 4000 	 Time Taken: 11 sec
learning rate = 0.0001000
(epoch: 14, iters: 960, time: 0.002) pos_err: 32.337 ori_err: 238.598 reproj_err: 9847.027 
End of epoch 14 / 4000 	 Time Taken: 11 sec
learning rate = 0.0001000
(epoch: 15, iters: 1280, time: 0.001) pos_err: 40.646 ori_err: 251.053 reproj_err: 18906.355 
End of epoch 15 / 4000 	 Time Taken: 9 sec
learning rate = 0.0001000
End of epoch 16 / 4000 	 Time Taken: 11 sec
learning rate = 0.0001000
(epoch: 17, iters: 320, time: 0.002) pos_err: 31.216 ori_err: 194.996 reproj_err: 7362.923 
End of epoch 17 / 4000 	 Time Taken: 10 sec
learning rate = 0.0001000
(epoch: 18, iters: 640, time: 0.001) pos_err: 28.230 ori_err: 205.080 reproj_err: 6604.084 
End of epoch 18 / 4000 	 Time Taken: 10 sec
learning rate = 0.0001000
(epoch: 19, iters: 960, time: 0.002) pos_err: 26.658 ori_err: 182.070 reproj_err: 5774.475 
End of epoch 19 / 4000 	 Time Taken: 10 sec
learning rate = 0.0001000
(epoch: 20, iters: 1280, time: 0.001) pos_err: 18.789 ori_err: 206.550 reproj_err: 503.919 
saving the model at the end of epoch 20, iters 25600
End of epoch 20 / 4000 	 Time Taken: 12 sec
learning rate = 0.0001000
End of epoch 21 / 4000 	 Time Taken: 10 sec
learning rate = 0.0001000
(epoch: 22, iters: 320, time: 0.002) pos_err: 27.797 ori_err: 179.058 reproj_err: 6389.456 
End of epoch 22 / 4000 	 Time Taken: 11 sec
learning rate = 0.0001000
(epoch: 23, iters: 640, time: 0.002) pos_err: 31.330 ori_err: 184.694 reproj_err: 9593.056 
End of epoch 23 / 4000 	 Time Taken: 10 sec
learning rate = 0.0001000
(epoch: 24, iters: 960, time: 0.002) pos_err: 25.258 ori_err: 175.893 reproj_err: 4020.091 
End of epoch 24 / 4000 	 Time Taken: 10 sec
learning rate = 0.0001000
(epoch: 25, iters: 1280, time: 0.001) pos_err: 36.519 ori_err: 219.199 reproj_err: 31888.351 
End of epoch 25 / 4000 	 Time Taken: 10 sec
learning rate = 0.0001000
End of epoch 26 / 4000 	 Time Taken: 10 sec
learning rate = 0.0001000
(epoch: 27, iters: 320, time: 0.003) pos_err: 24.908 ori_err: 153.328 reproj_err: 6005.668 
End of epoch 27 / 4000 	 Time Taken: 10 sec
learning rate = 0.0001000
(epoch: 28, iters: 640, time: 0.002) pos_err: 28.871 ori_err: 155.277 reproj_err: 5014.138 
End of epoch 28 / 4000 	 Time Taken: 10 sec
learning rate = 0.0001000
(epoch: 29, iters: 960, time: 0.002) pos_err: 25.094 ori_err: 145.508 reproj_err: 7388.054 
End of epoch 29 / 4000 	 Time Taken: 10 sec
learning rate = 0.0001000
(epoch: 30, iters: 1280, time: 0.001) pos_err: 22.745 ori_err: 132.062 reproj_err: 14171.320 
saving the model at the end of epoch 30, iters 38400
End of epoch 30 / 4000 	 Time Taken: 10 sec
learning rate = 0.0001000
End of epoch 31 / 4000 	 Time Taken: 10 sec
learning rate = 0.0001000
(epoch: 32, iters: 320, time: 0.002) pos_err: 23.669 ori_err: 143.454 reproj_err: 7565.627 
End of epoch 32 / 4000 	 Time Taken: 11 sec
learning rate = 0.0001000
(epoch: 33, iters: 640, time: 0.001) pos_err: 24.733 ori_err: 142.898 reproj_err: 8029.550 
End of epoch 33 / 4000 	 Time Taken: 9 sec
learning rate = 0.0001000
(epoch: 34, iters: 960, time: 0.002) pos_err: 26.094 ori_err: 165.600 reproj_err: 6480.302 
End of epoch 34 / 4000 	 Time Taken: 10 sec
learning rate = 0.0001000
(epoch: 35, iters: 1280, time: 0.001) pos_err: 24.370 ori_err: 105.528 reproj_err: 2761.102 
End of epoch 35 / 4000 	 Time Taken: 10 sec
learning rate = 0.0001000
End of epoch 36 / 4000 	 Time Taken: 10 sec
learning rate = 0.0001000
(epoch: 37, iters: 320, time: 0.002) pos_err: 24.853 ori_err: 125.748 reproj_err: 5453.118 
End of epoch 37 / 4000 	 Time Taken: 10 sec
learning rate = 0.0001000
(epoch: 38, iters: 640, time: 0.002) pos_err: 26.576 ori_err: 137.839 reproj_err: 6196.949 
End of epoch 38 / 4000 	 Time Taken: 9 sec
learning rate = 0.0001000
(epoch: 39, iters: 960, time: 0.002) pos_err: 26.173 ori_err: 141.954 reproj_err: 9451.313 
End of epoch 39 / 4000 	 Time Taken: 10 sec
learning rate = 0.0001000
(epoch: 40, iters: 1280, time: 0.001) pos_err: 27.866 ori_err: 157.990 reproj_err: 364.580 
saving the model at the end of epoch 40, iters 51200
End of epoch 40 / 4000 	 Time Taken: 10 sec
learning rate = 0.0001000
End of epoch 41 / 4000 	 Time Taken: 10 sec
learning rate = 0.0001000
(epoch: 42, iters: 320, time: 0.003) pos_err: 25.450 ori_err: 129.490 reproj_err: 5862.910 
End of epoch 42 / 4000 	 Time Taken: 9 sec
learning rate = 0.0001000
(epoch: 43, iters: 640, time: 0.003) pos_err: 23.127 ori_err: 123.087 reproj_err: 4629.915 
End of epoch 43 / 4000 	 Time Taken: 9 sec
learning rate = 0.0001000
(epoch: 44, iters: 960, time: 0.002) pos_err: 21.584 ori_err: 128.996 reproj_err: 3992.951 
End of epoch 44 / 4000 	 Time Taken: 9 sec
learning rate = 0.0001000
(epoch: 45, iters: 1280, time: 0.001) pos_err: 29.442 ori_err: 124.404 reproj_err: 13456.835 
End of epoch 45 / 4000 	 Time Taken: 10 sec
learning rate = 0.0001000
End of epoch 46 / 4000 	 Time Taken: 10 sec
learning rate = 0.0001000
(epoch: 47, iters: 320, time: 0.003) pos_err: 24.223 ori_err: 119.710 reproj_err: 7988.819 
End of epoch 47 / 4000 	 Time Taken: 9 sec
learning rate = 0.0001000
(epoch: 48, iters: 640, time: 0.002) pos_err: 22.883 ori_err: 117.933 reproj_err: 5103.106 
End of epoch 48 / 4000 	 Time Taken: 10 sec
learning rate = 0.0001000
(epoch: 49, iters: 960, time: 0.002) pos_err: 25.130 ori_err: 117.334 reproj_err: 6797.847 
End of epoch 49 / 4000 	 Time Taken: 11 sec
learning rate = 0.0001000
(epoch: 50, iters: 1280, time: 0.002) pos_err: 27.974 ori_err: 127.781 reproj_err: 582.093 
saving the model at the end of epoch 50, iters 64000
End of epoch 50 / 4000 	 Time Taken: 10 sec
learning rate = 0.0001000
End of epoch 51 / 4000 	 Time Taken: 10 sec
learning rate = 0.0001000
(epoch: 52, iters: 320, time: 0.003) pos_err: 24.743 ori_err: 132.405 reproj_err: 3754.108 
End of epoch 52 / 4000 	 Time Taken: 10 sec
learning rate = 0.0001000
(epoch: 53, iters: 640, time: 0.003) pos_err: 21.043 ori_err: 108.113 reproj_err: 3874.009 
End of epoch 53 / 4000 	 Time Taken: 9 sec
learning rate = 0.0001000
(epoch: 54, iters: 960, time: 0.002) pos_err: 22.892 ori_err: 120.339 reproj_err: 4927.476 
End of epoch 54 / 4000 	 Time Taken: 10 sec
learning rate = 0.0001000
(epoch: 55, iters: 1280, time: 0.001) pos_err: 14.098 ori_err: 127.753 reproj_err: 1480.278 
End of epoch 55 / 4000 	 Time Taken: 10 sec
learning rate = 0.0001000
End of epoch 56 / 4000 	 Time Taken: 10 sec
learning rate = 0.0001000
(epoch: 57, iters: 320, time: 0.002) pos_err: 19.802 ori_err: 111.508 reproj_err: 4034.453 
End of epoch 57 / 4000 	 Time Taken: 10 sec
learning rate = 0.0001000
(epoch: 58, iters: 640, time: 0.002) pos_err: 24.015 ori_err: 112.007 reproj_err: 5744.183 
End of epoch 58 / 4000 	 Time Taken: 10 sec
learning rate = 0.0001000
(epoch: 59, iters: 960, time: 0.002) pos_err: 23.165 ori_err: 119.178 reproj_err: 2524.993 
End of epoch 59 / 4000 	 Time Taken: 10 sec
learning rate = 0.0001000
(epoch: 60, iters: 1280, time: 0.001) pos_err: 21.703 ori_err: 108.377 reproj_err: 6300.462 
saving the model at the end of epoch 60, iters 76800
End of epoch 60 / 4000 	 Time Taken: 10 sec
learning rate = 0.0001000
End of epoch 61 / 4000 	 Time Taken: 9 sec
learning rate = 0.0001000
(epoch: 62, iters: 320, time: 0.003) pos_err: 22.508 ori_err: 109.248 reproj_err: 2886.500 
End of epoch 62 / 4000 	 Time Taken: 10 sec
learning rate = 0.0001000
(epoch: 63, iters: 640, time: 0.002) pos_err: 21.926 ori_err: 108.216 reproj_err: 5035.962 
End of epoch 63 / 4000 	 Time Taken: 10 sec
learning rate = 0.0001000
(epoch: 64, iters: 960, time: 0.002) pos_err: 21.224 ori_err: 109.713 reproj_err: 4206.760 
End of epoch 64 / 4000 	 Time Taken: 10 sec
learning rate = 0.0001000
(epoch: 65, iters: 1280, time: 0.002) pos_err: 16.316 ori_err: 114.614 reproj_err: 331.439 
End of epoch 65 / 4000 	 Time Taken: 10 sec
learning rate = 0.0001000
End of epoch 66 / 4000 	 Time Taken: 10 sec
learning rate = 0.0001000
(epoch: 67, iters: 320, time: 0.002) pos_err: 21.885 ori_err: 103.445 reproj_err: 4987.176 
End of epoch 67 / 4000 	 Time Taken: 10 sec
learning rate = 0.0001000
(epoch: 68, iters: 640, time: 0.002) pos_err: 21.950 ori_err: 122.471 reproj_err: 3765.001 
End of epoch 68 / 4000 	 Time Taken: 10 sec
learning rate = 0.0001000
(epoch: 69, iters: 960, time: 0.002) pos_err: 20.227 ori_err: 99.525 reproj_err: 2204.963 
End of epoch 69 / 4000 	 Time Taken: 9 sec
learning rate = 0.0001000
(epoch: 70, iters: 1280, time: 0.001) pos_err: 34.064 ori_err: 143.756 reproj_err: 6417.093 
saving the model at the end of epoch 70, iters 89600
End of epoch 70 / 4000 	 Time Taken: 10 sec
learning rate = 0.0001000
End of epoch 71 / 4000 	 Time Taken: 10 sec
learning rate = 0.0001000
(epoch: 72, iters: 320, time: 0.003) pos_err: 22.788 ori_err: 103.611 reproj_err: 6427.947 
End of epoch 72 / 4000 	 Time Taken: 10 sec
learning rate = 0.0001000
(epoch: 73, iters: 640, time: 0.001) pos_err: 21.107 ori_err: 98.851 reproj_err: 5180.950 
End of epoch 73 / 4000 	 Time Taken: 9 sec
learning rate = 0.0001000
(epoch: 74, iters: 960, time: 0.001) pos_err: 23.661 ori_err: 102.042 reproj_err: 4818.013 
End of epoch 74 / 4000 	 Time Taken: 10 sec
learning rate = 0.0001000
(epoch: 75, iters: 1280, time: 0.002) pos_err: 16.724 ori_err: 100.583 reproj_err: 3781.589 
End of epoch 75 / 4000 	 Time Taken: 10 sec
learning rate = 0.0001000
End of epoch 76 / 4000 	 Time Taken: 10 sec
learning rate = 0.0001000
(epoch: 77, iters: 320, time: 0.002) pos_err: 21.988 ori_err: 104.897 reproj_err: 4346.887 
End of epoch 77 / 4000 	 Time Taken: 11 sec
learning rate = 0.0001000
(epoch: 78, iters: 640, time: 0.001) pos_err: 24.660 ori_err: 101.197 reproj_err: 7834.981 
End of epoch 78 / 4000 	 Time Taken: 10 sec
learning rate = 0.0001000
(epoch: 79, iters: 960, time: 0.002) pos_err: 17.923 ori_err: 97.148 reproj_err: 3332.189 
End of epoch 79 / 4000 	 Time Taken: 10 sec
learning rate = 0.0001000
(epoch: 80, iters: 1280, time: 0.001) pos_err: 27.611 ori_err: 105.080 reproj_err: 542.197 
saving the model at the end of epoch 80, iters 102400
End of epoch 80 / 4000 	 Time Taken: 10 sec
learning rate = 0.0001000
End of epoch 81 / 4000 	 Time Taken: 10 sec
learning rate = 0.0001000
(epoch: 82, iters: 320, time: 0.003) pos_err: 19.736 ori_err: 96.092 reproj_err: 5165.727 
End of epoch 82 / 4000 	 Time Taken: 10 sec
learning rate = 0.0001000
(epoch: 83, iters: 640, time: 0.002) pos_err: 20.964 ori_err: 95.491 reproj_err: 2137.414 
End of epoch 83 / 4000 	 Time Taken: 10 sec
learning rate = 0.0001000
(epoch: 84, iters: 960, time: 0.001) pos_err: 22.551 ori_err: 102.348 reproj_err: 3187.608 
End of epoch 84 / 4000 	 Time Taken: 10 sec
learning rate = 0.0001000
(epoch: 85, iters: 1280, time: 0.002) pos_err: 24.491 ori_err: 84.399 reproj_err: 1822.867 
End of epoch 85 / 4000 	 Time Taken: 10 sec
learning rate = 0.0001000
End of epoch 86 / 4000 	 Time Taken: 10 sec
learning rate = 0.0001000
(epoch: 87, iters: 320, time: 0.002) pos_err: 18.955 ori_err: 87.079 reproj_err: 2553.897 
End of epoch 87 / 4000 	 Time Taken: 10 sec
learning rate = 0.0001000
(epoch: 88, iters: 640, time: 0.001) pos_err: 20.420 ori_err: 93.709 reproj_err: 4006.019 
End of epoch 88 / 4000 	 Time Taken: 9 sec
learning rate = 0.0001000
(epoch: 89, iters: 960, time: 0.002) pos_err: 20.796 ori_err: 100.327 reproj_err: 3357.973 
End of epoch 89 / 4000 	 Time Taken: 9 sec
learning rate = 0.0001000
(epoch: 90, iters: 1280, time: 0.001) pos_err: 28.536 ori_err: 116.865 reproj_err: 2866.371 
saving the model at the end of epoch 90, iters 115200
End of epoch 90 / 4000 	 Time Taken: 11 sec
learning rate = 0.0001000
End of epoch 91 / 4000 	 Time Taken: 9 sec
learning rate = 0.0001000
(epoch: 92, iters: 320, time: 0.003) pos_err: 21.235 ori_err: 88.543 reproj_err: 3741.838 
End of epoch 92 / 4000 	 Time Taken: 9 sec
learning rate = 0.0001000
(epoch: 93, iters: 640, time: 0.001) pos_err: 19.562 ori_err: 97.708 reproj_err: 3967.411 
End of epoch 93 / 4000 	 Time Taken: 9 sec
learning rate = 0.0001000
(epoch: 94, iters: 960, time: 0.002) pos_err: 18.981 ori_err: 86.398 reproj_err: 3112.594 
End of epoch 94 / 4000 	 Time Taken: 10 sec
learning rate = 0.0001000
(epoch: 95, iters: 1280, time: 0.001) pos_err: 19.569 ori_err: 70.219 reproj_err: 10886.107 
End of epoch 95 / 4000 	 Time Taken: 10 sec
learning rate = 0.0001000
End of epoch 96 / 4000 	 Time Taken: 10 sec
learning rate = 0.0001000
(epoch: 97, iters: 320, time: 0.003) pos_err: 20.487 ori_err: 91.867 reproj_err: 4458.504 
End of epoch 97 / 4000 	 Time Taken: 9 sec
learning rate = 0.0001000
(epoch: 98, iters: 640, time: 0.001) pos_err: 18.104 ori_err: 82.334 reproj_err: 3770.661 
End of epoch 98 / 4000 	 Time Taken: 9 sec
learning rate = 0.0001000
(epoch: 99, iters: 960, time: 0.002) pos_err: 21.728 ori_err: 95.043 reproj_err: 3776.502 
End of epoch 99 / 4000 	 Time Taken: 10 sec
learning rate = 0.0001000
(epoch: 100, iters: 1280, time: 0.001) pos_err: 17.592 ori_err: 81.171 reproj_err: 903.662 
saving the model at the end of epoch 100, iters 128000
End of epoch 100 / 4000 	 Time Taken: 10 sec
learning rate = 0.0001000
End of epoch 101 / 4000 	 Time Taken: 10 sec
learning rate = 0.0001000
(epoch: 102, iters: 320, time: 0.003) pos_err: 20.155 ori_err: 88.864 reproj_err: 5567.849 
End of epoch 102 / 4000 	 Time Taken: 10 sec
learning rate = 0.0001000
(epoch: 103, iters: 640, time: 0.002) pos_err: 20.242 ori_err: 89.393 reproj_err: 4552.758 
End of epoch 103 / 4000 	 Time Taken: 10 sec
learning rate = 0.0001000
(epoch: 104, iters: 960, time: 0.002) pos_err: 17.912 ori_err: 90.390 reproj_err: 1961.725 
End of epoch 104 / 4000 	 Time Taken: 10 sec
learning rate = 0.0001000
(epoch: 105, iters: 1280, time: 0.001) pos_err: 26.494 ori_err: 106.953 reproj_err: 16562.789 
End of epoch 105 / 4000 	 Time Taken: 10 sec
learning rate = 0.0001000
End of epoch 106 / 4000 	 Time Taken: 10 sec
learning rate = 0.0001000
(epoch: 107, iters: 320, time: 0.002) pos_err: 19.269 ori_err: 85.563 reproj_err: 3503.318 
End of epoch 107 / 4000 	 Time Taken: 9 sec
learning rate = 0.0001000
(epoch: 108, iters: 640, time: 0.002) pos_err: 20.420 ori_err: 87.152 reproj_err: 3265.745 
End of epoch 108 / 4000 	 Time Taken: 10 sec
learning rate = 0.0001000
(epoch: 109, iters: 960, time: 0.002) pos_err: 17.576 ori_err: 88.774 reproj_err: 3740.107 
End of epoch 109 / 4000 	 Time Taken: 10 sec
learning rate = 0.0001000
(epoch: 110, iters: 1280, time: 0.001) pos_err: 12.115 ori_err: 78.941 reproj_err: 4478.696 
saving the model at the end of epoch 110, iters 140800
End of epoch 110 / 4000 	 Time Taken: 11 sec
learning rate = 0.0001000
End of epoch 111 / 4000 	 Time Taken: 9 sec
learning rate = 0.0001000
(epoch: 112, iters: 320, time: 0.003) pos_err: 19.103 ori_err: 83.997 reproj_err: 2408.982 
End of epoch 112 / 4000 	 Time Taken: 10 sec
learning rate = 0.0001000
(epoch: 113, iters: 640, time: 0.002) pos_err: 18.659 ori_err: 88.230 reproj_err: 5147.294 
End of epoch 113 / 4000 	 Time Taken: 10 sec
learning rate = 0.0001000
(epoch: 114, iters: 960, time: 0.002) pos_err: 19.986 ori_err: 88.505 reproj_err: 4490.477 
End of epoch 114 / 4000 	 Time Taken: 10 sec
learning rate = 0.0001000
(epoch: 115, iters: 1280, time: 0.002) pos_err: 18.138 ori_err: 97.563 reproj_err: 1183.305 
End of epoch 115 / 4000 	 Time Taken: 10 sec
learning rate = 0.0001000
End of epoch 116 / 4000 	 Time Taken: 10 sec
learning rate = 0.0001000
(epoch: 117, iters: 320, time: 0.002) pos_err: 20.471 ori_err: 81.767 reproj_err: 5954.767 
End of epoch 117 / 4000 	 Time Taken: 10 sec
learning rate = 0.0001000
(epoch: 118, iters: 640, time: 0.001) pos_err: 22.445 ori_err: 84.944 reproj_err: 3858.551 
End of epoch 118 / 4000 	 Time Taken: 9 sec
learning rate = 0.0001000
(epoch: 119, iters: 960, time: 0.002) pos_err: 19.507 ori_err: 87.404 reproj_err: 4302.181 
End of epoch 119 / 4000 	 Time Taken: 10 sec
learning rate = 0.0001000
(epoch: 120, iters: 1280, time: 0.001) pos_err: 23.193 ori_err: 84.015 reproj_err: 10499.722 
saving the model at the end of epoch 120, iters 153600
End of epoch 120 / 4000 	 Time Taken: 10 sec
learning rate = 0.0001000
End of epoch 121 / 4000 	 Time Taken: 10 sec
learning rate = 0.0001000
(epoch: 122, iters: 320, time: 0.002) pos_err: 19.197 ori_err: 88.628 reproj_err: 4135.209 
End of epoch 122 / 4000 	 Time Taken: 10 sec
learning rate = 0.0001000
(epoch: 123, iters: 640, time: 0.002) pos_err: 20.474 ori_err: 79.574 reproj_err: 4141.037 
End of epoch 123 / 4000 	 Time Taken: 9 sec
learning rate = 0.0001000
(epoch: 124, iters: 960, time: 0.001) pos_err: 19.558 ori_err: 81.174 reproj_err: 2017.825 
End of epoch 124 / 4000 	 Time Taken: 10 sec
learning rate = 0.0001000
(epoch: 125, iters: 1280, time: 0.001) pos_err: 15.677 ori_err: 67.115 reproj_err: 264.513 
End of epoch 125 / 4000 	 Time Taken: 10 sec
learning rate = 0.0001000
End of epoch 126 / 4000 	 Time Taken: 10 sec
learning rate = 0.0001000
(epoch: 127, iters: 320, time: 0.003) pos_err: 18.081 ori_err: 85.611 reproj_err: 2441.288 
End of epoch 127 / 4000 	 Time Taken: 10 sec
learning rate = 0.0001000
(epoch: 128, iters: 640, time: 0.001) pos_err: 19.976 ori_err: 90.558 reproj_err: 3958.840 
End of epoch 128 / 4000 	 Time Taken: 10 sec
learning rate = 0.0001000
(epoch: 129, iters: 960, time: 0.002) pos_err: 19.295 ori_err: 82.765 reproj_err: 6615.169 
End of epoch 129 / 4000 	 Time Taken: 10 sec
learning rate = 0.0001000
(epoch: 130, iters: 1280, time: 0.002) pos_err: 22.121 ori_err: 68.851 reproj_err: 6813.229 
saving the model at the end of epoch 130, iters 166400
End of epoch 130 / 4000 	 Time Taken: 11 sec
learning rate = 0.0001000
End of epoch 131 / 4000 	 Time Taken: 10 sec
learning rate = 0.0001000
(epoch: 132, iters: 320, time: 0.003) pos_err: 18.192 ori_err: 82.725 reproj_err: 2616.069 
End of epoch 132 / 4000 	 Time Taken: 10 sec
learning rate = 0.0001000
(epoch: 133, iters: 640, time: 0.002) pos_err: 18.930 ori_err: 81.907 reproj_err: 2926.347 
End of epoch 133 / 4000 	 Time Taken: 10 sec
learning rate = 0.0001000
(epoch: 134, iters: 960, time: 0.002) pos_err: 18.598 ori_err: 78.569 reproj_err: 3464.059 
End of epoch 134 / 4000 	 Time Taken: 9 sec
learning rate = 0.0001000
(epoch: 135, iters: 1280, time: 0.001) pos_err: 21.376 ori_err: 63.526 reproj_err: 6899.552 
End of epoch 135 / 4000 	 Time Taken: 10 sec
learning rate = 0.0001000
End of epoch 136 / 4000 	 Time Taken: 10 sec
learning rate = 0.0001000
(epoch: 137, iters: 320, time: 0.003) pos_err: 20.142 ori_err: 82.987 reproj_err: 3756.545 
End of epoch 137 / 4000 	 Time Taken: 9 sec
learning rate = 0.0001000
(epoch: 138, iters: 640, time: 0.001) pos_err: 19.872 ori_err: 82.918 reproj_err: 4781.711 
End of epoch 138 / 4000 	 Time Taken: 9 sec
learning rate = 0.0001000
(epoch: 139, iters: 960, time: 0.002) pos_err: 18.856 ori_err: 92.069 reproj_err: 3435.817 
End of epoch 139 / 4000 	 Time Taken: 11 sec
learning rate = 0.0001000
(epoch: 140, iters: 1280, time: 0.001) pos_err: 15.843 ori_err: 141.363 reproj_err: 3462.809 
saving the model at the end of epoch 140, iters 179200
End of epoch 140 / 4000 	 Time Taken: 10 sec
learning rate = 0.0001000
End of epoch 141 / 4000 	 Time Taken: 10 sec
learning rate = 0.0001000
(epoch: 142, iters: 320, time: 0.002) pos_err: 19.712 ori_err: 80.883 reproj_err: 3757.260 
End of epoch 142 / 4000 	 Time Taken: 9 sec
learning rate = 0.0001000
(epoch: 143, iters: 640, time: 0.002) pos_err: 19.150 ori_err: 82.856 reproj_err: 4871.872 
End of epoch 143 / 4000 	 Time Taken: 10 sec
learning rate = 0.0001000
(epoch: 144, iters: 960, time: 0.002) pos_err: 18.107 ori_err: 78.455 reproj_err: 3196.502 
End of epoch 144 / 4000 	 Time Taken: 10 sec
learning rate = 0.0001000
(epoch: 145, iters: 1280, time: 0.002) pos_err: 19.182 ori_err: 80.410 reproj_err: 8738.421 
End of epoch 145 / 4000 	 Time Taken: 9 sec
learning rate = 0.0001000
End of epoch 146 / 4000 	 Time Taken: 9 sec
learning rate = 0.0001000
(epoch: 147, iters: 320, time: 0.002) pos_err: 18.499 ori_err: 81.362 reproj_err: 4443.058 
End of epoch 147 / 4000 	 Time Taken: 10 sec
learning rate = 0.0001000
(epoch: 148, iters: 640, time: 0.002) pos_err: 18.715 ori_err: 79.546 reproj_err: 3747.396 
End of epoch 148 / 4000 	 Time Taken: 10 sec
learning rate = 0.0001000
(epoch: 149, iters: 960, time: 0.002) pos_err: 19.118 ori_err: 81.667 reproj_err: 2927.932 
End of epoch 149 / 4000 	 Time Taken: 10 sec
learning rate = 0.0001000
(epoch: 150, iters: 1280, time: 0.001) pos_err: 28.033 ori_err: 92.869 reproj_err: 4569.347 
saving the model at the end of epoch 150, iters 192000
End of epoch 150 / 4000 	 Time Taken: 11 sec
learning rate = 0.0001000
End of epoch 151 / 4000 	 Time Taken: 10 sec
learning rate = 0.0001000
(epoch: 152, iters: 320, time: 0.002) pos_err: 17.629 ori_err: 74.924 reproj_err: 4821.044 
End of epoch 152 / 4000 	 Time Taken: 10 sec
learning rate = 0.0001000
(epoch: 153, iters: 640, time: 0.002) pos_err: 17.734 ori_err: 76.688 reproj_err: 1467.920 
End of epoch 153 / 4000 	 Time Taken: 10 sec
learning rate = 0.0001000
(epoch: 154, iters: 960, time: 0.002) pos_err: 17.924 ori_err: 77.042 reproj_err: 2955.455 
End of epoch 154 / 4000 	 Time Taken: 10 sec
learning rate = 0.0001000
(epoch: 155, iters: 1280, time: 0.001) pos_err: 19.695 ori_err: 51.714 reproj_err: 2057.015 
End of epoch 155 / 4000 	 Time Taken: 10 sec
learning rate = 0.0001000
End of epoch 156 / 4000 	 Time Taken: 10 sec
learning rate = 0.0001000
(epoch: 157, iters: 320, time: 0.002) pos_err: 18.039 ori_err: 78.585 reproj_err: 3682.606 
End of epoch 157 / 4000 	 Time Taken: 9 sec
learning rate = 0.0001000
(epoch: 158, iters: 640, time: 0.002) pos_err: 18.303 ori_err: 81.278 reproj_err: 4056.603 
End of epoch 158 / 4000 	 Time Taken: 9 sec
learning rate = 0.0001000
(epoch: 159, iters: 960, time: 0.002) pos_err: 18.013 ori_err: 75.236 reproj_err: 2387.590 
End of epoch 159 / 4000 	 Time Taken: 10 sec
learning rate = 0.0001000
(epoch: 160, iters: 1280, time: 0.001) pos_err: 19.862 ori_err: 68.413 reproj_err: 1827.028 
saving the model at the end of epoch 160, iters 204800
End of epoch 160 / 4000 	 Time Taken: 10 sec
learning rate = 0.0001000
End of epoch 161 / 4000 	 Time Taken: 10 sec
learning rate = 0.0001000
(epoch: 162, iters: 320, time: 0.002) pos_err: 17.091 ori_err: 81.269 reproj_err: 2446.543 
End of epoch 162 / 4000 	 Time Taken: 9 sec
learning rate = 0.0001000
(epoch: 163, iters: 640, time: 0.002) pos_err: 17.897 ori_err: 80.400 reproj_err: 3038.291 
End of epoch 163 / 4000 	 Time Taken: 10 sec
learning rate = 0.0001000
(epoch: 164, iters: 960, time: 0.002) pos_err: 19.751 ori_err: 73.359 reproj_err: 4148.689 
End of epoch 164 / 4000 	 Time Taken: 10 sec
learning rate = 0.0001000
(epoch: 165, iters: 1280, time: 0.001) pos_err: 27.541 ori_err: 75.487 reproj_err: 5089.023 
End of epoch 165 / 4000 	 Time Taken: 10 sec
learning rate = 0.0001000
End of epoch 166 / 4000 	 Time Taken: 10 sec
learning rate = 0.0001000
(epoch: 167, iters: 320, time: 0.003) pos_err: 16.309 ori_err: 78.521 reproj_err: 1878.879 
End of epoch 167 / 4000 	 Time Taken: 10 sec
learning rate = 0.0001000
(epoch: 168, iters: 640, time: 0.001) pos_err: 19.583 ori_err: 76.026 reproj_err: 3402.894 
End of epoch 168 / 4000 	 Time Taken: 10 sec
learning rate = 0.0001000
(epoch: 169, iters: 960, time: 0.002) pos_err: 17.582 ori_err: 77.776 reproj_err: 3106.450 
End of epoch 169 / 4000 	 Time Taken: 10 sec
learning rate = 0.0001000
(epoch: 170, iters: 1280, time: 0.001) pos_err: 25.238 ori_err: 104.207 reproj_err: 508.021 
saving the model at the end of epoch 170, iters 217600
End of epoch 170 / 4000 	 Time Taken: 10 sec
learning rate = 0.0001000
End of epoch 171 / 4000 	 Time Taken: 10 sec
learning rate = 0.0001000
(epoch: 172, iters: 320, time: 0.002) pos_err: 17.905 ori_err: 77.133 reproj_err: 3133.088 
End of epoch 172 / 4000 	 Time Taken: 9 sec
learning rate = 0.0001000
(epoch: 173, iters: 640, time: 0.002) pos_err: 19.511 ori_err: 71.471 reproj_err: 3657.959 
End of epoch 173 / 4000 	 Time Taken: 10 sec
learning rate = 0.0001000
(epoch: 174, iters: 960, time: 0.002) pos_err: 18.064 ori_err: 79.167 reproj_err: 3243.451 
End of epoch 174 / 4000 	 Time Taken: 10 sec
learning rate = 0.0001000
(epoch: 175, iters: 1280, time: 0.001) pos_err: 19.266 ori_err: 74.241 reproj_err: 352.607 
End of epoch 175 / 4000 	 Time Taken: 10 sec
learning rate = 0.0001000
End of epoch 176 / 4000 	 Time Taken: 10 sec
learning rate = 0.0001000
(epoch: 177, iters: 320, time: 0.002) pos_err: 16.890 ori_err: 77.093 reproj_err: 3504.745 
End of epoch 177 / 4000 	 Time Taken: 11 sec
learning rate = 0.0001000
(epoch: 178, iters: 640, time: 0.001) pos_err: 16.573 ori_err: 76.875 reproj_err: 2991.973 
End of epoch 178 / 4000 	 Time Taken: 9 sec
learning rate = 0.0001000
(epoch: 179, iters: 960, time: 0.002) pos_err: 17.216 ori_err: 75.049 reproj_err: 2062.251 
End of epoch 179 / 4000 	 Time Taken: 10 sec
learning rate = 0.0001000
(epoch: 180, iters: 1280, time: 0.001) pos_err: 17.533 ori_err: 74.857 reproj_err: 286.021 
saving the model at the end of epoch 180, iters 230400
End of epoch 180 / 4000 	 Time Taken: 11 sec
learning rate = 0.0001000
End of epoch 181 / 4000 	 Time Taken: 10 sec
learning rate = 0.0001000
(epoch: 182, iters: 320, time: 0.002) pos_err: 18.333 ori_err: 78.903 reproj_err: 2733.458 
End of epoch 182 / 4000 	 Time Taken: 10 sec
learning rate = 0.0001000
(epoch: 183, iters: 640, time: 0.002) pos_err: 18.831 ori_err: 70.091 reproj_err: 2955.076 
End of epoch 183 / 4000 	 Time Taken: 11 sec
learning rate = 0.0001000
(epoch: 184, iters: 960, time: 0.002) pos_err: 18.871 ori_err: 71.775 reproj_err: 3107.394 
End of epoch 184 / 4000 	 Time Taken: 10 sec
learning rate = 0.0001000
(epoch: 185, iters: 1280, time: 0.001) pos_err: 17.946 ori_err: 65.530 reproj_err: 5305.011 
End of epoch 185 / 4000 	 Time Taken: 10 sec
learning rate = 0.0001000
End of epoch 186 / 4000 	 Time Taken: 10 sec
learning rate = 0.0001000
(epoch: 187, iters: 320, time: 0.002) pos_err: 17.678 ori_err: 80.982 reproj_err: 2495.806 
End of epoch 187 / 4000 	 Time Taken: 10 sec
learning rate = 0.0001000
(epoch: 188, iters: 640, time: 0.001) pos_err: 15.705 ori_err: 79.102 reproj_err: 2711.590 
End of epoch 188 / 4000 	 Time Taken: 9 sec
learning rate = 0.0001000
(epoch: 189, iters: 960, time: 0.002) pos_err: 17.674 ori_err: 84.371 reproj_err: 4356.516 
End of epoch 189 / 4000 	 Time Taken: 9 sec
learning rate = 0.0001000
(epoch: 190, iters: 1280, time: 0.001) pos_err: 23.408 ori_err: 102.919 reproj_err: 3365.940 
saving the model at the end of epoch 190, iters 243200
End of epoch 190 / 4000 	 Time Taken: 11 sec
learning rate = 0.0001000
End of epoch 191 / 4000 	 Time Taken: 10 sec
learning rate = 0.0001000
(epoch: 192, iters: 320, time: 0.001) pos_err: 15.474 ori_err: 80.371 reproj_err: 3671.637 
End of epoch 192 / 4000 	 Time Taken: 10 sec
learning rate = 0.0001000
(epoch: 193, iters: 640, time: 0.001) pos_err: 17.207 ori_err: 75.558 reproj_err: 3490.003 
End of epoch 193 / 4000 	 Time Taken: 11 sec
learning rate = 0.0001000
(epoch: 194, iters: 960, time: 0.002) pos_err: 18.851 ori_err: 82.082 reproj_err: 3185.674 
End of epoch 194 / 4000 	 Time Taken: 10 sec
learning rate = 0.0001000
(epoch: 195, iters: 1280, time: 0.002) pos_err: 13.070 ori_err: 64.742 reproj_err: 2165.634 
End of epoch 195 / 4000 	 Time Taken: 9 sec
learning rate = 0.0001000
End of epoch 196 / 4000 	 Time Taken: 9 sec
learning rate = 0.0001000
(epoch: 197, iters: 320, time: 0.002) pos_err: 18.531 ori_err: 79.837 reproj_err: 1739.765 
End of epoch 197 / 4000 	 Time Taken: 10 sec
learning rate = 0.0001000
(epoch: 198, iters: 640, time: 0.001) pos_err: 17.112 ori_err: 75.171 reproj_err: 3064.081 
End of epoch 198 / 4000 	 Time Taken: 10 sec
learning rate = 0.0001000
(epoch: 199, iters: 960, time: 0.002) pos_err: 17.187 ori_err: 69.269 reproj_err: 2821.479 
End of epoch 199 / 4000 	 Time Taken: 9 sec
learning rate = 0.0001000
(epoch: 200, iters: 1280, time: 0.001) pos_err: 22.915 ori_err: 50.816 reproj_err: 4432.592 
saving the model at the end of epoch 200, iters 256000
End of epoch 200 / 4000 	 Time Taken: 10 sec
learning rate = 0.0001000
End of epoch 201 / 4000 	 Time Taken: 11 sec
learning rate = 0.0001000
(epoch: 202, iters: 320, time: 0.002) pos_err: 17.985 ori_err: 77.004 reproj_err: 3794.421 
End of epoch 202 / 4000 	 Time Taken: 10 sec
learning rate = 0.0001000
(epoch: 203, iters: 640, time: 0.002) pos_err: 17.813 ori_err: 68.653 reproj_err: 3093.850 
End of epoch 203 / 4000 	 Time Taken: 10 sec
learning rate = 0.0001000
(epoch: 204, iters: 960, time: 0.002) pos_err: 15.355 ori_err: 72.108 reproj_err: 2404.197 
End of epoch 204 / 4000 	 Time Taken: 10 sec
learning rate = 0.0001000
(epoch: 205, iters: 1280, time: 0.001) pos_err: 11.910 ori_err: 60.138 reproj_err: 280.926 
End of epoch 205 / 4000 	 Time Taken: 11 sec
learning rate = 0.0001000
End of epoch 206 / 4000 	 Time Taken: 9 sec
learning rate = 0.0001000
(epoch: 207, iters: 320, time: 0.002) pos_err: 17.900 ori_err: 73.766 reproj_err: 3739.804 
End of epoch 207 / 4000 	 Time Taken: 11 sec
learning rate = 0.0001000
(epoch: 208, iters: 640, time: 0.002) pos_err: 16.943 ori_err: 72.180 reproj_err: 2153.725 
End of epoch 208 / 4000 	 Time Taken: 10 sec
learning rate = 0.0001000
(epoch: 209, iters: 960, time: 0.002) pos_err: 18.858 ori_err: 79.450 reproj_err: 4316.157 
End of epoch 209 / 4000 	 Time Taken: 9 sec
learning rate = 0.0001000
(epoch: 210, iters: 1280, time: 0.001) pos_err: 19.444 ori_err: 77.705 reproj_err: 5500.822 
saving the model at the end of epoch 210, iters 268800
End of epoch 210 / 4000 	 Time Taken: 11 sec
learning rate = 0.0001000
End of epoch 211 / 4000 	 Time Taken: 11 sec
learning rate = 0.0001000
(epoch: 212, iters: 320, time: 0.002) pos_err: 16.900 ori_err: 73.447 reproj_err: 2603.901 
End of epoch 212 / 4000 	 Time Taken: 10 sec
learning rate = 0.0001000
(epoch: 213, iters: 640, time: 0.002) pos_err: 14.416 ori_err: 74.652 reproj_err: 2805.526 
End of epoch 213 / 4000 	 Time Taken: 9 sec
learning rate = 0.0001000
(epoch: 214, iters: 960, time: 0.002) pos_err: 17.074 ori_err: 77.102 reproj_err: 2910.176 
End of epoch 214 / 4000 	 Time Taken: 9 sec
learning rate = 0.0001000
(epoch: 215, iters: 1280, time: 0.001) pos_err: 12.354 ori_err: 64.627 reproj_err: 1472.953 
End of epoch 215 / 4000 	 Time Taken: 10 sec
learning rate = 0.0001000
End of epoch 216 / 4000 	 Time Taken: 10 sec
learning rate = 0.0001000
(epoch: 217, iters: 320, time: 0.002) pos_err: 16.599 ori_err: 70.370 reproj_err: 2204.584 
End of epoch 217 / 4000 	 Time Taken: 10 sec
learning rate = 0.0001000
(epoch: 218, iters: 640, time: 0.002) pos_err: 19.036 ori_err: 65.698 reproj_err: 6715.715 
End of epoch 218 / 4000 	 Time Taken: 10 sec
learning rate = 0.0001000
(epoch: 219, iters: 960, time: 0.002) pos_err: 15.834 ori_err: 75.072 reproj_err: 1445.734 
End of epoch 219 / 4000 	 Time Taken: 11 sec
learning rate = 0.0001000
(epoch: 220, iters: 1280, time: 0.001) pos_err: 19.543 ori_err: 79.602 reproj_err: 1048.513 
saving the model at the end of epoch 220, iters 281600
End of epoch 220 / 4000 	 Time Taken: 10 sec
learning rate = 0.0001000
End of epoch 221 / 4000 	 Time Taken: 10 sec
learning rate = 0.0001000
(epoch: 222, iters: 320, time: 0.002) pos_err: 18.419 ori_err: 77.703 reproj_err: 2600.667 
End of epoch 222 / 4000 	 Time Taken: 10 sec
learning rate = 0.0001000
(epoch: 223, iters: 640, time: 0.002) pos_err: 17.670 ori_err: 67.885 reproj_err: 1866.075 
End of epoch 223 / 4000 	 Time Taken: 10 sec
learning rate = 0.0001000
(epoch: 224, iters: 960, time: 0.002) pos_err: 19.043 ori_err: 64.648 reproj_err: 5059.474 
End of epoch 224 / 4000 	 Time Taken: 10 sec
learning rate = 0.0001000
(epoch: 225, iters: 1280, time: 0.001) pos_err: 15.905 ori_err: 81.757 reproj_err: 325.420 
End of epoch 225 / 4000 	 Time Taken: 10 sec
learning rate = 0.0001000
End of epoch 226 / 4000 	 Time Taken: 10 sec
learning rate = 0.0001000
(epoch: 227, iters: 320, time: 0.001) pos_err: 18.376 ori_err: 67.653 reproj_err: 4059.675 
End of epoch 227 / 4000 	 Time Taken: 10 sec
learning rate = 0.0001000
(epoch: 228, iters: 640, time: 0.002) pos_err: 17.397 ori_err: 71.492 reproj_err: 2558.677 
End of epoch 228 / 4000 	 Time Taken: 10 sec
learning rate = 0.0001000
(epoch: 229, iters: 960, time: 0.002) pos_err: 16.097 ori_err: 71.736 reproj_err: 1984.751 
End of epoch 229 / 4000 	 Time Taken: 10 sec
learning rate = 0.0001000
(epoch: 230, iters: 1280, time: 0.002) pos_err: 9.967 ori_err: 74.056 reproj_err: 195.737 
saving the model at the end of epoch 230, iters 294400
End of epoch 230 / 4000 	 Time Taken: 10 sec
learning rate = 0.0001000
End of epoch 231 / 4000 	 Time Taken: 10 sec
learning rate = 0.0001000
(epoch: 232, iters: 320, time: 0.001) pos_err: 17.361 ori_err: 64.480 reproj_err: 2977.038 
End of epoch 232 / 4000 	 Time Taken: 10 sec
learning rate = 0.0001000
(epoch: 233, iters: 640, time: 0.002) pos_err: 18.014 ori_err: 72.152 reproj_err: 4002.711 
End of epoch 233 / 4000 	 Time Taken: 10 sec
learning rate = 0.0001000
(epoch: 234, iters: 960, time: 0.002) pos_err: 16.020 ori_err: 72.217 reproj_err: 3048.310 
End of epoch 234 / 4000 	 Time Taken: 9 sec
learning rate = 0.0001000
(epoch: 235, iters: 1280, time: 0.001) pos_err: 22.638 ori_err: 69.780 reproj_err: 2953.299 
End of epoch 235 / 4000 	 Time Taken: 10 sec
learning rate = 0.0001000
End of epoch 236 / 4000 	 Time Taken: 9 sec
learning rate = 0.0001000
(epoch: 237, iters: 320, time: 0.003) pos_err: 18.926 ori_err: 61.819 reproj_err: 3855.151 
End of epoch 237 / 4000 	 Time Taken: 9 sec
learning rate = 0.0001000
(epoch: 238, iters: 640, time: 0.001) pos_err: 17.562 ori_err: 72.012 reproj_err: 2474.693 
End of epoch 238 / 4000 	 Time Taken: 10 sec
learning rate = 0.0001000
(epoch: 239, iters: 960, time: 0.001) pos_err: 21.150 ori_err: 72.431 reproj_err: 4560.057 
End of epoch 239 / 4000 	 Time Taken: 10 sec
learning rate = 0.0001000
(epoch: 240, iters: 1280, time: 0.001) pos_err: 20.650 ori_err: 79.751 reproj_err: 558.099 
saving the model at the end of epoch 240, iters 307200
End of epoch 240 / 4000 	 Time Taken: 11 sec
learning rate = 0.0001000
End of epoch 241 / 4000 	 Time Taken: 11 sec
learning rate = 0.0001000
(epoch: 242, iters: 320, time: 0.002) pos_err: 17.050 ori_err: 73.769 reproj_err: 2224.797 
End of epoch 242 / 4000 	 Time Taken: 10 sec
learning rate = 0.0001000
(epoch: 243, iters: 640, time: 0.002) pos_err: 15.682 ori_err: 69.833 reproj_err: 1875.729 
End of epoch 243 / 4000 	 Time Taken: 10 sec
learning rate = 0.0001000
(epoch: 244, iters: 960, time: 0.002) pos_err: 17.764 ori_err: 72.156 reproj_err: 3237.869 
End of epoch 244 / 4000 	 Time Taken: 10 sec
learning rate = 0.0001000
(epoch: 245, iters: 1280, time: 0.001) pos_err: 24.206 ori_err: 57.220 reproj_err: 13921.154 
End of epoch 245 / 4000 	 Time Taken: 9 sec
learning rate = 0.0001000
End of epoch 246 / 4000 	 Time Taken: 10 sec
learning rate = 0.0001000
(epoch: 247, iters: 320, time: 0.002) pos_err: 17.832 ori_err: 75.661 reproj_err: 2296.546 
End of epoch 247 / 4000 	 Time Taken: 9 sec
learning rate = 0.0001000
(epoch: 248, iters: 640, time: 0.001) pos_err: 18.948 ori_err: 67.741 reproj_err: 3830.711 
End of epoch 248 / 4000 	 Time Taken: 9 sec
learning rate = 0.0001000
(epoch: 249, iters: 960, time: 0.002) pos_err: 15.952 ori_err: 71.947 reproj_err: 2846.266 
End of epoch 249 / 4000 	 Time Taken: 10 sec
learning rate = 0.0001000
(epoch: 250, iters: 1280, time: 0.001) pos_err: 21.494 ori_err: 90.714 reproj_err: 365.609 
saving the model at the end of epoch 250, iters 320000
End of epoch 250 / 4000 	 Time Taken: 11 sec
learning rate = 0.0001000
End of epoch 251 / 4000 	 Time Taken: 10 sec
learning rate = 0.0001000
(epoch: 252, iters: 320, time: 0.002) pos_err: 17.436 ori_err: 74.172 reproj_err: 2751.553 
End of epoch 252 / 4000 	 Time Taken: 9 sec
learning rate = 0.0001000
(epoch: 253, iters: 640, time: 0.001) pos_err: 16.804 ori_err: 73.789 reproj_err: 2265.111 
End of epoch 253 / 4000 	 Time Taken: 10 sec
learning rate = 0.0001000
(epoch: 254, iters: 960, time: 0.002) pos_err: 17.917 ori_err: 69.104 reproj_err: 2745.713 
End of epoch 254 / 4000 	 Time Taken: 11 sec
learning rate = 0.0001000
(epoch: 255, iters: 1280, time: 0.001) pos_err: 17.385 ori_err: 105.498 reproj_err: 453.671 
End of epoch 255 / 4000 	 Time Taken: 10 sec
learning rate = 0.0001000
End of epoch 256 / 4000 	 Time Taken: 10 sec
learning rate = 0.0001000
(epoch: 257, iters: 320, time: 0.001) pos_err: 18.563 ori_err: 72.665 reproj_err: 2325.200 
End of epoch 257 / 4000 	 Time Taken: 9 sec
learning rate = 0.0001000
(epoch: 258, iters: 640, time: 0.002) pos_err: 16.757 ori_err: 73.008 reproj_err: 3560.192 
End of epoch 258 / 4000 	 Time Taken: 10 sec
learning rate = 0.0001000
(epoch: 259, iters: 960, time: 0.001) pos_err: 18.693 ori_err: 72.995 reproj_err: 3493.021 
End of epoch 259 / 4000 	 Time Taken: 10 sec
learning rate = 0.0001000
(epoch: 260, iters: 1280, time: 0.001) pos_err: 19.883 ori_err: 75.590 reproj_err: 2995.632 
saving the model at the end of epoch 260, iters 332800
End of epoch 260 / 4000 	 Time Taken: 10 sec
learning rate = 0.0001000
End of epoch 261 / 4000 	 Time Taken: 10 sec
learning rate = 0.0001000
(epoch: 262, iters: 320, time: 0.002) pos_err: 18.587 ori_err: 70.735 reproj_err: 3861.347 
End of epoch 262 / 4000 	 Time Taken: 10 sec
learning rate = 0.0001000
(epoch: 263, iters: 640, time: 0.002) pos_err: 15.847 ori_err: 71.572 reproj_err: 3247.460 
End of epoch 263 / 4000 	 Time Taken: 10 sec
learning rate = 0.0001000
(epoch: 264, iters: 960, time: 0.002) pos_err: 15.259 ori_err: 70.709 reproj_err: 3270.041 
End of epoch 264 / 4000 	 Time Taken: 10 sec
learning rate = 0.0001000
(epoch: 265, iters: 1280, time: 0.002) pos_err: 13.799 ori_err: 68.580 reproj_err: 395.687 
End of epoch 265 / 4000 	 Time Taken: 10 sec
learning rate = 0.0001000
End of epoch 266 / 4000 	 Time Taken: 11 sec
learning rate = 0.0001000
(epoch: 267, iters: 320, time: 0.002) pos_err: 15.637 ori_err: 65.112 reproj_err: 2467.154 
End of epoch 267 / 4000 	 Time Taken: 10 sec
learning rate = 0.0001000
(epoch: 268, iters: 640, time: 0.002) pos_err: 17.164 ori_err: 72.619 reproj_err: 2658.055 
End of epoch 268 / 4000 	 Time Taken: 9 sec
learning rate = 0.0001000
(epoch: 269, iters: 960, time: 0.002) pos_err: 17.588 ori_err: 66.033 reproj_err: 3648.013 
End of epoch 269 / 4000 	 Time Taken: 10 sec
learning rate = 0.0001000
(epoch: 270, iters: 1280, time: 0.002) pos_err: 20.716 ori_err: 61.714 reproj_err: 3283.787 
saving the model at the end of epoch 270, iters 345600
End of epoch 270 / 4000 	 Time Taken: 10 sec
learning rate = 0.0001000
End of epoch 271 / 4000 	 Time Taken: 10 sec
learning rate = 0.0001000
(epoch: 272, iters: 320, time: 0.003) pos_err: 14.665 ori_err: 74.520 reproj_err: 2734.441 
End of epoch 272 / 4000 	 Time Taken: 9 sec
learning rate = 0.0001000
(epoch: 273, iters: 640, time: 0.001) pos_err: 17.216 ori_err: 72.270 reproj_err: 3084.134 
End of epoch 273 / 4000 	 Time Taken: 10 sec
learning rate = 0.0001000
(epoch: 274, iters: 960, time: 0.002) pos_err: 16.260 ori_err: 66.834 reproj_err: 1675.929 
End of epoch 274 / 4000 	 Time Taken: 10 sec
learning rate = 0.0001000
(epoch: 275, iters: 1280, time: 0.001) pos_err: 16.933 ori_err: 91.449 reproj_err: 6834.678 
End of epoch 275 / 4000 	 Time Taken: 10 sec
learning rate = 0.0001000
End of epoch 276 / 4000 	 Time Taken: 10 sec
learning rate = 0.0001000
(epoch: 277, iters: 320, time: 0.002) pos_err: 18.787 ori_err: 71.792 reproj_err: 4600.072 
End of epoch 277 / 4000 	 Time Taken: 10 sec
learning rate = 0.0001000
(epoch: 278, iters: 640, time: 0.001) pos_err: 16.089 ori_err: 72.506 reproj_err: 3062.682 
End of epoch 278 / 4000 	 Time Taken: 10 sec
learning rate = 0.0001000
(epoch: 279, iters: 960, time: 0.002) pos_err: 15.474 ori_err: 63.222 reproj_err: 1408.853 
End of epoch 279 / 4000 	 Time Taken: 9 sec
learning rate = 0.0001000
(epoch: 280, iters: 1280, time: 0.001) pos_err: 13.616 ori_err: 55.006 reproj_err: 491.780 
saving the model at the end of epoch 280, iters 358400
End of epoch 280 / 4000 	 Time Taken: 10 sec
learning rate = 0.0001000
End of epoch 281 / 4000 	 Time Taken: 10 sec
learning rate = 0.0001000
(epoch: 282, iters: 320, time: 0.003) pos_err: 16.863 ori_err: 71.817 reproj_err: 2448.267 
End of epoch 282 / 4000 	 Time Taken: 10 sec
learning rate = 0.0001000
(epoch: 283, iters: 640, time: 0.001) pos_err: 15.817 ori_err: 70.628 reproj_err: 1890.154 
End of epoch 283 / 4000 	 Time Taken: 11 sec
learning rate = 0.0001000
(epoch: 284, iters: 960, time: 0.002) pos_err: 15.944 ori_err: 58.537 reproj_err: 2930.743 
End of epoch 284 / 4000 	 Time Taken: 10 sec
learning rate = 0.0001000
(epoch: 285, iters: 1280, time: 0.001) pos_err: 9.789 ori_err: 106.499 reproj_err: 634.680 
End of epoch 285 / 4000 	 Time Taken: 10 sec
learning rate = 0.0001000
End of epoch 286 / 4000 	 Time Taken: 11 sec
learning rate = 0.0001000
(epoch: 287, iters: 320, time: 0.003) pos_err: 17.483 ori_err: 63.431 reproj_err: 2858.138 
End of epoch 287 / 4000 	 Time Taken: 11 sec
learning rate = 0.0001000
(epoch: 288, iters: 640, time: 0.002) pos_err: 17.583 ori_err: 68.057 reproj_err: 3091.996 
End of epoch 288 / 4000 	 Time Taken: 10 sec
learning rate = 0.0001000
(epoch: 289, iters: 960, time: 0.002) pos_err: 18.660 ori_err: 69.214 reproj_err: 4914.456 
End of epoch 289 / 4000 	 Time Taken: 10 sec
learning rate = 0.0001000
(epoch: 290, iters: 1280, time: 0.001) pos_err: 21.733 ori_err: 69.411 reproj_err: 3084.364 
saving the model at the end of epoch 290, iters 371200
End of epoch 290 / 4000 	 Time Taken: 11 sec
learning rate = 0.0001000
End of epoch 291 / 4000 	 Time Taken: 10 sec
learning rate = 0.0001000
(epoch: 292, iters: 320, time: 0.002) pos_err: 18.775 ori_err: 75.860 reproj_err: 3746.119 
End of epoch 292 / 4000 	 Time Taken: 11 sec
learning rate = 0.0001000
(epoch: 293, iters: 640, time: 0.002) pos_err: 16.050 ori_err: 69.952 reproj_err: 3599.567 
End of epoch 293 / 4000 	 Time Taken: 11 sec
learning rate = 0.0001000
(epoch: 294, iters: 960, time: 0.002) pos_err: 16.597 ori_err: 67.304 reproj_err: 3289.748 
End of epoch 294 / 4000 	 Time Taken: 10 sec
learning rate = 0.0001000
(epoch: 295, iters: 1280, time: 0.001) pos_err: 17.984 ori_err: 58.747 reproj_err: 540.505 
End of epoch 295 / 4000 	 Time Taken: 11 sec
learning rate = 0.0001000
End of epoch 296 / 4000 	 Time Taken: 10 sec
learning rate = 0.0001000
(epoch: 297, iters: 320, time: 0.002) pos_err: 15.907 ori_err: 75.712 reproj_err: 1095.423 
End of epoch 297 / 4000 	 Time Taken: 10 sec
learning rate = 0.0001000
(epoch: 298, iters: 640, time: 0.001) pos_err: 16.538 ori_err: 69.457 reproj_err: 3056.987 
End of epoch 298 / 4000 	 Time Taken: 10 sec
learning rate = 0.0001000
(epoch: 299, iters: 960, time: 0.002) pos_err: 16.143 ori_err: 66.943 reproj_err: 3076.097 
End of epoch 299 / 4000 	 Time Taken: 10 sec
learning rate = 0.0001000
(epoch: 300, iters: 1280, time: 0.001) pos_err: 17.541 ori_err: 47.063 reproj_err: 6611.297 
saving the model at the end of epoch 300, iters 384000
End of epoch 300 / 4000 	 Time Taken: 10 sec
learning rate = 0.0001000
End of epoch 301 / 4000 	 Time Taken: 9 sec
learning rate = 0.0001000
(epoch: 302, iters: 320, time: 0.002) pos_err: 17.655 ori_err: 64.891 reproj_err: 2334.174 
End of epoch 302 / 4000 	 Time Taken: 11 sec
learning rate = 0.0001000
(epoch: 303, iters: 640, time: 0.001) pos_err: 17.069 ori_err: 68.734 reproj_err: 4288.896 
End of epoch 303 / 4000 	 Time Taken: 10 sec
learning rate = 0.0001000
(epoch: 304, iters: 960, time: 0.002) pos_err: 15.455 ori_err: 68.445 reproj_err: 3389.543 
End of epoch 304 / 4000 	 Time Taken: 10 sec
learning rate = 0.0001000
(epoch: 305, iters: 1280, time: 0.001) pos_err: 11.614 ori_err: 81.565 reproj_err: 333.771 
End of epoch 305 / 4000 	 Time Taken: 10 sec
learning rate = 0.0001000
End of epoch 306 / 4000 	 Time Taken: 10 sec
learning rate = 0.0001000
(epoch: 307, iters: 320, time: 0.001) pos_err: 17.120 ori_err: 68.626 reproj_err: 3973.121 
End of epoch 307 / 4000 	 Time Taken: 10 sec
learning rate = 0.0001000
(epoch: 308, iters: 640, time: 0.002) pos_err: 17.172 ori_err: 59.699 reproj_err: 3335.257 
End of epoch 308 / 4000 	 Time Taken: 10 sec
learning rate = 0.0001000
(epoch: 309, iters: 960, time: 0.002) pos_err: 15.843 ori_err: 67.434 reproj_err: 3592.965 
End of epoch 309 / 4000 	 Time Taken: 10 sec
learning rate = 0.0001000
(epoch: 310, iters: 1280, time: 0.001) pos_err: 11.143 ori_err: 65.847 reproj_err: 256.780 
saving the model at the end of epoch 310, iters 396800
End of epoch 310 / 4000 	 Time Taken: 10 sec
learning rate = 0.0001000
End of epoch 311 / 4000 	 Time Taken: 10 sec
learning rate = 0.0001000
(epoch: 312, iters: 320, time: 0.002) pos_err: 18.411 ori_err: 66.340 reproj_err: 2760.548 
End of epoch 312 / 4000 	 Time Taken: 10 sec
learning rate = 0.0001000
(epoch: 313, iters: 640, time: 0.003) pos_err: 16.594 ori_err: 63.276 reproj_err: 3428.698 
End of epoch 313 / 4000 	 Time Taken: 9 sec
learning rate = 0.0001000
(epoch: 314, iters: 960, time: 0.002) pos_err: 17.186 ori_err: 64.016 reproj_err: 2175.711 
End of epoch 314 / 4000 	 Time Taken: 9 sec
learning rate = 0.0001000
(epoch: 315, iters: 1280, time: 0.001) pos_err: 15.032 ori_err: 63.602 reproj_err: 243.548 
End of epoch 315 / 4000 	 Time Taken: 9 sec
learning rate = 0.0001000
End of epoch 316 / 4000 	 Time Taken: 10 sec
learning rate = 0.0001000
(epoch: 317, iters: 320, time: 0.002) pos_err: 19.337 ori_err: 66.943 reproj_err: 6265.789 
End of epoch 317 / 4000 	 Time Taken: 11 sec
learning rate = 0.0001000
(epoch: 318, iters: 640, time: 0.002) pos_err: 15.923 ori_err: 66.942 reproj_err: 2730.716 
End of epoch 318 / 4000 	 Time Taken: 10 sec
learning rate = 0.0001000
(epoch: 319, iters: 960, time: 0.002) pos_err: 16.391 ori_err: 58.968 reproj_err: 1968.183 
End of epoch 319 / 4000 	 Time Taken: 10 sec
learning rate = 0.0001000
(epoch: 320, iters: 1280, time: 0.001) pos_err: 17.069 ori_err: 68.519 reproj_err: 2183.100 
saving the model at the end of epoch 320, iters 409600
End of epoch 320 / 4000 	 Time Taken: 10 sec
learning rate = 0.0001000
End of epoch 321 / 4000 	 Time Taken: 10 sec
learning rate = 0.0001000
(epoch: 322, iters: 320, time: 0.003) pos_err: 14.567 ori_err: 63.575 reproj_err: 1594.609 
End of epoch 322 / 4000 	 Time Taken: 10 sec
learning rate = 0.0001000
(epoch: 323, iters: 640, time: 0.001) pos_err: 16.162 ori_err: 63.491 reproj_err: 1597.079 
End of epoch 323 / 4000 	 Time Taken: 9 sec
learning rate = 0.0001000
(epoch: 324, iters: 960, time: 0.002) pos_err: 16.867 ori_err: 61.184 reproj_err: 2672.332 
End of epoch 324 / 4000 	 Time Taken: 10 sec
learning rate = 0.0001000
(epoch: 325, iters: 1280, time: 0.001) pos_err: 11.737 ori_err: 69.232 reproj_err: 1571.919 
End of epoch 325 / 4000 	 Time Taken: 10 sec
learning rate = 0.0001000
End of epoch 326 / 4000 	 Time Taken: 10 sec
learning rate = 0.0001000
(epoch: 327, iters: 320, time: 0.002) pos_err: 16.310 ori_err: 62.588 reproj_err: 1564.397 
End of epoch 327 / 4000 	 Time Taken: 10 sec
learning rate = 0.0001000
(epoch: 328, iters: 640, time: 0.002) pos_err: 15.072 ori_err: 67.259 reproj_err: 1879.864 
End of epoch 328 / 4000 	 Time Taken: 9 sec
learning rate = 0.0001000
(epoch: 329, iters: 960, time: 0.002) pos_err: 15.510 ori_err: 65.832 reproj_err: 2393.410 
End of epoch 329 / 4000 	 Time Taken: 10 sec
learning rate = 0.0001000
(epoch: 330, iters: 1280, time: 0.002) pos_err: 17.063 ori_err: 58.046 reproj_err: 5127.159 
saving the model at the end of epoch 330, iters 422400
End of epoch 330 / 4000 	 Time Taken: 10 sec
learning rate = 0.0001000
End of epoch 331 / 4000 	 Time Taken: 9 sec
learning rate = 0.0001000
(epoch: 332, iters: 320, time: 0.002) pos_err: 16.820 ori_err: 67.980 reproj_err: 2223.452 
End of epoch 332 / 4000 	 Time Taken: 10 sec
learning rate = 0.0001000
(epoch: 333, iters: 640, time: 0.002) pos_err: 17.187 ori_err: 61.958 reproj_err: 1981.092 
End of epoch 333 / 4000 	 Time Taken: 10 sec
learning rate = 0.0001000
(epoch: 334, iters: 960, time: 0.002) pos_err: 16.446 ori_err: 59.102 reproj_err: 3706.438 
End of epoch 334 / 4000 	 Time Taken: 10 sec
learning rate = 0.0001000
(epoch: 335, iters: 1280, time: 0.001) pos_err: 16.179 ori_err: 47.464 reproj_err: 6319.568 
End of epoch 335 / 4000 	 Time Taken: 10 sec
learning rate = 0.0001000
End of epoch 336 / 4000 	 Time Taken: 9 sec
learning rate = 0.0001000
(epoch: 337, iters: 320, time: 0.002) pos_err: 14.530 ori_err: 65.851 reproj_err: 1712.012 
End of epoch 337 / 4000 	 Time Taken: 10 sec
learning rate = 0.0001000
(epoch: 338, iters: 640, time: 0.002) pos_err: 15.227 ori_err: 61.661 reproj_err: 2926.580 
End of epoch 338 / 4000 	 Time Taken: 9 sec
learning rate = 0.0001000
(epoch: 339, iters: 960, time: 0.002) pos_err: 17.667 ori_err: 64.037 reproj_err: 3089.601 
End of epoch 339 / 4000 	 Time Taken: 10 sec
learning rate = 0.0001000
(epoch: 340, iters: 1280, time: 0.001) pos_err: 19.263 ori_err: 71.335 reproj_err: 1094.751 
saving the model at the end of epoch 340, iters 435200
End of epoch 340 / 4000 	 Time Taken: 10 sec
learning rate = 0.0001000
End of epoch 341 / 4000 	 Time Taken: 10 sec
learning rate = 0.0001000
(epoch: 342, iters: 320, time: 0.002) pos_err: 14.886 ori_err: 64.561 reproj_err: 1139.832 
End of epoch 342 / 4000 	 Time Taken: 10 sec
learning rate = 0.0001000
(epoch: 343, iters: 640, time: 0.002) pos_err: 15.163 ori_err: 66.482 reproj_err: 1775.603 
End of epoch 343 / 4000 	 Time Taken: 10 sec
learning rate = 0.0001000
(epoch: 344, iters: 960, time: 0.002) pos_err: 18.080 ori_err: 64.633 reproj_err: 3451.819 
End of epoch 344 / 4000 	 Time Taken: 10 sec
learning rate = 0.0001000
(epoch: 345, iters: 1280, time: 0.001) pos_err: 14.355 ori_err: 76.332 reproj_err: 6824.564 
End of epoch 345 / 4000 	 Time Taken: 10 sec
learning rate = 0.0001000
End of epoch 346 / 4000 	 Time Taken: 9 sec
learning rate = 0.0001000
(epoch: 347, iters: 320, time: 0.002) pos_err: 17.211 ori_err: 60.620 reproj_err: 3095.915 
End of epoch 347 / 4000 	 Time Taken: 10 sec
learning rate = 0.0001000
(epoch: 348, iters: 640, time: 0.002) pos_err: 15.901 ori_err: 65.193 reproj_err: 1889.463 
End of epoch 348 / 4000 	 Time Taken: 10 sec
learning rate = 0.0001000
(epoch: 349, iters: 960, time: 0.002) pos_err: 18.351 ori_err: 68.511 reproj_err: 6179.485 
End of epoch 349 / 4000 	 Time Taken: 10 sec
learning rate = 0.0001000
(epoch: 350, iters: 1280, time: 0.001) pos_err: 19.577 ori_err: 42.131 reproj_err: 14242.044 
saving the model at the end of epoch 350, iters 448000
End of epoch 350 / 4000 	 Time Taken: 10 sec
learning rate = 0.0001000
End of epoch 351 / 4000 	 Time Taken: 10 sec
learning rate = 0.0001000
(epoch: 352, iters: 320, time: 0.003) pos_err: 15.738 ori_err: 69.506 reproj_err: 3986.100 
End of epoch 352 / 4000 	 Time Taken: 10 sec
learning rate = 0.0001000
(epoch: 353, iters: 640, time: 0.001) pos_err: 16.236 ori_err: 65.766 reproj_err: 3839.016 
End of epoch 353 / 4000 	 Time Taken: 9 sec
learning rate = 0.0001000
(epoch: 354, iters: 960, time: 0.002) pos_err: 16.434 ori_err: 64.112 reproj_err: 1580.638 
End of epoch 354 / 4000 	 Time Taken: 10 sec
learning rate = 0.0001000
(epoch: 355, iters: 1280, time: 0.001) pos_err: 17.865 ori_err: 66.840 reproj_err: 6321.785 
End of epoch 355 / 4000 	 Time Taken: 10 sec
learning rate = 0.0001000
End of epoch 356 / 4000 	 Time Taken: 9 sec
learning rate = 0.0001000
(epoch: 357, iters: 320, time: 0.002) pos_err: 16.088 ori_err: 68.372 reproj_err: 4382.149 
End of epoch 357 / 4000 	 Time Taken: 10 sec
learning rate = 0.0001000
(epoch: 358, iters: 640, time: 0.001) pos_err: 18.939 ori_err: 62.858 reproj_err: 4104.508 
End of epoch 358 / 4000 	 Time Taken: 10 sec
learning rate = 0.0001000
(epoch: 359, iters: 960, time: 0.002) pos_err: 14.973 ori_err: 65.862 reproj_err: 3391.811 
End of epoch 359 / 4000 	 Time Taken: 10 sec
learning rate = 0.0001000
(epoch: 360, iters: 1280, time: 0.002) pos_err: 11.780 ori_err: 40.428 reproj_err: 323.973 
saving the model at the end of epoch 360, iters 460800
End of epoch 360 / 4000 	 Time Taken: 11 sec
learning rate = 0.0001000
End of epoch 361 / 4000 	 Time Taken: 10 sec
learning rate = 0.0001000
(epoch: 362, iters: 320, time: 0.003) pos_err: 16.835 ori_err: 57.917 reproj_err: 3531.957 
End of epoch 362 / 4000 	 Time Taken: 10 sec
learning rate = 0.0001000
(epoch: 363, iters: 640, time: 0.001) pos_err: 16.022 ori_err: 65.880 reproj_err: 1875.773 
End of epoch 363 / 4000 	 Time Taken: 10 sec
learning rate = 0.0001000
(epoch: 364, iters: 960, time: 0.002) pos_err: 16.810 ori_err: 63.581 reproj_err: 3112.480 
End of epoch 364 / 4000 	 Time Taken: 10 sec
learning rate = 0.0001000
(epoch: 365, iters: 1280, time: 0.001) pos_err: 11.681 ori_err: 45.365 reproj_err: 284.901 
End of epoch 365 / 4000 	 Time Taken: 10 sec
learning rate = 0.0001000
End of epoch 366 / 4000 	 Time Taken: 9 sec
learning rate = 0.0001000
(epoch: 367, iters: 320, time: 0.002) pos_err: 15.919 ori_err: 64.302 reproj_err: 882.242 
End of epoch 367 / 4000 	 Time Taken: 11 sec
learning rate = 0.0001000
(epoch: 368, iters: 640, time: 0.002) pos_err: 16.009 ori_err: 60.932 reproj_err: 2809.499 
End of epoch 368 / 4000 	 Time Taken: 9 sec
learning rate = 0.0001000
(epoch: 369, iters: 960, time: 0.002) pos_err: 17.751 ori_err: 63.169 reproj_err: 2925.442 
End of epoch 369 / 4000 	 Time Taken: 10 sec
learning rate = 0.0001000
(epoch: 370, iters: 1280, time: 0.001) pos_err: 11.753 ori_err: 48.543 reproj_err: 371.581 
saving the model at the end of epoch 370, iters 473600
End of epoch 370 / 4000 	 Time Taken: 11 sec
learning rate = 0.0001000
End of epoch 371 / 4000 	 Time Taken: 9 sec
learning rate = 0.0001000
(epoch: 372, iters: 320, time: 0.002) pos_err: 14.144 ori_err: 72.269 reproj_err: 1064.167 
End of epoch 372 / 4000 	 Time Taken: 11 sec
learning rate = 0.0001000
(epoch: 373, iters: 640, time: 0.002) pos_err: 15.616 ori_err: 65.335 reproj_err: 1382.336 
End of epoch 373 / 4000 	 Time Taken: 10 sec
learning rate = 0.0001000
(epoch: 374, iters: 960, time: 0.002) pos_err: 16.681 ori_err: 66.724 reproj_err: 2032.985 
End of epoch 374 / 4000 	 Time Taken: 11 sec
learning rate = 0.0001000
(epoch: 375, iters: 1280, time: 0.001) pos_err: 21.607 ori_err: 91.065 reproj_err: 9523.000 
End of epoch 375 / 4000 	 Time Taken: 10 sec
learning rate = 0.0001000
End of epoch 376 / 4000 	 Time Taken: 10 sec
learning rate = 0.0001000
(epoch: 377, iters: 320, time: 0.002) pos_err: 16.473 ori_err: 59.114 reproj_err: 2176.404 
End of epoch 377 / 4000 	 Time Taken: 10 sec
learning rate = 0.0001000
(epoch: 378, iters: 640, time: 0.002) pos_err: 15.315 ori_err: 63.270 reproj_err: 3704.076 
End of epoch 378 / 4000 	 Time Taken: 10 sec
learning rate = 0.0001000
(epoch: 379, iters: 960, time: 0.002) pos_err: 16.412 ori_err: 65.691 reproj_err: 2548.101 
End of epoch 379 / 4000 	 Time Taken: 11 sec
learning rate = 0.0001000
(epoch: 380, iters: 1280, time: 0.001) pos_err: 12.460 ori_err: 72.310 reproj_err: 719.490 
saving the model at the end of epoch 380, iters 486400
End of epoch 380 / 4000 	 Time Taken: 11 sec
learning rate = 0.0001000
End of epoch 381 / 4000 	 Time Taken: 10 sec
learning rate = 0.0001000
(epoch: 382, iters: 320, time: 0.002) pos_err: 17.574 ori_err: 64.418 reproj_err: 3462.282 
End of epoch 382 / 4000 	 Time Taken: 10 sec
learning rate = 0.0001000
(epoch: 383, iters: 640, time: 0.002) pos_err: 14.244 ori_err: 59.744 reproj_err: 1760.202 
End of epoch 383 / 4000 	 Time Taken: 10 sec
learning rate = 0.0001000
(epoch: 384, iters: 960, time: 0.002) pos_err: 15.145 ori_err: 62.952 reproj_err: 1760.027 
End of epoch 384 / 4000 	 Time Taken: 10 sec
learning rate = 0.0001000
(epoch: 385, iters: 1280, time: 0.001) pos_err: 16.507 ori_err: 69.222 reproj_err: 3418.118 
End of epoch 385 / 4000 	 Time Taken: 10 sec
learning rate = 0.0001000
End of epoch 386 / 4000 	 Time Taken: 10 sec
learning rate = 0.0001000
(epoch: 387, iters: 320, time: 0.003) pos_err: 17.077 ori_err: 67.435 reproj_err: 4210.493 
End of epoch 387 / 4000 	 Time Taken: 10 sec
learning rate = 0.0001000
(epoch: 388, iters: 640, time: 0.002) pos_err: 16.549 ori_err: 62.665 reproj_err: 2827.540 
End of epoch 388 / 4000 	 Time Taken: 10 sec
learning rate = 0.0001000
(epoch: 389, iters: 960, time: 0.002) pos_err: 17.207 ori_err: 61.186 reproj_err: 2891.151 
End of epoch 389 / 4000 	 Time Taken: 10 sec
learning rate = 0.0001000
(epoch: 390, iters: 1280, time: 0.001) pos_err: 12.841 ori_err: 37.969 reproj_err: 2990.128 
saving the model at the end of epoch 390, iters 499200
End of epoch 390 / 4000 	 Time Taken: 11 sec
learning rate = 0.0001000
End of epoch 391 / 4000 	 Time Taken: 11 sec
learning rate = 0.0001000
(epoch: 392, iters: 320, time: 0.002) pos_err: 15.223 ori_err: 59.667 reproj_err: 3142.297 
End of epoch 392 / 4000 	 Time Taken: 10 sec
learning rate = 0.0001000
(epoch: 393, iters: 640, time: 0.001) pos_err: 18.439 ori_err: 58.967 reproj_err: 4739.554 
End of epoch 393 / 4000 	 Time Taken: 10 sec
learning rate = 0.0001000
(epoch: 394, iters: 960, time: 0.002) pos_err: 17.471 ori_err: 61.686 reproj_err: 3200.113 
End of epoch 394 / 4000 	 Time Taken: 11 sec
learning rate = 0.0001000
(epoch: 395, iters: 1280, time: 0.001) pos_err: 10.976 ori_err: 55.834 reproj_err: 1595.350 
End of epoch 395 / 4000 	 Time Taken: 10 sec
learning rate = 0.0001000
End of epoch 396 / 4000 	 Time Taken: 10 sec
learning rate = 0.0001000
(epoch: 397, iters: 320, time: 0.003) pos_err: 17.792 ori_err: 64.546 reproj_err: 1363.710 
End of epoch 397 / 4000 	 Time Taken: 9 sec
learning rate = 0.0001000
(epoch: 398, iters: 640, time: 0.001) pos_err: 15.397 ori_err: 61.482 reproj_err: 1043.388 
End of epoch 398 / 4000 	 Time Taken: 11 sec
learning rate = 0.0001000
(epoch: 399, iters: 960, time: 0.002) pos_err: 14.928 ori_err: 63.252 reproj_err: 2115.398 
End of epoch 399 / 4000 	 Time Taken: 10 sec
learning rate = 0.0001000
(epoch: 400, iters: 1280, time: 0.001) pos_err: 15.125 ori_err: 37.011 reproj_err: 341.707 
saving the model at the end of epoch 400, iters 512000
End of epoch 400 / 4000 	 Time Taken: 11 sec
learning rate = 0.0001000
End of epoch 401 / 4000 	 Time Taken: 10 sec
learning rate = 0.0001000
(epoch: 402, iters: 320, time: 0.002) pos_err: 15.759 ori_err: 65.988 reproj_err: 1939.132 
End of epoch 402 / 4000 	 Time Taken: 10 sec
learning rate = 0.0001000
(epoch: 403, iters: 640, time: 0.002) pos_err: 16.275 ori_err: 60.417 reproj_err: 2674.990 
End of epoch 403 / 4000 	 Time Taken: 11 sec
learning rate = 0.0001000
(epoch: 404, iters: 960, time: 0.002) pos_err: 16.433 ori_err: 61.574 reproj_err: 2552.523 
End of epoch 404 / 4000 	 Time Taken: 11 sec
learning rate = 0.0001000
(epoch: 405, iters: 1280, time: 0.001) pos_err: 19.019 ori_err: 47.299 reproj_err: 336.555 
End of epoch 405 / 4000 	 Time Taken: 10 sec
learning rate = 0.0001000
End of epoch 406 / 4000 	 Time Taken: 11 sec
learning rate = 0.0001000
(epoch: 407, iters: 320, time: 0.003) pos_err: 15.706 ori_err: 64.893 reproj_err: 2350.471 
End of epoch 407 / 4000 	 Time Taken: 9 sec
learning rate = 0.0001000
(epoch: 408, iters: 640, time: 0.002) pos_err: 14.064 ori_err: 63.480 reproj_err: 1434.866 
End of epoch 408 / 4000 	 Time Taken: 9 sec
learning rate = 0.0001000
(epoch: 409, iters: 960, time: 0.002) pos_err: 15.389 ori_err: 59.504 reproj_err: 3393.377 
End of epoch 409 / 4000 	 Time Taken: 10 sec
learning rate = 0.0001000
(epoch: 410, iters: 1280, time: 0.001) pos_err: 20.409 ori_err: 75.162 reproj_err: 7901.170 
saving the model at the end of epoch 410, iters 524800
End of epoch 410 / 4000 	 Time Taken: 10 sec
learning rate = 0.0001000
End of epoch 411 / 4000 	 Time Taken: 10 sec
learning rate = 0.0001000
(epoch: 412, iters: 320, time: 0.002) pos_err: 17.652 ori_err: 61.494 reproj_err: 2161.022 
End of epoch 412 / 4000 	 Time Taken: 10 sec
learning rate = 0.0001000
(epoch: 413, iters: 640, time: 0.001) pos_err: 14.340 ori_err: 59.455 reproj_err: 1610.806 
End of epoch 413 / 4000 	 Time Taken: 10 sec
learning rate = 0.0001000
(epoch: 414, iters: 960, time: 0.002) pos_err: 16.281 ori_err: 67.146 reproj_err: 3014.939 
End of epoch 414 / 4000 	 Time Taken: 9 sec
learning rate = 0.0001000
(epoch: 415, iters: 1280, time: 0.002) pos_err: 14.185 ori_err: 82.900 reproj_err: 901.043 
End of epoch 415 / 4000 	 Time Taken: 9 sec
learning rate = 0.0001000
End of epoch 416 / 4000 	 Time Taken: 9 sec
learning rate = 0.0001000
(epoch: 417, iters: 320, time: 0.002) pos_err: 15.888 ori_err: 64.844 reproj_err: 3050.173 
End of epoch 417 / 4000 	 Time Taken: 10 sec
learning rate = 0.0001000
(epoch: 418, iters: 640, time: 0.002) pos_err: 15.433 ori_err: 60.267 reproj_err: 2560.923 
End of epoch 418 / 4000 	 Time Taken: 9 sec
learning rate = 0.0001000
(epoch: 419, iters: 960, time: 0.002) pos_err: 15.048 ori_err: 56.794 reproj_err: 3001.343 
End of epoch 419 / 4000 	 Time Taken: 9 sec
learning rate = 0.0001000
(epoch: 420, iters: 1280, time: 0.001) pos_err: 15.965 ori_err: 49.076 reproj_err: 2985.759 
saving the model at the end of epoch 420, iters 537600
End of epoch 420 / 4000 	 Time Taken: 11 sec
learning rate = 0.0001000
End of epoch 421 / 4000 	 Time Taken: 11 sec
learning rate = 0.0001000
(epoch: 422, iters: 320, time: 0.001) pos_err: 17.042 ori_err: 66.559 reproj_err: 2174.987 
End of epoch 422 / 4000 	 Time Taken: 10 sec
learning rate = 0.0001000
(epoch: 423, iters: 640, time: 0.002) pos_err: 13.724 ori_err: 65.647 reproj_err: 2230.536 
End of epoch 423 / 4000 	 Time Taken: 9 sec
learning rate = 0.0001000
(epoch: 424, iters: 960, time: 0.002) pos_err: 15.911 ori_err: 56.154 reproj_err: 1606.934 
End of epoch 424 / 4000 	 Time Taken: 10 sec
learning rate = 0.0001000
(epoch: 425, iters: 1280, time: 0.002) pos_err: 17.168 ori_err: 55.685 reproj_err: 3371.941 
End of epoch 425 / 4000 	 Time Taken: 10 sec
learning rate = 0.0001000
End of epoch 426 / 4000 	 Time Taken: 10 sec
learning rate = 0.0001000
(epoch: 427, iters: 320, time: 0.002) pos_err: 15.105 ori_err: 58.289 reproj_err: 2042.698 
End of epoch 427 / 4000 	 Time Taken: 9 sec
learning rate = 0.0001000
(epoch: 428, iters: 640, time: 0.002) pos_err: 15.636 ori_err: 59.236 reproj_err: 1944.352 
End of epoch 428 / 4000 	 Time Taken: 11 sec
learning rate = 0.0001000
(epoch: 429, iters: 960, time: 0.002) pos_err: 15.884 ori_err: 60.540 reproj_err: 3467.729 
End of epoch 429 / 4000 	 Time Taken: 10 sec
learning rate = 0.0001000
(epoch: 430, iters: 1280, time: 0.001) pos_err: 20.290 ori_err: 55.186 reproj_err: 1016.096 
saving the model at the end of epoch 430, iters 550400
End of epoch 430 / 4000 	 Time Taken: 11 sec
learning rate = 0.0001000
End of epoch 431 / 4000 	 Time Taken: 10 sec
learning rate = 0.0001000
(epoch: 432, iters: 320, time: 0.003) pos_err: 16.184 ori_err: 62.022 reproj_err: 1999.894 
End of epoch 432 / 4000 	 Time Taken: 10 sec
learning rate = 0.0001000
(epoch: 433, iters: 640, time: 0.002) pos_err: 16.635 ori_err: 60.202 reproj_err: 2618.464 
End of epoch 433 / 4000 	 Time Taken: 10 sec
learning rate = 0.0001000
(epoch: 434, iters: 960, time: 0.002) pos_err: 17.886 ori_err: 58.874 reproj_err: 3275.758 
End of epoch 434 / 4000 	 Time Taken: 11 sec
learning rate = 0.0001000
(epoch: 435, iters: 1280, time: 0.002) pos_err: 13.905 ori_err: 53.410 reproj_err: 271.927 
End of epoch 435 / 4000 	 Time Taken: 10 sec
learning rate = 0.0001000
End of epoch 436 / 4000 	 Time Taken: 9 sec
learning rate = 0.0001000
(epoch: 437, iters: 320, time: 0.003) pos_err: 15.403 ori_err: 61.789 reproj_err: 3411.279 
End of epoch 437 / 4000 	 Time Taken: 10 sec
learning rate = 0.0001000
(epoch: 438, iters: 640, time: 0.001) pos_err: 16.792 ori_err: 61.906 reproj_err: 2106.943 
End of epoch 438 / 4000 	 Time Taken: 11 sec
learning rate = 0.0001000
(epoch: 439, iters: 960, time: 0.002) pos_err: 17.804 ori_err: 58.416 reproj_err: 3823.894 
End of epoch 439 / 4000 	 Time Taken: 10 sec
learning rate = 0.0001000
(epoch: 440, iters: 1280, time: 0.002) pos_err: 23.945 ori_err: 62.336 reproj_err: 12583.191 
saving the model at the end of epoch 440, iters 563200
End of epoch 440 / 4000 	 Time Taken: 10 sec
learning rate = 0.0001000
End of epoch 441 / 4000 	 Time Taken: 10 sec
learning rate = 0.0001000
(epoch: 442, iters: 320, time: 0.003) pos_err: 15.180 ori_err: 64.309 reproj_err: 2521.393 
End of epoch 442 / 4000 	 Time Taken: 9 sec
learning rate = 0.0001000
(epoch: 443, iters: 640, time: 0.002) pos_err: 17.881 ori_err: 59.916 reproj_err: 4354.327 
End of epoch 443 / 4000 	 Time Taken: 11 sec
learning rate = 0.0001000
(epoch: 444, iters: 960, time: 0.002) pos_err: 15.681 ori_err: 61.489 reproj_err: 2087.702 
End of epoch 444 / 4000 	 Time Taken: 10 sec
learning rate = 0.0001000
(epoch: 445, iters: 1280, time: 0.001) pos_err: 10.190 ori_err: 82.968 reproj_err: 208.374 
End of epoch 445 / 4000 	 Time Taken: 10 sec
learning rate = 0.0001000
End of epoch 446 / 4000 	 Time Taken: 11 sec
learning rate = 0.0001000
(epoch: 447, iters: 320, time: 0.002) pos_err: 16.137 ori_err: 66.280 reproj_err: 3609.520 
End of epoch 447 / 4000 	 Time Taken: 10 sec
learning rate = 0.0001000
(epoch: 448, iters: 640, time: 0.001) pos_err: 17.160 ori_err: 66.233 reproj_err: 4533.759 
End of epoch 448 / 4000 	 Time Taken: 10 sec
learning rate = 0.0001000
(epoch: 449, iters: 960, time: 0.002) pos_err: 16.386 ori_err: 67.316 reproj_err: 1782.966 
End of epoch 449 / 4000 	 Time Taken: 10 sec
learning rate = 0.0001000
(epoch: 450, iters: 1280, time: 0.001) pos_err: 13.318 ori_err: 51.364 reproj_err: 2739.459 
saving the model at the end of epoch 450, iters 576000
End of epoch 450 / 4000 	 Time Taken: 10 sec
learning rate = 0.0001000
End of epoch 451 / 4000 	 Time Taken: 11 sec
learning rate = 0.0001000
(epoch: 452, iters: 320, time: 0.003) pos_err: 17.471 ori_err: 60.423 reproj_err: 2516.448 
End of epoch 452 / 4000 	 Time Taken: 9 sec
learning rate = 0.0001000
(epoch: 453, iters: 640, time: 0.001) pos_err: 16.264 ori_err: 58.318 reproj_err: 2762.106 
End of epoch 453 / 4000 	 Time Taken: 10 sec
learning rate = 0.0001000
(epoch: 454, iters: 960, time: 0.002) pos_err: 15.279 ori_err: 56.954 reproj_err: 1332.460 
End of epoch 454 / 4000 	 Time Taken: 10 sec
learning rate = 0.0001000
(epoch: 455, iters: 1280, time: 0.001) pos_err: 15.121 ori_err: 57.329 reproj_err: 414.265 
End of epoch 455 / 4000 	 Time Taken: 10 sec
learning rate = 0.0001000
End of epoch 456 / 4000 	 Time Taken: 10 sec
learning rate = 0.0001000
(epoch: 457, iters: 320, time: 0.002) pos_err: 16.555 ori_err: 56.211 reproj_err: 1808.890 
End of epoch 457 / 4000 	 Time Taken: 10 sec
learning rate = 0.0001000
(epoch: 458, iters: 640, time: 0.002) pos_err: 13.699 ori_err: 54.625 reproj_err: 2080.460 
End of epoch 458 / 4000 	 Time Taken: 9 sec
learning rate = 0.0001000
(epoch: 459, iters: 960, time: 0.002) pos_err: 16.424 ori_err: 62.558 reproj_err: 3367.568 
End of epoch 459 / 4000 	 Time Taken: 9 sec
learning rate = 0.0001000
(epoch: 460, iters: 1280, time: 0.001) pos_err: 18.999 ori_err: 39.881 reproj_err: 1402.278 
saving the model at the end of epoch 460, iters 588800
End of epoch 460 / 4000 	 Time Taken: 10 sec
learning rate = 0.0001000
End of epoch 461 / 4000 	 Time Taken: 10 sec
learning rate = 0.0001000
(epoch: 462, iters: 320, time: 0.003) pos_err: 16.408 ori_err: 58.678 reproj_err: 2773.313 
End of epoch 462 / 4000 	 Time Taken: 10 sec
learning rate = 0.0001000
(epoch: 463, iters: 640, time: 0.001) pos_err: 15.122 ori_err: 59.743 reproj_err: 1760.880 
End of epoch 463 / 4000 	 Time Taken: 10 sec
learning rate = 0.0001000
(epoch: 464, iters: 960, time: 0.002) pos_err: 15.421 ori_err: 58.038 reproj_err: 3156.440 
End of epoch 464 / 4000 	 Time Taken: 11 sec
learning rate = 0.0001000
(epoch: 465, iters: 1280, time: 0.001) pos_err: 13.945 ori_err: 71.270 reproj_err: 7418.822 
End of epoch 465 / 4000 	 Time Taken: 11 sec
learning rate = 0.0001000
End of epoch 466 / 4000 	 Time Taken: 12 sec
learning rate = 0.0001000
(epoch: 467, iters: 320, time: 0.002) pos_err: 15.387 ori_err: 59.651 reproj_err: 1216.002 
End of epoch 467 / 4000 	 Time Taken: 10 sec
learning rate = 0.0001000
(epoch: 468, iters: 640, time: 0.002) pos_err: 17.593 ori_err: 55.551 reproj_err: 2158.957 
End of epoch 468 / 4000 	 Time Taken: 10 sec
learning rate = 0.0001000
(epoch: 469, iters: 960, time: 0.002) pos_err: 16.705 ori_err: 57.948 reproj_err: 4656.348 
End of epoch 469 / 4000 	 Time Taken: 10 sec
learning rate = 0.0001000
(epoch: 470, iters: 1280, time: 0.001) pos_err: 19.614 ori_err: 58.507 reproj_err: 209.553 
saving the model at the end of epoch 470, iters 601600
End of epoch 470 / 4000 	 Time Taken: 10 sec
learning rate = 0.0001000
End of epoch 471 / 4000 	 Time Taken: 10 sec
learning rate = 0.0001000
(epoch: 472, iters: 320, time: 0.003) pos_err: 16.348 ori_err: 66.786 reproj_err: 1149.240 
End of epoch 472 / 4000 	 Time Taken: 10 sec
learning rate = 0.0001000
(epoch: 473, iters: 640, time: 0.001) pos_err: 17.282 ori_err: 62.011 reproj_err: 2322.679 
End of epoch 473 / 4000 	 Time Taken: 11 sec
learning rate = 0.0001000
(epoch: 474, iters: 960, time: 0.002) pos_err: 16.138 ori_err: 60.318 reproj_err: 1348.097 
End of epoch 474 / 4000 	 Time Taken: 10 sec
learning rate = 0.0001000
(epoch: 475, iters: 1280, time: 0.001) pos_err: 11.385 ori_err: 51.622 reproj_err: 1358.807 
End of epoch 475 / 4000 	 Time Taken: 9 sec
learning rate = 0.0001000
End of epoch 476 / 4000 	 Time Taken: 10 sec
learning rate = 0.0001000
(epoch: 477, iters: 320, time: 0.002) pos_err: 15.941 ori_err: 60.699 reproj_err: 2943.146 
End of epoch 477 / 4000 	 Time Taken: 10 sec
learning rate = 0.0001000
(epoch: 478, iters: 640, time: 0.002) pos_err: 15.480 ori_err: 57.946 reproj_err: 2346.504 
End of epoch 478 / 4000 	 Time Taken: 11 sec
learning rate = 0.0001000
(epoch: 479, iters: 960, time: 0.002) pos_err: 14.311 ori_err: 63.116 reproj_err: 1980.162 
End of epoch 479 / 4000 	 Time Taken: 11 sec
learning rate = 0.0001000
(epoch: 480, iters: 1280, time: 0.001) pos_err: 17.140 ori_err: 61.347 reproj_err: 3024.301 
saving the model at the end of epoch 480, iters 614400
End of epoch 480 / 4000 	 Time Taken: 10 sec
learning rate = 0.0001000
End of epoch 481 / 4000 	 Time Taken: 10 sec
learning rate = 0.0001000
(epoch: 482, iters: 320, time: 0.002) pos_err: 15.993 ori_err: 64.280 reproj_err: 3456.617 
End of epoch 482 / 4000 	 Time Taken: 10 sec
learning rate = 0.0001000
(epoch: 483, iters: 640, time: 0.002) pos_err: 16.597 ori_err: 60.875 reproj_err: 3908.173 
End of epoch 483 / 4000 	 Time Taken: 10 sec
learning rate = 0.0001000
(epoch: 484, iters: 960, time: 0.002) pos_err: 15.334 ori_err: 59.304 reproj_err: 1175.031 
End of epoch 484 / 4000 	 Time Taken: 10 sec
learning rate = 0.0001000
(epoch: 485, iters: 1280, time: 0.001) pos_err: 20.377 ori_err: 57.657 reproj_err: 1484.567 
End of epoch 485 / 4000 	 Time Taken: 9 sec
learning rate = 0.0001000
End of epoch 486 / 4000 	 Time Taken: 10 sec
learning rate = 0.0001000
(epoch: 487, iters: 320, time: 0.002) pos_err: 17.478 ori_err: 61.256 reproj_err: 3702.406 
End of epoch 487 / 4000 	 Time Taken: 11 sec
learning rate = 0.0001000
(epoch: 488, iters: 640, time: 0.002) pos_err: 14.398 ori_err: 57.473 reproj_err: 2012.885 
End of epoch 488 / 4000 	 Time Taken: 11 sec
learning rate = 0.0001000
(epoch: 489, iters: 960, time: 0.002) pos_err: 17.446 ori_err: 56.366 reproj_err: 3430.847 
End of epoch 489 / 4000 	 Time Taken: 10 sec
learning rate = 0.0001000
(epoch: 490, iters: 1280, time: 0.001) pos_err: 19.903 ori_err: 57.072 reproj_err: 2095.422 
saving the model at the end of epoch 490, iters 627200
End of epoch 490 / 4000 	 Time Taken: 10 sec
learning rate = 0.0001000
End of epoch 491 / 4000 	 Time Taken: 9 sec
learning rate = 0.0001000
(epoch: 492, iters: 320, time: 0.002) pos_err: 15.666 ori_err: 61.346 reproj_err: 3649.489 
End of epoch 492 / 4000 	 Time Taken: 10 sec
learning rate = 0.0001000
(epoch: 493, iters: 640, time: 0.002) pos_err: 16.246 ori_err: 59.571 reproj_err: 3056.781 
End of epoch 493 / 4000 	 Time Taken: 9 sec
learning rate = 0.0001000
(epoch: 494, iters: 960, time: 0.002) pos_err: 18.389 ori_err: 62.547 reproj_err: 2354.614 
End of epoch 494 / 4000 	 Time Taken: 9 sec
learning rate = 0.0001000
(epoch: 495, iters: 1280, time: 0.001) pos_err: 12.298 ori_err: 55.528 reproj_err: 567.877 
End of epoch 495 / 4000 	 Time Taken: 10 sec
learning rate = 0.0001000
End of epoch 496 / 4000 	 Time Taken: 10 sec
learning rate = 0.0001000
(epoch: 497, iters: 320, time: 0.002) pos_err: 15.796 ori_err: 62.337 reproj_err: 2287.992 
End of epoch 497 / 4000 	 Time Taken: 10 sec
learning rate = 0.0001000
(epoch: 498, iters: 640, time: 0.003) pos_err: 14.673 ori_err: 61.517 reproj_err: 2847.780 
End of epoch 498 / 4000 	 Time Taken: 10 sec
learning rate = 0.0001000
(epoch: 499, iters: 960, time: 0.002) pos_err: 14.210 ori_err: 67.200 reproj_err: 2148.806 
End of epoch 499 / 4000 	 Time Taken: 11 sec
learning rate = 0.0001000
(epoch: 500, iters: 1280, time: 0.002) pos_err: 11.911 ori_err: 73.406 reproj_err: 261.137 
saving the model at the end of epoch 500, iters 640000
End of epoch 500 / 4000 	 Time Taken: 10 sec
learning rate = 0.0001000
End of epoch 501 / 4000 	 Time Taken: 11 sec
learning rate = 0.0001000
(epoch: 502, iters: 320, time: 0.003) pos_err: 14.736 ori_err: 59.552 reproj_err: 2859.097 
End of epoch 502 / 4000 	 Time Taken: 10 sec
learning rate = 0.0001000
(epoch: 503, iters: 640, time: 0.002) pos_err: 16.532 ori_err: 68.022 reproj_err: 2072.851 
End of epoch 503 / 4000 	 Time Taken: 10 sec
learning rate = 0.0001000
(epoch: 504, iters: 960, time: 0.002) pos_err: 14.655 ori_err: 60.883 reproj_err: 1977.033 
End of epoch 504 / 4000 	 Time Taken: 10 sec
learning rate = 0.0001000
(epoch: 505, iters: 1280, time: 0.001) pos_err: 10.765 ori_err: 46.621 reproj_err: 143.397 
End of epoch 505 / 4000 	 Time Taken: 11 sec
learning rate = 0.0001000
End of epoch 506 / 4000 	 Time Taken: 10 sec
learning rate = 0.0001000
(epoch: 507, iters: 320, time: 0.002) pos_err: 15.669 ori_err: 58.440 reproj_err: 1318.309 
End of epoch 507 / 4000 	 Time Taken: 10 sec
learning rate = 0.0001000
(epoch: 508, iters: 640, time: 0.002) pos_err: 14.305 ori_err: 58.045 reproj_err: 766.239 
End of epoch 508 / 4000 	 Time Taken: 10 sec
learning rate = 0.0001000
(epoch: 509, iters: 960, time: 0.002) pos_err: 15.871 ori_err: 58.727 reproj_err: 2938.298 
End of epoch 509 / 4000 	 Time Taken: 10 sec
learning rate = 0.0001000
(epoch: 510, iters: 1280, time: 0.001) pos_err: 20.776 ori_err: 55.102 reproj_err: 811.319 
saving the model at the end of epoch 510, iters 652800
End of epoch 510 / 4000 	 Time Taken: 11 sec
learning rate = 0.0001000
End of epoch 511 / 4000 	 Time Taken: 10 sec
learning rate = 0.0001000
(epoch: 512, iters: 320, time: 0.002) pos_err: 17.660 ori_err: 61.619 reproj_err: 3407.778 
End of epoch 512 / 4000 	 Time Taken: 11 sec
learning rate = 0.0001000
(epoch: 513, iters: 640, time: 0.001) pos_err: 16.877 ori_err: 56.244 reproj_err: 3045.756 
End of epoch 513 / 4000 	 Time Taken: 11 sec
learning rate = 0.0001000
(epoch: 514, iters: 960, time: 0.002) pos_err: 15.627 ori_err: 55.058 reproj_err: 1653.377 
End of epoch 514 / 4000 	 Time Taken: 10 sec
learning rate = 0.0001000
(epoch: 515, iters: 1280, time: 0.002) pos_err: 12.010 ori_err: 54.885 reproj_err: 258.827 
End of epoch 515 / 4000 	 Time Taken: 10 sec
learning rate = 0.0001000
End of epoch 516 / 4000 	 Time Taken: 11 sec
learning rate = 0.0001000
(epoch: 517, iters: 320, time: 0.002) pos_err: 16.844 ori_err: 64.563 reproj_err: 2391.189 
End of epoch 517 / 4000 	 Time Taken: 9 sec
learning rate = 0.0001000
(epoch: 518, iters: 640, time: 0.001) pos_err: 15.414 ori_err: 60.125 reproj_err: 1733.257 
End of epoch 518 / 4000 	 Time Taken: 10 sec
learning rate = 0.0001000
(epoch: 519, iters: 960, time: 0.002) pos_err: 13.877 ori_err: 58.032 reproj_err: 940.273 
End of epoch 519 / 4000 	 Time Taken: 10 sec
learning rate = 0.0001000
(epoch: 520, iters: 1280, time: 0.001) pos_err: 19.909 ori_err: 77.972 reproj_err: 339.438 
saving the model at the end of epoch 520, iters 665600
End of epoch 520 / 4000 	 Time Taken: 10 sec
learning rate = 0.0001000
End of epoch 521 / 4000 	 Time Taken: 10 sec
learning rate = 0.0001000
(epoch: 522, iters: 320, time: 0.002) pos_err: 17.064 ori_err: 54.428 reproj_err: 2794.790 
End of epoch 522 / 4000 	 Time Taken: 10 sec
learning rate = 0.0001000
(epoch: 523, iters: 640, time: 0.001) pos_err: 14.705 ori_err: 64.698 reproj_err: 2460.720 
End of epoch 523 / 4000 	 Time Taken: 10 sec
learning rate = 0.0001000
(epoch: 524, iters: 960, time: 0.002) pos_err: 17.929 ori_err: 65.962 reproj_err: 4440.305 
End of epoch 524 / 4000 	 Time Taken: 10 sec
learning rate = 0.0001000
(epoch: 525, iters: 1280, time: 0.001) pos_err: 16.581 ori_err: 59.783 reproj_err: 1116.684 
End of epoch 525 / 4000 	 Time Taken: 10 sec
learning rate = 0.0001000
End of epoch 526 / 4000 	 Time Taken: 10 sec
learning rate = 0.0001000
(epoch: 527, iters: 320, time: 0.002) pos_err: 14.288 ori_err: 64.664 reproj_err: 2756.284 
End of epoch 527 / 4000 	 Time Taken: 10 sec
learning rate = 0.0001000
(epoch: 528, iters: 640, time: 0.002) pos_err: 14.296 ori_err: 63.863 reproj_err: 1128.544 
End of epoch 528 / 4000 	 Time Taken: 9 sec
learning rate = 0.0001000
(epoch: 529, iters: 960, time: 0.002) pos_err: 15.282 ori_err: 61.076 reproj_err: 2538.521 
End of epoch 529 / 4000 	 Time Taken: 11 sec
learning rate = 0.0001000
(epoch: 530, iters: 1280, time: 0.002) pos_err: 11.789 ori_err: 50.034 reproj_err: 163.124 
saving the model at the end of epoch 530, iters 678400
End of epoch 530 / 4000 	 Time Taken: 11 sec
learning rate = 0.0001000
End of epoch 531 / 4000 	 Time Taken: 11 sec
learning rate = 0.0001000
(epoch: 532, iters: 320, time: 0.002) pos_err: 14.564 ori_err: 54.698 reproj_err: 3441.131 
End of epoch 532 / 4000 	 Time Taken: 10 sec
learning rate = 0.0001000
(epoch: 533, iters: 640, time: 0.002) pos_err: 14.602 ori_err: 62.533 reproj_err: 1826.130 
End of epoch 533 / 4000 	 Time Taken: 10 sec
learning rate = 0.0001000
(epoch: 534, iters: 960, time: 0.002) pos_err: 14.728 ori_err: 57.187 reproj_err: 1297.681 
End of epoch 534 / 4000 	 Time Taken: 10 sec
learning rate = 0.0001000
(epoch: 535, iters: 1280, time: 0.001) pos_err: 21.897 ori_err: 60.117 reproj_err: 532.792 
End of epoch 535 / 4000 	 Time Taken: 10 sec
learning rate = 0.0001000
End of epoch 536 / 4000 	 Time Taken: 10 sec
learning rate = 0.0001000
(epoch: 537, iters: 320, time: 0.001) pos_err: 14.941 ori_err: 56.989 reproj_err: 2252.165 
End of epoch 537 / 4000 	 Time Taken: 10 sec
learning rate = 0.0001000
(epoch: 538, iters: 640, time: 0.002) pos_err: 16.634 ori_err: 58.845 reproj_err: 3103.452 
End of epoch 538 / 4000 	 Time Taken: 10 sec
learning rate = 0.0001000
(epoch: 539, iters: 960, time: 0.002) pos_err: 15.283 ori_err: 58.965 reproj_err: 657.263 
End of epoch 539 / 4000 	 Time Taken: 11 sec
learning rate = 0.0001000
(epoch: 540, iters: 1280, time: 0.001) pos_err: 19.710 ori_err: 35.017 reproj_err: 2855.015 
saving the model at the end of epoch 540, iters 691200
End of epoch 540 / 4000 	 Time Taken: 10 sec
learning rate = 0.0001000
End of epoch 541 / 4000 	 Time Taken: 10 sec
learning rate = 0.0001000
(epoch: 542, iters: 320, time: 0.002) pos_err: 16.224 ori_err: 59.467 reproj_err: 1439.732 
End of epoch 542 / 4000 	 Time Taken: 9 sec
learning rate = 0.0001000
(epoch: 543, iters: 640, time: 0.001) pos_err: 15.105 ori_err: 58.610 reproj_err: 2560.953 
End of epoch 543 / 4000 	 Time Taken: 10 sec
learning rate = 0.0001000
(epoch: 544, iters: 960, time: 0.002) pos_err: 17.131 ori_err: 58.111 reproj_err: 4138.145 
End of epoch 544 / 4000 	 Time Taken: 11 sec
learning rate = 0.0001000
(epoch: 545, iters: 1280, time: 0.001) pos_err: 9.161 ori_err: 61.090 reproj_err: 214.894 
End of epoch 545 / 4000 	 Time Taken: 11 sec
learning rate = 0.0001000
End of epoch 546 / 4000 	 Time Taken: 11 sec
learning rate = 0.0001000
(epoch: 547, iters: 320, time: 0.002) pos_err: 16.256 ori_err: 55.055 reproj_err: 2603.682 
End of epoch 547 / 4000 	 Time Taken: 10 sec
learning rate = 0.0001000
(epoch: 548, iters: 640, time: 0.002) pos_err: 13.690 ori_err: 57.555 reproj_err: 2759.694 
End of epoch 548 / 4000 	 Time Taken: 10 sec
learning rate = 0.0001000
(epoch: 549, iters: 960, time: 0.002) pos_err: 14.091 ori_err: 59.964 reproj_err: 2145.171 
End of epoch 549 / 4000 	 Time Taken: 10 sec
learning rate = 0.0001000
(epoch: 550, iters: 1280, time: 0.001) pos_err: 11.484 ori_err: 61.204 reproj_err: 246.617 
saving the model at the end of epoch 550, iters 704000
End of epoch 550 / 4000 	 Time Taken: 10 sec
learning rate = 0.0001000
End of epoch 551 / 4000 	 Time Taken: 10 sec
learning rate = 0.0001000
(epoch: 552, iters: 320, time: 0.002) pos_err: 14.803 ori_err: 59.241 reproj_err: 1692.815 
End of epoch 552 / 4000 	 Time Taken: 9 sec
learning rate = 0.0001000
(epoch: 553, iters: 640, time: 0.001) pos_err: 15.571 ori_err: 61.007 reproj_err: 2385.345 
End of epoch 553 / 4000 	 Time Taken: 10 sec
learning rate = 0.0001000
(epoch: 554, iters: 960, time: 0.002) pos_err: 15.492 ori_err: 57.568 reproj_err: 3261.626 
End of epoch 554 / 4000 	 Time Taken: 10 sec
learning rate = 0.0001000
(epoch: 555, iters: 1280, time: 0.001) pos_err: 13.997 ori_err: 38.916 reproj_err: 2388.305 
End of epoch 555 / 4000 	 Time Taken: 10 sec
learning rate = 0.0001000
End of epoch 556 / 4000 	 Time Taken: 11 sec
learning rate = 0.0001000
(epoch: 557, iters: 320, time: 0.003) pos_err: 16.575 ori_err: 53.978 reproj_err: 3213.499 
End of epoch 557 / 4000 	 Time Taken: 10 sec
learning rate = 0.0001000
(epoch: 558, iters: 640, time: 0.002) pos_err: 14.358 ori_err: 53.268 reproj_err: 1917.308 
End of epoch 558 / 4000 	 Time Taken: 10 sec
learning rate = 0.0001000
(epoch: 559, iters: 960, time: 0.002) pos_err: 13.964 ori_err: 56.845 reproj_err: 1872.708 
End of epoch 559 / 4000 	 Time Taken: 10 sec
learning rate = 0.0001000
(epoch: 560, iters: 1280, time: 0.001) pos_err: 16.204 ori_err: 48.661 reproj_err: 1079.905 
saving the model at the end of epoch 560, iters 716800
End of epoch 560 / 4000 	 Time Taken: 10 sec
learning rate = 0.0001000
End of epoch 561 / 4000 	 Time Taken: 11 sec
learning rate = 0.0001000
(epoch: 562, iters: 320, time: 0.002) pos_err: 16.722 ori_err: 56.541 reproj_err: 2009.786 
End of epoch 562 / 4000 	 Time Taken: 9 sec
learning rate = 0.0001000
(epoch: 563, iters: 640, time: 0.002) pos_err: 15.023 ori_err: 67.137 reproj_err: 2843.327 
End of epoch 563 / 4000 	 Time Taken: 10 sec
learning rate = 0.0001000
(epoch: 564, iters: 960, time: 0.001) pos_err: 14.809 ori_err: 64.565 reproj_err: 2014.060 
End of epoch 564 / 4000 	 Time Taken: 10 sec
learning rate = 0.0001000
(epoch: 565, iters: 1280, time: 0.001) pos_err: 7.388 ori_err: 63.529 reproj_err: 198.307 
End of epoch 565 / 4000 	 Time Taken: 10 sec
learning rate = 0.0001000
End of epoch 566 / 4000 	 Time Taken: 10 sec
learning rate = 0.0001000
(epoch: 567, iters: 320, time: 0.002) pos_err: 15.131 ori_err: 58.187 reproj_err: 3770.074 
End of epoch 567 / 4000 	 Time Taken: 9 sec
learning rate = 0.0001000
(epoch: 568, iters: 640, time: 0.001) pos_err: 13.921 ori_err: 61.671 reproj_err: 1978.344 
End of epoch 568 / 4000 	 Time Taken: 10 sec
learning rate = 0.0001000
(epoch: 569, iters: 960, time: 0.002) pos_err: 15.132 ori_err: 53.019 reproj_err: 2869.480 
End of epoch 569 / 4000 	 Time Taken: 11 sec
learning rate = 0.0001000
(epoch: 570, iters: 1280, time: 0.001) pos_err: 12.284 ori_err: 62.214 reproj_err: 342.243 
saving the model at the end of epoch 570, iters 729600
End of epoch 570 / 4000 	 Time Taken: 11 sec
learning rate = 0.0001000
End of epoch 571 / 4000 	 Time Taken: 10 sec
learning rate = 0.0001000
(epoch: 572, iters: 320, time: 0.003) pos_err: 14.330 ori_err: 60.562 reproj_err: 1164.621 
End of epoch 572 / 4000 	 Time Taken: 10 sec
learning rate = 0.0001000
(epoch: 573, iters: 640, time: 0.001) pos_err: 15.320 ori_err: 55.245 reproj_err: 2478.922 
End of epoch 573 / 4000 	 Time Taken: 10 sec
learning rate = 0.0001000
(epoch: 574, iters: 960, time: 0.002) pos_err: 16.944 ori_err: 54.871 reproj_err: 2032.466 
End of epoch 574 / 4000 	 Time Taken: 10 sec
learning rate = 0.0001000
(epoch: 575, iters: 1280, time: 0.001) pos_err: 9.121 ori_err: 47.535 reproj_err: 137.964 
End of epoch 575 / 4000 	 Time Taken: 10 sec
learning rate = 0.0001000
End of epoch 576 / 4000 	 Time Taken: 10 sec
learning rate = 0.0001000
(epoch: 577, iters: 320, time: 0.002) pos_err: 15.101 ori_err: 57.851 reproj_err: 2064.086 
End of epoch 577 / 4000 	 Time Taken: 10 sec
learning rate = 0.0001000
(epoch: 578, iters: 640, time: 0.001) pos_err: 14.116 ori_err: 57.221 reproj_err: 1578.256 
End of epoch 578 / 4000 	 Time Taken: 10 sec
learning rate = 0.0001000
(epoch: 579, iters: 960, time: 0.002) pos_err: 15.536 ori_err: 53.692 reproj_err: 2327.617 
End of epoch 579 / 4000 	 Time Taken: 9 sec
learning rate = 0.0001000
(epoch: 580, iters: 1280, time: 0.001) pos_err: 13.654 ori_err: 52.327 reproj_err: 1681.830 
saving the model at the end of epoch 580, iters 742400
End of epoch 580 / 4000 	 Time Taken: 10 sec
learning rate = 0.0001000
End of epoch 581 / 4000 	 Time Taken: 10 sec
learning rate = 0.0001000
(epoch: 582, iters: 320, time: 0.002) pos_err: 15.868 ori_err: 54.070 reproj_err: 3064.783 
End of epoch 582 / 4000 	 Time Taken: 10 sec
learning rate = 0.0001000
(epoch: 583, iters: 640, time: 0.001) pos_err: 15.029 ori_err: 54.703 reproj_err: 1596.693 
End of epoch 583 / 4000 	 Time Taken: 9 sec
learning rate = 0.0001000
(epoch: 584, iters: 960, time: 0.002) pos_err: 16.118 ori_err: 59.419 reproj_err: 2610.013 
End of epoch 584 / 4000 	 Time Taken: 10 sec
learning rate = 0.0001000
(epoch: 585, iters: 1280, time: 0.001) pos_err: 14.206 ori_err: 68.416 reproj_err: 182.862 
End of epoch 585 / 4000 	 Time Taken: 10 sec
learning rate = 0.0001000
End of epoch 586 / 4000 	 Time Taken: 10 sec
learning rate = 0.0001000
(epoch: 587, iters: 320, time: 0.003) pos_err: 16.148 ori_err: 59.464 reproj_err: 2293.813 
End of epoch 587 / 4000 	 Time Taken: 11 sec
learning rate = 0.0001000
(epoch: 588, iters: 640, time: 0.001) pos_err: 15.105 ori_err: 60.432 reproj_err: 2454.845 
End of epoch 588 / 4000 	 Time Taken: 10 sec
learning rate = 0.0001000
(epoch: 589, iters: 960, time: 0.002) pos_err: 13.887 ori_err: 59.576 reproj_err: 2653.991 
End of epoch 589 / 4000 	 Time Taken: 10 sec
learning rate = 0.0001000
(epoch: 590, iters: 1280, time: 0.001) pos_err: 15.973 ori_err: 59.579 reproj_err: 4738.369 
saving the model at the end of epoch 590, iters 755200
End of epoch 590 / 4000 	 Time Taken: 10 sec
learning rate = 0.0001000
End of epoch 591 / 4000 	 Time Taken: 11 sec
learning rate = 0.0001000
(epoch: 592, iters: 320, time: 0.002) pos_err: 13.875 ori_err: 56.805 reproj_err: 1012.739 
End of epoch 592 / 4000 	 Time Taken: 10 sec
learning rate = 0.0001000
(epoch: 593, iters: 640, time: 0.002) pos_err: 15.983 ori_err: 54.766 reproj_err: 1959.339 
End of epoch 593 / 4000 	 Time Taken: 11 sec
learning rate = 0.0001000
(epoch: 594, iters: 960, time: 0.002) pos_err: 15.387 ori_err: 54.960 reproj_err: 3490.541 
End of epoch 594 / 4000 	 Time Taken: 11 sec
learning rate = 0.0001000
(epoch: 595, iters: 1280, time: 0.001) pos_err: 13.396 ori_err: 61.758 reproj_err: 400.188 
End of epoch 595 / 4000 	 Time Taken: 10 sec
learning rate = 0.0001000
End of epoch 596 / 4000 	 Time Taken: 9 sec
learning rate = 0.0001000
(epoch: 597, iters: 320, time: 0.003) pos_err: 13.633 ori_err: 59.531 reproj_err: 2365.520 
End of epoch 597 / 4000 	 Time Taken: 9 sec
learning rate = 0.0001000
(epoch: 598, iters: 640, time: 0.002) pos_err: 15.204 ori_err: 52.016 reproj_err: 2804.709 
End of epoch 598 / 4000 	 Time Taken: 11 sec
learning rate = 0.0001000
(epoch: 599, iters: 960, time: 0.002) pos_err: 12.852 ori_err: 59.719 reproj_err: 1413.084 
End of epoch 599 / 4000 	 Time Taken: 10 sec
learning rate = 0.0001000
(epoch: 600, iters: 1280, time: 0.001) pos_err: 10.018 ori_err: 38.203 reproj_err: 218.165 
saving the model at the end of epoch 600, iters 768000
End of epoch 600 / 4000 	 Time Taken: 11 sec
learning rate = 0.0001000
End of epoch 601 / 4000 	 Time Taken: 10 sec
learning rate = 0.0001000
(epoch: 602, iters: 320, time: 0.002) pos_err: 14.872 ori_err: 64.061 reproj_err: 1759.598 
End of epoch 602 / 4000 	 Time Taken: 10 sec
learning rate = 0.0001000
(epoch: 603, iters: 640, time: 0.002) pos_err: 14.671 ori_err: 62.050 reproj_err: 2234.270 
End of epoch 603 / 4000 	 Time Taken: 11 sec
learning rate = 0.0001000
(epoch: 604, iters: 960, time: 0.002) pos_err: 16.770 ori_err: 62.401 reproj_err: 2801.331 
End of epoch 604 / 4000 	 Time Taken: 9 sec
learning rate = 0.0001000
(epoch: 605, iters: 1280, time: 0.002) pos_err: 19.042 ori_err: 62.422 reproj_err: 342.134 
End of epoch 605 / 4000 	 Time Taken: 11 sec
learning rate = 0.0001000
End of epoch 606 / 4000 	 Time Taken: 10 sec
learning rate = 0.0001000
(epoch: 607, iters: 320, time: 0.003) pos_err: 15.055 ori_err: 61.748 reproj_err: 1332.538 
End of epoch 607 / 4000 	 Time Taken: 10 sec
learning rate = 0.0001000
(epoch: 608, iters: 640, time: 0.002) pos_err: 14.564 ori_err: 54.415 reproj_err: 2078.362 
End of epoch 608 / 4000 	 Time Taken: 10 sec
learning rate = 0.0001000
(epoch: 609, iters: 960, time: 0.002) pos_err: 17.202 ori_err: 57.757 reproj_err: 1929.699 
End of epoch 609 / 4000 	 Time Taken: 10 sec
learning rate = 0.0001000
(epoch: 610, iters: 1280, time: 0.001) pos_err: 16.513 ori_err: 48.904 reproj_err: 260.164 
saving the model at the end of epoch 610, iters 780800
End of epoch 610 / 4000 	 Time Taken: 10 sec
learning rate = 0.0001000
End of epoch 611 / 4000 	 Time Taken: 10 sec
learning rate = 0.0001000
(epoch: 612, iters: 320, time: 0.003) pos_err: 14.408 ori_err: 53.298 reproj_err: 1784.005 
End of epoch 612 / 4000 	 Time Taken: 10 sec
learning rate = 0.0001000
(epoch: 613, iters: 640, time: 0.003) pos_err: 13.800 ori_err: 55.551 reproj_err: 1281.947 
End of epoch 613 / 4000 	 Time Taken: 10 sec
learning rate = 0.0001000
(epoch: 614, iters: 960, time: 0.002) pos_err: 16.719 ori_err: 57.984 reproj_err: 4157.967 
End of epoch 614 / 4000 	 Time Taken: 10 sec
learning rate = 0.0001000
(epoch: 615, iters: 1280, time: 0.001) pos_err: 16.651 ori_err: 76.366 reproj_err: 2073.717 
End of epoch 615 / 4000 	 Time Taken: 10 sec
learning rate = 0.0001000
End of epoch 616 / 4000 	 Time Taken: 10 sec
learning rate = 0.0001000
(epoch: 617, iters: 320, time: 0.003) pos_err: 14.329 ori_err: 58.246 reproj_err: 1614.362 
End of epoch 617 / 4000 	 Time Taken: 10 sec
learning rate = 0.0001000
(epoch: 618, iters: 640, time: 0.002) pos_err: 14.809 ori_err: 55.159 reproj_err: 2427.655 
End of epoch 618 / 4000 	 Time Taken: 11 sec
learning rate = 0.0001000
(epoch: 619, iters: 960, time: 0.002) pos_err: 15.701 ori_err: 52.837 reproj_err: 1568.406 
End of epoch 619 / 4000 	 Time Taken: 10 sec
learning rate = 0.0001000
(epoch: 620, iters: 1280, time: 0.001) pos_err: 25.318 ori_err: 92.486 reproj_err: 510.589 
saving the model at the end of epoch 620, iters 793600
End of epoch 620 / 4000 	 Time Taken: 10 sec
learning rate = 0.0001000
End of epoch 621 / 4000 	 Time Taken: 11 sec
learning rate = 0.0001000
(epoch: 622, iters: 320, time: 0.002) pos_err: 14.845 ori_err: 53.433 reproj_err: 2646.678 
End of epoch 622 / 4000 	 Time Taken: 10 sec
learning rate = 0.0001000
(epoch: 623, iters: 640, time: 0.002) pos_err: 14.297 ori_err: 49.256 reproj_err: 2432.321 
End of epoch 623 / 4000 	 Time Taken: 10 sec
learning rate = 0.0001000
(epoch: 624, iters: 960, time: 0.002) pos_err: 14.992 ori_err: 55.651 reproj_err: 1706.047 
End of epoch 624 / 4000 	 Time Taken: 10 sec
learning rate = 0.0001000
(epoch: 625, iters: 1280, time: 0.001) pos_err: 18.214 ori_err: 53.262 reproj_err: 292.638 
End of epoch 625 / 4000 	 Time Taken: 10 sec
learning rate = 0.0001000
End of epoch 626 / 4000 	 Time Taken: 9 sec
learning rate = 0.0001000
(epoch: 627, iters: 320, time: 0.002) pos_err: 15.165 ori_err: 56.837 reproj_err: 1771.524 
End of epoch 627 / 4000 	 Time Taken: 11 sec
learning rate = 0.0001000
(epoch: 628, iters: 640, time: 0.002) pos_err: 17.476 ori_err: 58.391 reproj_err: 3149.455 
End of epoch 628 / 4000 	 Time Taken: 10 sec
learning rate = 0.0001000
(epoch: 629, iters: 960, time: 0.002) pos_err: 13.458 ori_err: 51.900 reproj_err: 1128.983 
End of epoch 629 / 4000 	 Time Taken: 9 sec
learning rate = 0.0001000
(epoch: 630, iters: 1280, time: 0.001) pos_err: 17.071 ori_err: 69.703 reproj_err: 12373.263 
saving the model at the end of epoch 630, iters 806400
End of epoch 630 / 4000 	 Time Taken: 11 sec
learning rate = 0.0001000
End of epoch 631 / 4000 	 Time Taken: 11 sec
learning rate = 0.0001000
(epoch: 632, iters: 320, time: 0.003) pos_err: 15.144 ori_err: 61.336 reproj_err: 2521.481 
End of epoch 632 / 4000 	 Time Taken: 10 sec
learning rate = 0.0001000
(epoch: 633, iters: 640, time: 0.001) pos_err: 15.144 ori_err: 59.182 reproj_err: 2306.593 
End of epoch 633 / 4000 	 Time Taken: 11 sec
learning rate = 0.0001000
(epoch: 634, iters: 960, time: 0.002) pos_err: 15.170 ori_err: 54.673 reproj_err: 2502.215 
End of epoch 634 / 4000 	 Time Taken: 9 sec
learning rate = 0.0001000
(epoch: 635, iters: 1280, time: 0.001) pos_err: 12.479 ori_err: 48.580 reproj_err: 464.961 
End of epoch 635 / 4000 	 Time Taken: 11 sec
learning rate = 0.0001000
End of epoch 636 / 4000 	 Time Taken: 10 sec
learning rate = 0.0001000
(epoch: 637, iters: 320, time: 0.002) pos_err: 16.182 ori_err: 66.238 reproj_err: 1566.818 
End of epoch 637 / 4000 	 Time Taken: 10 sec
learning rate = 0.0001000
(epoch: 638, iters: 640, time: 0.002) pos_err: 15.837 ori_err: 55.267 reproj_err: 2344.532 
End of epoch 638 / 4000 	 Time Taken: 10 sec
learning rate = 0.0001000
(epoch: 639, iters: 960, time: 0.002) pos_err: 14.167 ori_err: 55.467 reproj_err: 2832.003 
End of epoch 639 / 4000 	 Time Taken: 11 sec
learning rate = 0.0001000
(epoch: 640, iters: 1280, time: 0.001) pos_err: 7.369 ori_err: 81.059 reproj_err: 169.426 
saving the model at the end of epoch 640, iters 819200
End of epoch 640 / 4000 	 Time Taken: 10 sec
learning rate = 0.0001000
End of epoch 641 / 4000 	 Time Taken: 10 sec
learning rate = 0.0001000
(epoch: 642, iters: 320, time: 0.002) pos_err: 16.849 ori_err: 52.143 reproj_err: 1635.683 
End of epoch 642 / 4000 	 Time Taken: 10 sec
learning rate = 0.0001000
(epoch: 643, iters: 640, time: 0.001) pos_err: 15.113 ori_err: 52.931 reproj_err: 2042.064 
End of epoch 643 / 4000 	 Time Taken: 10 sec
learning rate = 0.0001000
(epoch: 644, iters: 960, time: 0.002) pos_err: 15.753 ori_err: 58.183 reproj_err: 2728.522 
End of epoch 644 / 4000 	 Time Taken: 10 sec
learning rate = 0.0001000
(epoch: 645, iters: 1280, time: 0.001) pos_err: 14.682 ori_err: 71.395 reproj_err: 543.014 
End of epoch 645 / 4000 	 Time Taken: 10 sec
learning rate = 0.0001000
End of epoch 646 / 4000 	 Time Taken: 10 sec
learning rate = 0.0001000
(epoch: 647, iters: 320, time: 0.001) pos_err: 17.425 ori_err: 58.998 reproj_err: 3025.272 
End of epoch 647 / 4000 	 Time Taken: 10 sec
learning rate = 0.0001000
(epoch: 648, iters: 640, time: 0.003) pos_err: 13.718 ori_err: 53.050 reproj_err: 1373.132 
End of epoch 648 / 4000 	 Time Taken: 9 sec
learning rate = 0.0001000
(epoch: 649, iters: 960, time: 0.002) pos_err: 15.529 ori_err: 57.208 reproj_err: 2173.451 
End of epoch 649 / 4000 	 Time Taken: 9 sec
learning rate = 0.0001000
(epoch: 650, iters: 1280, time: 0.001) pos_err: 15.226 ori_err: 62.821 reproj_err: 3014.471 
saving the model at the end of epoch 650, iters 832000
End of epoch 650 / 4000 	 Time Taken: 10 sec
learning rate = 0.0001000
End of epoch 651 / 4000 	 Time Taken: 10 sec
learning rate = 0.0001000
(epoch: 652, iters: 320, time: 0.002) pos_err: 14.668 ori_err: 51.964 reproj_err: 2317.786 
End of epoch 652 / 4000 	 Time Taken: 11 sec
learning rate = 0.0001000
(epoch: 653, iters: 640, time: 0.001) pos_err: 16.646 ori_err: 53.137 reproj_err: 2291.604 
End of epoch 653 / 4000 	 Time Taken: 11 sec
learning rate = 0.0001000
(epoch: 654, iters: 960, time: 0.002) pos_err: 13.408 ori_err: 56.917 reproj_err: 1987.655 
End of epoch 654 / 4000 	 Time Taken: 10 sec
learning rate = 0.0001000
(epoch: 655, iters: 1280, time: 0.002) pos_err: 12.765 ori_err: 57.742 reproj_err: 1632.589 
End of epoch 655 / 4000 	 Time Taken: 9 sec
learning rate = 0.0001000
End of epoch 656 / 4000 	 Time Taken: 10 sec
learning rate = 0.0001000
(epoch: 657, iters: 320, time: 0.003) pos_err: 13.798 ori_err: 57.297 reproj_err: 1989.302 
End of epoch 657 / 4000 	 Time Taken: 10 sec
learning rate = 0.0001000
(epoch: 658, iters: 640, time: 0.002) pos_err: 14.153 ori_err: 54.768 reproj_err: 1987.372 
End of epoch 658 / 4000 	 Time Taken: 10 sec
learning rate = 0.0001000
(epoch: 659, iters: 960, time: 0.002) pos_err: 15.209 ori_err: 58.522 reproj_err: 3519.907 
End of epoch 659 / 4000 	 Time Taken: 10 sec
learning rate = 0.0001000
(epoch: 660, iters: 1280, time: 0.001) pos_err: 13.684 ori_err: 62.327 reproj_err: 406.441 
saving the model at the end of epoch 660, iters 844800
End of epoch 660 / 4000 	 Time Taken: 10 sec
learning rate = 0.0001000
End of epoch 661 / 4000 	 Time Taken: 9 sec
learning rate = 0.0001000
(epoch: 662, iters: 320, time: 0.003) pos_err: 15.353 ori_err: 56.818 reproj_err: 2106.662 
End of epoch 662 / 4000 	 Time Taken: 9 sec
learning rate = 0.0001000
(epoch: 663, iters: 640, time: 0.002) pos_err: 14.328 ori_err: 53.673 reproj_err: 981.622 
End of epoch 663 / 4000 	 Time Taken: 10 sec
learning rate = 0.0001000
(epoch: 664, iters: 960, time: 0.002) pos_err: 13.465 ori_err: 59.422 reproj_err: 1144.099 
End of epoch 664 / 4000 	 Time Taken: 11 sec
learning rate = 0.0001000
(epoch: 665, iters: 1280, time: 0.001) pos_err: 10.030 ori_err: 44.685 reproj_err: 180.978 
End of epoch 665 / 4000 	 Time Taken: 10 sec
learning rate = 0.0001000
End of epoch 666 / 4000 	 Time Taken: 10 sec
learning rate = 0.0001000
(epoch: 667, iters: 320, time: 0.002) pos_err: 15.198 ori_err: 56.158 reproj_err: 3122.547 
End of epoch 667 / 4000 	 Time Taken: 11 sec
learning rate = 0.0001000
(epoch: 668, iters: 640, time: 0.001) pos_err: 13.400 ori_err: 55.827 reproj_err: 1921.997 
End of epoch 668 / 4000 	 Time Taken: 10 sec
learning rate = 0.0001000
(epoch: 669, iters: 960, time: 0.002) pos_err: 14.723 ori_err: 57.069 reproj_err: 1088.014 
End of epoch 669 / 4000 	 Time Taken: 10 sec
learning rate = 0.0001000
(epoch: 670, iters: 1280, time: 0.002) pos_err: 12.198 ori_err: 37.423 reproj_err: 388.949 
saving the model at the end of epoch 670, iters 857600
End of epoch 670 / 4000 	 Time Taken: 11 sec
learning rate = 0.0001000
End of epoch 671 / 4000 	 Time Taken: 10 sec
learning rate = 0.0001000
(epoch: 672, iters: 320, time: 0.002) pos_err: 13.291 ori_err: 58.754 reproj_err: 3005.898 
End of epoch 672 / 4000 	 Time Taken: 10 sec
learning rate = 0.0001000
(epoch: 673, iters: 640, time: 0.001) pos_err: 15.655 ori_err: 57.886 reproj_err: 2457.284 
End of epoch 673 / 4000 	 Time Taken: 11 sec
learning rate = 0.0001000
(epoch: 674, iters: 960, time: 0.002) pos_err: 14.662 ori_err: 57.031 reproj_err: 1985.270 
End of epoch 674 / 4000 	 Time Taken: 10 sec
learning rate = 0.0001000
(epoch: 675, iters: 1280, time: 0.001) pos_err: 13.087 ori_err: 57.375 reproj_err: 295.881 
End of epoch 675 / 4000 	 Time Taken: 10 sec
learning rate = 0.0001000
End of epoch 676 / 4000 	 Time Taken: 10 sec
learning rate = 0.0001000
(epoch: 677, iters: 320, time: 0.002) pos_err: 16.299 ori_err: 53.357 reproj_err: 2784.295 
End of epoch 677 / 4000 	 Time Taken: 11 sec
learning rate = 0.0001000
(epoch: 678, iters: 640, time: 0.002) pos_err: 14.417 ori_err: 55.012 reproj_err: 1415.646 
End of epoch 678 / 4000 	 Time Taken: 10 sec
learning rate = 0.0001000
(epoch: 679, iters: 960, time: 0.002) pos_err: 14.945 ori_err: 57.134 reproj_err: 2002.492 
End of epoch 679 / 4000 	 Time Taken: 11 sec
learning rate = 0.0001000
(epoch: 680, iters: 1280, time: 0.001) pos_err: 13.632 ori_err: 77.469 reproj_err: 327.573 
saving the model at the end of epoch 680, iters 870400
End of epoch 680 / 4000 	 Time Taken: 10 sec
learning rate = 0.0001000
End of epoch 681 / 4000 	 Time Taken: 10 sec
learning rate = 0.0001000
(epoch: 682, iters: 320, time: 0.003) pos_err: 15.178 ori_err: 59.365 reproj_err: 2698.842 
End of epoch 682 / 4000 	 Time Taken: 9 sec
learning rate = 0.0001000
(epoch: 683, iters: 640, time: 0.002) pos_err: 15.847 ori_err: 53.014 reproj_err: 2251.580 
End of epoch 683 / 4000 	 Time Taken: 10 sec
learning rate = 0.0001000
(epoch: 684, iters: 960, time: 0.002) pos_err: 15.693 ori_err: 57.273 reproj_err: 1887.916 
End of epoch 684 / 4000 	 Time Taken: 11 sec
learning rate = 0.0001000
(epoch: 685, iters: 1280, time: 0.001) pos_err: 9.294 ori_err: 60.426 reproj_err: 248.422 
End of epoch 685 / 4000 	 Time Taken: 10 sec
learning rate = 0.0001000
End of epoch 686 / 4000 	 Time Taken: 10 sec
learning rate = 0.0001000
(epoch: 687, iters: 320, time: 0.002) pos_err: 13.766 ori_err: 55.235 reproj_err: 1540.883 
End of epoch 687 / 4000 	 Time Taken: 10 sec
learning rate = 0.0001000
(epoch: 688, iters: 640, time: 0.002) pos_err: 14.809 ori_err: 52.355 reproj_err: 1970.684 
End of epoch 688 / 4000 	 Time Taken: 10 sec
learning rate = 0.0001000
(epoch: 689, iters: 960, time: 0.002) pos_err: 14.533 ori_err: 56.734 reproj_err: 1613.645 
End of epoch 689 / 4000 	 Time Taken: 9 sec
learning rate = 0.0001000
(epoch: 690, iters: 1280, time: 0.001) pos_err: 15.985 ori_err: 47.282 reproj_err: 2835.590 
saving the model at the end of epoch 690, iters 883200
End of epoch 690 / 4000 	 Time Taken: 11 sec
learning rate = 0.0001000
End of epoch 691 / 4000 	 Time Taken: 10 sec
learning rate = 0.0001000
(epoch: 692, iters: 320, time: 0.002) pos_err: 15.711 ori_err: 52.675 reproj_err: 2421.781 
End of epoch 692 / 4000 	 Time Taken: 10 sec
learning rate = 0.0001000
(epoch: 693, iters: 640, time: 0.001) pos_err: 14.738 ori_err: 54.578 reproj_err: 2313.785 
End of epoch 693 / 4000 	 Time Taken: 10 sec
learning rate = 0.0001000
(epoch: 694, iters: 960, time: 0.002) pos_err: 15.341 ori_err: 55.602 reproj_err: 2627.532 
End of epoch 694 / 4000 	 Time Taken: 10 sec
learning rate = 0.0001000
(epoch: 695, iters: 1280, time: 0.001) pos_err: 14.038 ori_err: 50.037 reproj_err: 956.234 
End of epoch 695 / 4000 	 Time Taken: 10 sec
learning rate = 0.0001000
End of epoch 696 / 4000 	 Time Taken: 10 sec
learning rate = 0.0001000
(epoch: 697, iters: 320, time: 0.002) pos_err: 14.516 ori_err: 59.140 reproj_err: 1941.122 
End of epoch 697 / 4000 	 Time Taken: 11 sec
learning rate = 0.0001000
(epoch: 698, iters: 640, time: 0.002) pos_err: 15.929 ori_err: 56.353 reproj_err: 4101.146 
End of epoch 698 / 4000 	 Time Taken: 10 sec
learning rate = 0.0001000
(epoch: 699, iters: 960, time: 0.002) pos_err: 17.696 ori_err: 54.031 reproj_err: 2699.850 
End of epoch 699 / 4000 	 Time Taken: 10 sec
learning rate = 0.0001000
(epoch: 700, iters: 1280, time: 0.001) pos_err: 9.895 ori_err: 50.127 reproj_err: 217.771 
saving the model at the end of epoch 700, iters 896000
End of epoch 700 / 4000 	 Time Taken: 11 sec
learning rate = 0.0001000
End of epoch 701 / 4000 	 Time Taken: 10 sec
learning rate = 0.0001000
(epoch: 702, iters: 320, time: 0.002) pos_err: 14.032 ori_err: 52.973 reproj_err: 1891.417 
End of epoch 702 / 4000 	 Time Taken: 9 sec
learning rate = 0.0001000
(epoch: 703, iters: 640, time: 0.001) pos_err: 14.838 ori_err: 56.184 reproj_err: 3130.493 
End of epoch 703 / 4000 	 Time Taken: 10 sec
learning rate = 0.0001000
(epoch: 704, iters: 960, time: 0.002) pos_err: 14.422 ori_err: 56.272 reproj_err: 2390.040 
End of epoch 704 / 4000 	 Time Taken: 10 sec
learning rate = 0.0001000
(epoch: 705, iters: 1280, time: 0.001) pos_err: 8.617 ori_err: 54.170 reproj_err: 1061.477 
End of epoch 705 / 4000 	 Time Taken: 10 sec
learning rate = 0.0001000
End of epoch 706 / 4000 	 Time Taken: 11 sec
learning rate = 0.0001000
(epoch: 707, iters: 320, time: 0.003) pos_err: 14.782 ori_err: 51.059 reproj_err: 1783.058 
End of epoch 707 / 4000 	 Time Taken: 10 sec
learning rate = 0.0001000
(epoch: 708, iters: 640, time: 0.002) pos_err: 15.596 ori_err: 54.983 reproj_err: 2103.358 
End of epoch 708 / 4000 	 Time Taken: 10 sec
learning rate = 0.0001000
(epoch: 709, iters: 960, time: 0.002) pos_err: 13.642 ori_err: 53.721 reproj_err: 1557.804 
End of epoch 709 / 4000 	 Time Taken: 10 sec
learning rate = 0.0001000
(epoch: 710, iters: 1280, time: 0.001) pos_err: 13.226 ori_err: 72.505 reproj_err: 318.613 
saving the model at the end of epoch 710, iters 908800
End of epoch 710 / 4000 	 Time Taken: 10 sec
learning rate = 0.0001000
End of epoch 711 / 4000 	 Time Taken: 10 sec
learning rate = 0.0001000
(epoch: 712, iters: 320, time: 0.002) pos_err: 14.548 ori_err: 62.325 reproj_err: 1842.782 
End of epoch 712 / 4000 	 Time Taken: 10 sec
learning rate = 0.0001000
(epoch: 713, iters: 640, time: 0.001) pos_err: 13.569 ori_err: 48.550 reproj_err: 1846.342 
End of epoch 713 / 4000 	 Time Taken: 10 sec
learning rate = 0.0001000
(epoch: 714, iters: 960, time: 0.002) pos_err: 16.125 ori_err: 51.598 reproj_err: 2881.384 
End of epoch 714 / 4000 	 Time Taken: 10 sec
learning rate = 0.0001000
(epoch: 715, iters: 1280, time: 0.001) pos_err: 9.420 ori_err: 66.692 reproj_err: 163.090 
End of epoch 715 / 4000 	 Time Taken: 10 sec
learning rate = 0.0001000
End of epoch 716 / 4000 	 Time Taken: 9 sec
learning rate = 0.0001000
(epoch: 717, iters: 320, time: 0.002) pos_err: 16.048 ori_err: 58.703 reproj_err: 2751.888 
End of epoch 717 / 4000 	 Time Taken: 10 sec
learning rate = 0.0001000
(epoch: 718, iters: 640, time: 0.002) pos_err: 15.888 ori_err: 56.929 reproj_err: 4106.675 
End of epoch 718 / 4000 	 Time Taken: 10 sec
learning rate = 0.0001000
(epoch: 719, iters: 960, time: 0.002) pos_err: 15.907 ori_err: 55.121 reproj_err: 1470.122 
End of epoch 719 / 4000 	 Time Taken: 11 sec
learning rate = 0.0001000
(epoch: 720, iters: 1280, time: 0.001) pos_err: 17.694 ori_err: 50.384 reproj_err: 5594.198 
saving the model at the end of epoch 720, iters 921600
End of epoch 720 / 4000 	 Time Taken: 10 sec
learning rate = 0.0001000
End of epoch 721 / 4000 	 Time Taken: 9 sec
learning rate = 0.0001000
(epoch: 722, iters: 320, time: 0.003) pos_err: 13.771 ori_err: 61.838 reproj_err: 2502.852 
End of epoch 722 / 4000 	 Time Taken: 11 sec
learning rate = 0.0001000
(epoch: 723, iters: 640, time: 0.001) pos_err: 14.442 ori_err: 55.397 reproj_err: 1569.038 
End of epoch 723 / 4000 	 Time Taken: 10 sec
learning rate = 0.0001000
(epoch: 724, iters: 960, time: 0.002) pos_err: 13.866 ori_err: 53.130 reproj_err: 2344.949 
End of epoch 724 / 4000 	 Time Taken: 11 sec
learning rate = 0.0001000
(epoch: 725, iters: 1280, time: 0.001) pos_err: 16.416 ori_err: 51.069 reproj_err: 1795.352 
End of epoch 725 / 4000 	 Time Taken: 9 sec
learning rate = 0.0001000
End of epoch 726 / 4000 	 Time Taken: 10 sec
learning rate = 0.0001000
(epoch: 727, iters: 320, time: 0.002) pos_err: 14.078 ori_err: 55.465 reproj_err: 2158.118 
End of epoch 727 / 4000 	 Time Taken: 10 sec
learning rate = 0.0001000
(epoch: 728, iters: 640, time: 0.001) pos_err: 15.062 ori_err: 57.259 reproj_err: 2529.029 
End of epoch 728 / 4000 	 Time Taken: 9 sec
learning rate = 0.0001000
(epoch: 729, iters: 960, time: 0.002) pos_err: 14.798 ori_err: 50.741 reproj_err: 1779.827 
End of epoch 729 / 4000 	 Time Taken: 10 sec
learning rate = 0.0001000
(epoch: 730, iters: 1280, time: 0.001) pos_err: 10.702 ori_err: 59.783 reproj_err: 811.202 
saving the model at the end of epoch 730, iters 934400
End of epoch 730 / 4000 	 Time Taken: 11 sec
learning rate = 0.0001000
End of epoch 731 / 4000 	 Time Taken: 10 sec
learning rate = 0.0001000
(epoch: 732, iters: 320, time: 0.002) pos_err: 13.337 ori_err: 50.681 reproj_err: 1283.163 
End of epoch 732 / 4000 	 Time Taken: 10 sec
learning rate = 0.0001000
(epoch: 733, iters: 640, time: 0.001) pos_err: 15.648 ori_err: 52.360 reproj_err: 2612.201 
End of epoch 733 / 4000 	 Time Taken: 10 sec
learning rate = 0.0001000
(epoch: 734, iters: 960, time: 0.002) pos_err: 12.524 ori_err: 53.835 reproj_err: 1761.456 
End of epoch 734 / 4000 	 Time Taken: 10 sec
learning rate = 0.0001000
(epoch: 735, iters: 1280, time: 0.001) pos_err: 9.779 ori_err: 59.780 reproj_err: 1796.090 
End of epoch 735 / 4000 	 Time Taken: 10 sec
learning rate = 0.0001000
End of epoch 736 / 4000 	 Time Taken: 10 sec
learning rate = 0.0001000
(epoch: 737, iters: 320, time: 0.002) pos_err: 15.522 ori_err: 53.900 reproj_err: 1562.716 
End of epoch 737 / 4000 	 Time Taken: 10 sec
learning rate = 0.0001000
(epoch: 738, iters: 640, time: 0.002) pos_err: 13.714 ori_err: 54.631 reproj_err: 2063.466 
End of epoch 738 / 4000 	 Time Taken: 11 sec
learning rate = 0.0001000
(epoch: 739, iters: 960, time: 0.002) pos_err: 14.707 ori_err: 51.955 reproj_err: 1587.842 
End of epoch 739 / 4000 	 Time Taken: 11 sec
learning rate = 0.0001000
(epoch: 740, iters: 1280, time: 0.001) pos_err: 12.504 ori_err: 61.677 reproj_err: 3844.666 
saving the model at the end of epoch 740, iters 947200
End of epoch 740 / 4000 	 Time Taken: 10 sec
learning rate = 0.0001000
End of epoch 741 / 4000 	 Time Taken: 10 sec
learning rate = 0.0001000
(epoch: 742, iters: 320, time: 0.003) pos_err: 15.281 ori_err: 56.425 reproj_err: 3237.038 
End of epoch 742 / 4000 	 Time Taken: 10 sec
learning rate = 0.0001000
(epoch: 743, iters: 640, time: 0.001) pos_err: 14.774 ori_err: 57.476 reproj_err: 2683.676 
End of epoch 743 / 4000 	 Time Taken: 11 sec
learning rate = 0.0001000
(epoch: 744, iters: 960, time: 0.002) pos_err: 13.920 ori_err: 51.850 reproj_err: 1807.252 
End of epoch 744 / 4000 	 Time Taken: 10 sec
learning rate = 0.0001000
(epoch: 745, iters: 1280, time: 0.001) pos_err: 12.870 ori_err: 39.152 reproj_err: 310.402 
End of epoch 745 / 4000 	 Time Taken: 10 sec
learning rate = 0.0001000
End of epoch 746 / 4000 	 Time Taken: 11 sec
learning rate = 0.0001000
(epoch: 747, iters: 320, time: 0.003) pos_err: 14.722 ori_err: 53.082 reproj_err: 1790.353 
End of epoch 747 / 4000 	 Time Taken: 9 sec
learning rate = 0.0001000
(epoch: 748, iters: 640, time: 0.002) pos_err: 14.928 ori_err: 57.627 reproj_err: 2000.166 
End of epoch 748 / 4000 	 Time Taken: 10 sec
learning rate = 0.0001000
(epoch: 749, iters: 960, time: 0.002) pos_err: 14.627 ori_err: 48.681 reproj_err: 2827.949 
End of epoch 749 / 4000 	 Time Taken: 11 sec
learning rate = 0.0001000
(epoch: 750, iters: 1280, time: 0.002) pos_err: 13.015 ori_err: 47.656 reproj_err: 4861.673 
saving the model at the end of epoch 750, iters 960000
End of epoch 750 / 4000 	 Time Taken: 10 sec
learning rate = 0.0001000
End of epoch 751 / 4000 	 Time Taken: 10 sec
learning rate = 0.0001000
(epoch: 752, iters: 320, time: 0.002) pos_err: 13.849 ori_err: 52.929 reproj_err: 1421.881 
End of epoch 752 / 4000 	 Time Taken: 10 sec
learning rate = 0.0001000
(epoch: 753, iters: 640, time: 0.002) pos_err: 14.739 ori_err: 57.335 reproj_err: 3279.870 
End of epoch 753 / 4000 	 Time Taken: 10 sec
learning rate = 0.0001000
(epoch: 754, iters: 960, time: 0.002) pos_err: 14.440 ori_err: 51.347 reproj_err: 1559.987 
End of epoch 754 / 4000 	 Time Taken: 10 sec
learning rate = 0.0001000
(epoch: 755, iters: 1280, time: 0.001) pos_err: 15.739 ori_err: 45.678 reproj_err: 3618.127 
End of epoch 755 / 4000 	 Time Taken: 10 sec
learning rate = 0.0001000
End of epoch 756 / 4000 	 Time Taken: 10 sec
learning rate = 0.0001000
(epoch: 757, iters: 320, time: 0.002) pos_err: 14.148 ori_err: 55.040 reproj_err: 1581.845 
End of epoch 757 / 4000 	 Time Taken: 11 sec
learning rate = 0.0001000
(epoch: 758, iters: 640, time: 0.001) pos_err: 15.811 ori_err: 58.280 reproj_err: 2311.248 
End of epoch 758 / 4000 	 Time Taken: 10 sec
learning rate = 0.0001000
(epoch: 759, iters: 960, time: 0.002) pos_err: 13.269 ori_err: 58.805 reproj_err: 1289.018 
End of epoch 759 / 4000 	 Time Taken: 10 sec
learning rate = 0.0001000
(epoch: 760, iters: 1280, time: 0.002) pos_err: 22.475 ori_err: 61.624 reproj_err: 1986.036 
saving the model at the end of epoch 760, iters 972800
End of epoch 760 / 4000 	 Time Taken: 10 sec
learning rate = 0.0001000
End of epoch 761 / 4000 	 Time Taken: 10 sec
learning rate = 0.0001000
(epoch: 762, iters: 320, time: 0.002) pos_err: 14.356 ori_err: 55.905 reproj_err: 1264.160 
End of epoch 762 / 4000 	 Time Taken: 11 sec
learning rate = 0.0001000
(epoch: 763, iters: 640, time: 0.001) pos_err: 15.951 ori_err: 52.716 reproj_err: 2514.615 
End of epoch 763 / 4000 	 Time Taken: 12 sec
learning rate = 0.0001000
(epoch: 764, iters: 960, time: 0.002) pos_err: 13.702 ori_err: 49.706 reproj_err: 1681.705 
End of epoch 764 / 4000 	 Time Taken: 10 sec
learning rate = 0.0001000
(epoch: 765, iters: 1280, time: 0.001) pos_err: 17.648 ori_err: 46.605 reproj_err: 587.830 
End of epoch 765 / 4000 	 Time Taken: 10 sec
learning rate = 0.0001000
End of epoch 766 / 4000 	 Time Taken: 10 sec
learning rate = 0.0001000
(epoch: 767, iters: 320, time: 0.003) pos_err: 15.872 ori_err: 54.969 reproj_err: 2595.100 
End of epoch 767 / 4000 	 Time Taken: 10 sec
learning rate = 0.0001000
(epoch: 768, iters: 640, time: 0.002) pos_err: 15.199 ori_err: 51.193 reproj_err: 2048.251 
End of epoch 768 / 4000 	 Time Taken: 11 sec
learning rate = 0.0001000
(epoch: 769, iters: 960, time: 0.002) pos_err: 14.377 ori_err: 56.779 reproj_err: 2625.821 
End of epoch 769 / 4000 	 Time Taken: 10 sec
learning rate = 0.0001000
(epoch: 770, iters: 1280, time: 0.001) pos_err: 12.248 ori_err: 53.212 reproj_err: 2227.941 
saving the model at the end of epoch 770, iters 985600
End of epoch 770 / 4000 	 Time Taken: 10 sec
learning rate = 0.0001000
End of epoch 771 / 4000 	 Time Taken: 10 sec
learning rate = 0.0001000
(epoch: 772, iters: 320, time: 0.002) pos_err: 16.629 ori_err: 53.391 reproj_err: 1876.848 
End of epoch 772 / 4000 	 Time Taken: 11 sec
learning rate = 0.0001000
(epoch: 773, iters: 640, time: 0.002) pos_err: 13.640 ori_err: 55.350 reproj_err: 1089.291 
End of epoch 773 / 4000 	 Time Taken: 9 sec
learning rate = 0.0001000
(epoch: 774, iters: 960, time: 0.002) pos_err: 13.677 ori_err: 51.714 reproj_err: 1915.747 
End of epoch 774 / 4000 	 Time Taken: 10 sec
learning rate = 0.0001000
(epoch: 775, iters: 1280, time: 0.001) pos_err: 24.678 ori_err: 47.216 reproj_err: 15077.385 
End of epoch 775 / 4000 	 Time Taken: 10 sec
learning rate = 0.0001000
End of epoch 776 / 4000 	 Time Taken: 10 sec
learning rate = 0.0001000
(epoch: 777, iters: 320, time: 0.002) pos_err: 14.894 ori_err: 54.280 reproj_err: 3500.365 
End of epoch 777 / 4000 	 Time Taken: 10 sec
learning rate = 0.0001000
(epoch: 778, iters: 640, time: 0.002) pos_err: 14.445 ori_err: 50.994 reproj_err: 2256.413 
End of epoch 778 / 4000 	 Time Taken: 10 sec
learning rate = 0.0001000
(epoch: 779, iters: 960, time: 0.002) pos_err: 14.827 ori_err: 48.928 reproj_err: 1823.111 
End of epoch 779 / 4000 	 Time Taken: 10 sec
learning rate = 0.0001000
(epoch: 780, iters: 1280, time: 0.001) pos_err: 7.743 ori_err: 56.083 reproj_err: 124.738 
saving the model at the end of epoch 780, iters 998400
End of epoch 780 / 4000 	 Time Taken: 10 sec
learning rate = 0.0001000
End of epoch 781 / 4000 	 Time Taken: 11 sec
learning rate = 0.0001000
(epoch: 782, iters: 320, time: 0.003) pos_err: 15.871 ori_err: 57.144 reproj_err: 2294.864 
End of epoch 782 / 4000 	 Time Taken: 10 sec
learning rate = 0.0001000
(epoch: 783, iters: 640, time: 0.002) pos_err: 14.265 ori_err: 50.843 reproj_err: 1333.564 
End of epoch 783 / 4000 	 Time Taken: 10 sec
learning rate = 0.0001000
(epoch: 784, iters: 960, time: 0.002) pos_err: 13.090 ori_err: 60.050 reproj_err: 1734.244 
End of epoch 784 / 4000 	 Time Taken: 11 sec
learning rate = 0.0001000
(epoch: 785, iters: 1280, time: 0.001) pos_err: 13.605 ori_err: 72.812 reproj_err: 1769.648 
End of epoch 785 / 4000 	 Time Taken: 10 sec
learning rate = 0.0001000
End of epoch 786 / 4000 	 Time Taken: 11 sec
learning rate = 0.0001000
(epoch: 787, iters: 320, time: 0.001) pos_err: 14.420 ori_err: 54.136 reproj_err: 1930.901 
End of epoch 787 / 4000 	 Time Taken: 10 sec
learning rate = 0.0001000
(epoch: 788, iters: 640, time: 0.001) pos_err: 15.298 ori_err: 54.231 reproj_err: 3209.161 
End of epoch 788 / 4000 	 Time Taken: 10 sec
learning rate = 0.0001000
(epoch: 789, iters: 960, time: 0.001) pos_err: 15.511 ori_err: 57.224 reproj_err: 2917.815 
End of epoch 789 / 4000 	 Time Taken: 9 sec
learning rate = 0.0001000
(epoch: 790, iters: 1280, time: 0.001) pos_err: 12.810 ori_err: 55.215 reproj_err: 603.149 
saving the model at the end of epoch 790, iters 1011200
End of epoch 790 / 4000 	 Time Taken: 10 sec
learning rate = 0.0001000
End of epoch 791 / 4000 	 Time Taken: 10 sec
learning rate = 0.0001000
(epoch: 792, iters: 320, time: 0.002) pos_err: 13.869 ori_err: 53.351 reproj_err: 2069.355 
End of epoch 792 / 4000 	 Time Taken: 10 sec
learning rate = 0.0001000
(epoch: 793, iters: 640, time: 0.002) pos_err: 15.114 ori_err: 52.896 reproj_err: 1874.704 
End of epoch 793 / 4000 	 Time Taken: 10 sec
learning rate = 0.0001000
(epoch: 794, iters: 960, time: 0.002) pos_err: 13.783 ori_err: 52.830 reproj_err: 1371.012 
End of epoch 794 / 4000 	 Time Taken: 11 sec
learning rate = 0.0001000
(epoch: 795, iters: 1280, time: 0.001) pos_err: 16.919 ori_err: 52.138 reproj_err: 1234.992 
End of epoch 795 / 4000 	 Time Taken: 10 sec
learning rate = 0.0001000
End of epoch 796 / 4000 	 Time Taken: 9 sec
learning rate = 0.0001000
(epoch: 797, iters: 320, time: 0.002) pos_err: 13.758 ori_err: 50.559 reproj_err: 2128.552 
End of epoch 797 / 4000 	 Time Taken: 10 sec
learning rate = 0.0001000
(epoch: 798, iters: 640, time: 0.002) pos_err: 15.293 ori_err: 52.023 reproj_err: 3564.138 
End of epoch 798 / 4000 	 Time Taken: 10 sec
learning rate = 0.0001000
(epoch: 799, iters: 960, time: 0.002) pos_err: 14.645 ori_err: 52.147 reproj_err: 2700.994 
End of epoch 799 / 4000 	 Time Taken: 10 sec
learning rate = 0.0001000
(epoch: 800, iters: 1280, time: 0.001) pos_err: 17.520 ori_err: 55.449 reproj_err: 3721.215 
saving the model at the end of epoch 800, iters 1024000
End of epoch 800 / 4000 	 Time Taken: 10 sec
learning rate = 0.0001000
End of epoch 801 / 4000 	 Time Taken: 9 sec
learning rate = 0.0001000
(epoch: 802, iters: 320, time: 0.002) pos_err: 16.080 ori_err: 59.788 reproj_err: 1902.398 
End of epoch 802 / 4000 	 Time Taken: 10 sec
learning rate = 0.0001000
(epoch: 803, iters: 640, time: 0.003) pos_err: 12.362 ori_err: 55.752 reproj_err: 752.456 
End of epoch 803 / 4000 	 Time Taken: 9 sec
learning rate = 0.0001000
(epoch: 804, iters: 960, time: 0.002) pos_err: 14.621 ori_err: 48.535 reproj_err: 2431.860 
End of epoch 804 / 4000 	 Time Taken: 10 sec
learning rate = 0.0001000
(epoch: 805, iters: 1280, time: 0.001) pos_err: 10.076 ori_err: 41.044 reproj_err: 1405.212 
End of epoch 805 / 4000 	 Time Taken: 9 sec
learning rate = 0.0001000
End of epoch 806 / 4000 	 Time Taken: 10 sec
learning rate = 0.0001000
(epoch: 807, iters: 320, time: 0.002) pos_err: 11.233 ori_err: 56.154 reproj_err: 883.049 
End of epoch 807 / 4000 	 Time Taken: 9 sec
learning rate = 0.0001000
(epoch: 808, iters: 640, time: 0.002) pos_err: 13.662 ori_err: 53.242 reproj_err: 2276.132 
End of epoch 808 / 4000 	 Time Taken: 11 sec
learning rate = 0.0001000
(epoch: 809, iters: 960, time: 0.002) pos_err: 13.874 ori_err: 50.908 reproj_err: 2695.592 
End of epoch 809 / 4000 	 Time Taken: 10 sec
learning rate = 0.0001000
(epoch: 810, iters: 1280, time: 0.001) pos_err: 18.213 ori_err: 60.711 reproj_err: 359.519 
saving the model at the end of epoch 810, iters 1036800
End of epoch 810 / 4000 	 Time Taken: 10 sec
learning rate = 0.0001000
End of epoch 811 / 4000 	 Time Taken: 10 sec
learning rate = 0.0001000
(epoch: 812, iters: 320, time: 0.002) pos_err: 14.120 ori_err: 50.135 reproj_err: 2039.956 
End of epoch 812 / 4000 	 Time Taken: 10 sec
learning rate = 0.0001000
(epoch: 813, iters: 640, time: 0.001) pos_err: 15.501 ori_err: 51.024 reproj_err: 4214.604 
End of epoch 813 / 4000 	 Time Taken: 10 sec
learning rate = 0.0001000
(epoch: 814, iters: 960, time: 0.002) pos_err: 14.369 ori_err: 49.313 reproj_err: 2081.522 
End of epoch 814 / 4000 	 Time Taken: 10 sec
learning rate = 0.0001000
(epoch: 815, iters: 1280, time: 0.001) pos_err: 16.686 ori_err: 59.605 reproj_err: 1784.986 
End of epoch 815 / 4000 	 Time Taken: 10 sec
learning rate = 0.0001000
End of epoch 816 / 4000 	 Time Taken: 10 sec
learning rate = 0.0001000
(epoch: 817, iters: 320, time: 0.002) pos_err: 13.657 ori_err: 52.677 reproj_err: 962.012 
End of epoch 817 / 4000 	 Time Taken: 10 sec
learning rate = 0.0001000
(epoch: 818, iters: 640, time: 0.002) pos_err: 14.009 ori_err: 56.556 reproj_err: 2127.076 
End of epoch 818 / 4000 	 Time Taken: 11 sec
learning rate = 0.0001000
(epoch: 819, iters: 960, time: 0.002) pos_err: 13.518 ori_err: 52.913 reproj_err: 1584.172 
End of epoch 819 / 4000 	 Time Taken: 10 sec
learning rate = 0.0001000
(epoch: 820, iters: 1280, time: 0.001) pos_err: 13.082 ori_err: 44.112 reproj_err: 564.299 
saving the model at the end of epoch 820, iters 1049600
End of epoch 820 / 4000 	 Time Taken: 11 sec
learning rate = 0.0001000
End of epoch 821 / 4000 	 Time Taken: 10 sec
learning rate = 0.0001000
(epoch: 822, iters: 320, time: 0.003) pos_err: 15.269 ori_err: 59.628 reproj_err: 1625.803 
End of epoch 822 / 4000 	 Time Taken: 10 sec
learning rate = 0.0001000
(epoch: 823, iters: 640, time: 0.001) pos_err: 14.532 ori_err: 47.728 reproj_err: 2568.307 
End of epoch 823 / 4000 	 Time Taken: 11 sec
learning rate = 0.0001000
(epoch: 824, iters: 960, time: 0.002) pos_err: 15.549 ori_err: 56.238 reproj_err: 2755.431 
End of epoch 824 / 4000 	 Time Taken: 10 sec
learning rate = 0.0001000
(epoch: 825, iters: 1280, time: 0.001) pos_err: 8.887 ori_err: 46.397 reproj_err: 216.714 
End of epoch 825 / 4000 	 Time Taken: 11 sec
learning rate = 0.0001000
End of epoch 826 / 4000 	 Time Taken: 9 sec
learning rate = 0.0001000
(epoch: 827, iters: 320, time: 0.002) pos_err: 14.056 ori_err: 57.060 reproj_err: 2017.061 
End of epoch 827 / 4000 	 Time Taken: 10 sec
learning rate = 0.0001000
(epoch: 828, iters: 640, time: 0.002) pos_err: 16.167 ori_err: 60.862 reproj_err: 1613.091 
End of epoch 828 / 4000 	 Time Taken: 10 sec
learning rate = 0.0001000
(epoch: 829, iters: 960, time: 0.002) pos_err: 14.302 ori_err: 56.413 reproj_err: 1362.373 
End of epoch 829 / 4000 	 Time Taken: 10 sec
learning rate = 0.0001000
(epoch: 830, iters: 1280, time: 0.001) pos_err: 16.654 ori_err: 64.354 reproj_err: 256.985 
saving the model at the end of epoch 830, iters 1062400
End of epoch 830 / 4000 	 Time Taken: 10 sec
learning rate = 0.0001000
End of epoch 831 / 4000 	 Time Taken: 10 sec
learning rate = 0.0001000
(epoch: 832, iters: 320, time: 0.003) pos_err: 13.583 ori_err: 56.756 reproj_err: 1157.359 
End of epoch 832 / 4000 	 Time Taken: 10 sec
learning rate = 0.0001000
(epoch: 833, iters: 640, time: 0.002) pos_err: 14.655 ori_err: 54.468 reproj_err: 1612.340 
End of epoch 833 / 4000 	 Time Taken: 10 sec
learning rate = 0.0001000
(epoch: 834, iters: 960, time: 0.002) pos_err: 14.546 ori_err: 47.123 reproj_err: 1585.103 
End of epoch 834 / 4000 	 Time Taken: 10 sec
learning rate = 0.0001000
(epoch: 835, iters: 1280, time: 0.001) pos_err: 11.234 ori_err: 55.096 reproj_err: 133.201 
End of epoch 835 / 4000 	 Time Taken: 10 sec
learning rate = 0.0001000
End of epoch 836 / 4000 	 Time Taken: 9 sec
learning rate = 0.0001000
(epoch: 837, iters: 320, time: 0.002) pos_err: 15.224 ori_err: 57.893 reproj_err: 1297.494 
End of epoch 837 / 4000 	 Time Taken: 10 sec
learning rate = 0.0001000
(epoch: 838, iters: 640, time: 0.001) pos_err: 12.809 ori_err: 50.136 reproj_err: 1449.600 
End of epoch 838 / 4000 	 Time Taken: 10 sec
learning rate = 0.0001000
(epoch: 839, iters: 960, time: 0.002) pos_err: 13.299 ori_err: 56.244 reproj_err: 1662.710 
End of epoch 839 / 4000 	 Time Taken: 10 sec
learning rate = 0.0001000
(epoch: 840, iters: 1280, time: 0.001) pos_err: 14.907 ori_err: 67.479 reproj_err: 362.259 
saving the model at the end of epoch 840, iters 1075200
End of epoch 840 / 4000 	 Time Taken: 10 sec
learning rate = 0.0001000
End of epoch 841 / 4000 	 Time Taken: 11 sec
learning rate = 0.0001000
(epoch: 842, iters: 320, time: 0.002) pos_err: 14.718 ori_err: 52.999 reproj_err: 2927.804 
End of epoch 842 / 4000 	 Time Taken: 10 sec
learning rate = 0.0001000
(epoch: 843, iters: 640, time: 0.002) pos_err: 13.794 ori_err: 54.031 reproj_err: 1151.952 
End of epoch 843 / 4000 	 Time Taken: 10 sec
learning rate = 0.0001000
(epoch: 844, iters: 960, time: 0.002) pos_err: 13.599 ori_err: 54.424 reproj_err: 3138.036 
End of epoch 844 / 4000 	 Time Taken: 10 sec
learning rate = 0.0001000
(epoch: 845, iters: 1280, time: 0.001) pos_err: 9.755 ori_err: 66.988 reproj_err: 264.596 
End of epoch 845 / 4000 	 Time Taken: 11 sec
learning rate = 0.0001000
End of epoch 846 / 4000 	 Time Taken: 10 sec
learning rate = 0.0001000
(epoch: 847, iters: 320, time: 0.002) pos_err: 14.983 ori_err: 51.673 reproj_err: 2127.220 
End of epoch 847 / 4000 	 Time Taken: 10 sec
learning rate = 0.0001000
(epoch: 848, iters: 640, time: 0.002) pos_err: 14.389 ori_err: 48.786 reproj_err: 1641.009 
End of epoch 848 / 4000 	 Time Taken: 10 sec
learning rate = 0.0001000
(epoch: 849, iters: 960, time: 0.002) pos_err: 13.535 ori_err: 49.808 reproj_err: 1517.631 
End of epoch 849 / 4000 	 Time Taken: 11 sec
learning rate = 0.0001000
(epoch: 850, iters: 1280, time: 0.002) pos_err: 16.499 ori_err: 66.409 reproj_err: 697.493 
saving the model at the end of epoch 850, iters 1088000
End of epoch 850 / 4000 	 Time Taken: 10 sec
learning rate = 0.0001000
End of epoch 851 / 4000 	 Time Taken: 10 sec
learning rate = 0.0001000
(epoch: 852, iters: 320, time: 0.003) pos_err: 14.461 ori_err: 51.738 reproj_err: 1881.348 
End of epoch 852 / 4000 	 Time Taken: 10 sec
learning rate = 0.0001000
(epoch: 853, iters: 640, time: 0.002) pos_err: 15.773 ori_err: 50.324 reproj_err: 2635.719 
End of epoch 853 / 4000 	 Time Taken: 10 sec
learning rate = 0.0001000
(epoch: 854, iters: 960, time: 0.002) pos_err: 13.257 ori_err: 53.622 reproj_err: 1655.017 
End of epoch 854 / 4000 	 Time Taken: 10 sec
learning rate = 0.0001000
(epoch: 855, iters: 1280, time: 0.001) pos_err: 27.813 ori_err: 48.764 reproj_err: 10220.618 
End of epoch 855 / 4000 	 Time Taken: 9 sec
learning rate = 0.0001000
End of epoch 856 / 4000 	 Time Taken: 10 sec
learning rate = 0.0001000
(epoch: 857, iters: 320, time: 0.002) pos_err: 14.160 ori_err: 53.550 reproj_err: 2900.093 
End of epoch 857 / 4000 	 Time Taken: 10 sec
learning rate = 0.0001000
(epoch: 858, iters: 640, time: 0.002) pos_err: 14.331 ori_err: 53.216 reproj_err: 1787.452 
End of epoch 858 / 4000 	 Time Taken: 9 sec
learning rate = 0.0001000
(epoch: 859, iters: 960, time: 0.002) pos_err: 15.336 ori_err: 50.452 reproj_err: 2333.417 
End of epoch 859 / 4000 	 Time Taken: 9 sec
learning rate = 0.0001000
(epoch: 860, iters: 1280, time: 0.001) pos_err: 16.805 ori_err: 57.752 reproj_err: 5498.776 
saving the model at the end of epoch 860, iters 1100800
End of epoch 860 / 4000 	 Time Taken: 11 sec
learning rate = 0.0001000
End of epoch 861 / 4000 	 Time Taken: 10 sec
learning rate = 0.0001000
(epoch: 862, iters: 320, time: 0.002) pos_err: 16.388 ori_err: 52.513 reproj_err: 1959.385 
End of epoch 862 / 4000 	 Time Taken: 10 sec
learning rate = 0.0001000
(epoch: 863, iters: 640, time: 0.001) pos_err: 13.006 ori_err: 57.751 reproj_err: 1512.501 
End of epoch 863 / 4000 	 Time Taken: 10 sec
learning rate = 0.0001000
(epoch: 864, iters: 960, time: 0.002) pos_err: 15.593 ori_err: 51.121 reproj_err: 2555.348 
End of epoch 864 / 4000 	 Time Taken: 10 sec
learning rate = 0.0001000
(epoch: 865, iters: 1280, time: 0.001) pos_err: 12.553 ori_err: 60.613 reproj_err: 1098.840 
End of epoch 865 / 4000 	 Time Taken: 9 sec
learning rate = 0.0001000
End of epoch 866 / 4000 	 Time Taken: 10 sec
learning rate = 0.0001000
(epoch: 867, iters: 320, time: 0.003) pos_err: 14.416 ori_err: 50.076 reproj_err: 1829.647 
End of epoch 867 / 4000 	 Time Taken: 10 sec
learning rate = 0.0001000
(epoch: 868, iters: 640, time: 0.001) pos_err: 14.825 ori_err: 54.950 reproj_err: 2186.230 
End of epoch 868 / 4000 	 Time Taken: 11 sec
learning rate = 0.0001000
(epoch: 869, iters: 960, time: 0.002) pos_err: 15.207 ori_err: 53.479 reproj_err: 2562.091 
End of epoch 869 / 4000 	 Time Taken: 10 sec
learning rate = 0.0001000
(epoch: 870, iters: 1280, time: 0.001) pos_err: 11.428 ori_err: 59.004 reproj_err: 245.487 
saving the model at the end of epoch 870, iters 1113600
End of epoch 870 / 4000 	 Time Taken: 11 sec
learning rate = 0.0001000
End of epoch 871 / 4000 	 Time Taken: 11 sec
learning rate = 0.0001000
(epoch: 872, iters: 320, time: 0.002) pos_err: 14.320 ori_err: 53.783 reproj_err: 1594.154 
End of epoch 872 / 4000 	 Time Taken: 9 sec
learning rate = 0.0001000
(epoch: 873, iters: 640, time: 0.002) pos_err: 14.671 ori_err: 50.654 reproj_err: 2584.812 
End of epoch 873 / 4000 	 Time Taken: 10 sec
learning rate = 0.0001000
(epoch: 874, iters: 960, time: 0.002) pos_err: 13.969 ori_err: 55.289 reproj_err: 1640.442 
End of epoch 874 / 4000 	 Time Taken: 9 sec
learning rate = 0.0001000
(epoch: 875, iters: 1280, time: 0.001) pos_err: 12.437 ori_err: 49.889 reproj_err: 259.244 
End of epoch 875 / 4000 	 Time Taken: 10 sec
learning rate = 0.0001000
End of epoch 876 / 4000 	 Time Taken: 10 sec
learning rate = 0.0001000
(epoch: 877, iters: 320, time: 0.002) pos_err: 14.729 ori_err: 52.310 reproj_err: 1438.151 
End of epoch 877 / 4000 	 Time Taken: 11 sec
learning rate = 0.0001000
(epoch: 878, iters: 640, time: 0.002) pos_err: 12.440 ori_err: 51.206 reproj_err: 1716.053 
End of epoch 878 / 4000 	 Time Taken: 10 sec
learning rate = 0.0001000
(epoch: 879, iters: 960, time: 0.001) pos_err: 12.129 ori_err: 52.039 reproj_err: 1871.511 
End of epoch 879 / 4000 	 Time Taken: 9 sec
learning rate = 0.0001000
(epoch: 880, iters: 1280, time: 0.001) pos_err: 13.621 ori_err: 45.196 reproj_err: 286.960 
saving the model at the end of epoch 880, iters 1126400
End of epoch 880 / 4000 	 Time Taken: 11 sec
learning rate = 0.0001000
End of epoch 881 / 4000 	 Time Taken: 10 sec
learning rate = 0.0001000
(epoch: 882, iters: 320, time: 0.002) pos_err: 14.199 ori_err: 56.238 reproj_err: 2357.611 
End of epoch 882 / 4000 	 Time Taken: 9 sec
learning rate = 0.0001000
(epoch: 883, iters: 640, time: 0.001) pos_err: 13.419 ori_err: 50.855 reproj_err: 1389.935 
End of epoch 883 / 4000 	 Time Taken: 9 sec
learning rate = 0.0001000
(epoch: 884, iters: 960, time: 0.002) pos_err: 13.153 ori_err: 53.167 reproj_err: 2127.925 
End of epoch 884 / 4000 	 Time Taken: 11 sec
learning rate = 0.0001000
(epoch: 885, iters: 1280, time: 0.001) pos_err: 17.726 ori_err: 42.794 reproj_err: 5012.075 
End of epoch 885 / 4000 	 Time Taken: 10 sec
learning rate = 0.0001000
End of epoch 886 / 4000 	 Time Taken: 10 sec
learning rate = 0.0001000
(epoch: 887, iters: 320, time: 0.002) pos_err: 15.596 ori_err: 53.021 reproj_err: 2170.969 
End of epoch 887 / 4000 	 Time Taken: 11 sec
learning rate = 0.0001000
(epoch: 888, iters: 640, time: 0.002) pos_err: 15.425 ori_err: 47.398 reproj_err: 2652.602 
End of epoch 888 / 4000 	 Time Taken: 10 sec
learning rate = 0.0001000
(epoch: 889, iters: 960, time: 0.002) pos_err: 15.960 ori_err: 52.567 reproj_err: 2882.482 
End of epoch 889 / 4000 	 Time Taken: 10 sec
learning rate = 0.0001000
(epoch: 890, iters: 1280, time: 0.001) pos_err: 10.455 ori_err: 43.955 reproj_err: 264.811 
saving the model at the end of epoch 890, iters 1139200
End of epoch 890 / 4000 	 Time Taken: 11 sec
learning rate = 0.0001000
End of epoch 891 / 4000 	 Time Taken: 11 sec
learning rate = 0.0001000
(epoch: 892, iters: 320, time: 0.002) pos_err: 14.067 ori_err: 58.470 reproj_err: 1923.947 
End of epoch 892 / 4000 	 Time Taken: 11 sec
learning rate = 0.0001000
(epoch: 893, iters: 640, time: 0.002) pos_err: 13.067 ori_err: 54.273 reproj_err: 2147.513 
End of epoch 893 / 4000 	 Time Taken: 10 sec
learning rate = 0.0001000
(epoch: 894, iters: 960, time: 0.002) pos_err: 14.212 ori_err: 53.472 reproj_err: 2119.105 
End of epoch 894 / 4000 	 Time Taken: 9 sec
learning rate = 0.0001000
(epoch: 895, iters: 1280, time: 0.001) pos_err: 13.868 ori_err: 50.794 reproj_err: 3090.865 
End of epoch 895 / 4000 	 Time Taken: 10 sec
learning rate = 0.0001000
End of epoch 896 / 4000 	 Time Taken: 10 sec
learning rate = 0.0001000
(epoch: 897, iters: 320, time: 0.002) pos_err: 16.479 ori_err: 52.090 reproj_err: 4640.367 
End of epoch 897 / 4000 	 Time Taken: 11 sec
learning rate = 0.0001000
(epoch: 898, iters: 640, time: 0.002) pos_err: 15.969 ori_err: 53.740 reproj_err: 2256.242 
End of epoch 898 / 4000 	 Time Taken: 11 sec
learning rate = 0.0001000
(epoch: 899, iters: 960, time: 0.002) pos_err: 14.256 ori_err: 50.669 reproj_err: 1436.319 
End of epoch 899 / 4000 	 Time Taken: 10 sec
learning rate = 0.0001000
(epoch: 900, iters: 1280, time: 0.001) pos_err: 18.948 ori_err: 58.029 reproj_err: 496.840 
saving the model at the end of epoch 900, iters 1152000
End of epoch 900 / 4000 	 Time Taken: 10 sec
learning rate = 0.0001000
End of epoch 901 / 4000 	 Time Taken: 10 sec
learning rate = 0.0001000
(epoch: 902, iters: 320, time: 0.002) pos_err: 15.175 ori_err: 51.243 reproj_err: 1318.078 
End of epoch 902 / 4000 	 Time Taken: 10 sec
learning rate = 0.0001000
(epoch: 903, iters: 640, time: 0.002) pos_err: 15.012 ori_err: 53.838 reproj_err: 2598.973 
End of epoch 903 / 4000 	 Time Taken: 9 sec
learning rate = 0.0001000
(epoch: 904, iters: 960, time: 0.002) pos_err: 14.413 ori_err: 54.480 reproj_err: 2580.463 
End of epoch 904 / 4000 	 Time Taken: 9 sec
learning rate = 0.0001000
(epoch: 905, iters: 1280, time: 0.001) pos_err: 13.767 ori_err: 60.547 reproj_err: 1460.303 
End of epoch 905 / 4000 	 Time Taken: 11 sec
learning rate = 0.0001000
End of epoch 906 / 4000 	 Time Taken: 10 sec
learning rate = 0.0001000
(epoch: 907, iters: 320, time: 0.002) pos_err: 17.584 ori_err: 53.147 reproj_err: 2752.069 
End of epoch 907 / 4000 	 Time Taken: 10 sec
learning rate = 0.0001000
(epoch: 908, iters: 640, time: 0.002) pos_err: 14.493 ori_err: 52.391 reproj_err: 2053.214 
End of epoch 908 / 4000 	 Time Taken: 10 sec
learning rate = 0.0001000
(epoch: 909, iters: 960, time: 0.002) pos_err: 15.947 ori_err: 56.786 reproj_err: 1908.562 
End of epoch 909 / 4000 	 Time Taken: 10 sec
learning rate = 0.0001000
(epoch: 910, iters: 1280, time: 0.001) pos_err: 10.638 ori_err: 63.385 reproj_err: 4347.917 
saving the model at the end of epoch 910, iters 1164800
End of epoch 910 / 4000 	 Time Taken: 11 sec
learning rate = 0.0001000
End of epoch 911 / 4000 	 Time Taken: 10 sec
learning rate = 0.0001000
(epoch: 912, iters: 320, time: 0.002) pos_err: 13.160 ori_err: 53.695 reproj_err: 2040.397 
End of epoch 912 / 4000 	 Time Taken: 10 sec
learning rate = 0.0001000
(epoch: 913, iters: 640, time: 0.002) pos_err: 15.458 ori_err: 55.232 reproj_err: 3003.685 
End of epoch 913 / 4000 	 Time Taken: 10 sec
learning rate = 0.0001000
(epoch: 914, iters: 960, time: 0.002) pos_err: 13.579 ori_err: 52.147 reproj_err: 2176.151 
End of epoch 914 / 4000 	 Time Taken: 10 sec
learning rate = 0.0001000
(epoch: 915, iters: 1280, time: 0.001) pos_err: 11.495 ori_err: 52.091 reproj_err: 386.279 
End of epoch 915 / 4000 	 Time Taken: 10 sec
learning rate = 0.0001000
End of epoch 916 / 4000 	 Time Taken: 10 sec
learning rate = 0.0001000
(epoch: 917, iters: 320, time: 0.002) pos_err: 17.315 ori_err: 54.386 reproj_err: 3081.108 
End of epoch 917 / 4000 	 Time Taken: 11 sec
learning rate = 0.0001000
(epoch: 918, iters: 640, time: 0.002) pos_err: 14.541 ori_err: 55.378 reproj_err: 2231.376 
End of epoch 918 / 4000 	 Time Taken: 10 sec
learning rate = 0.0001000
(epoch: 919, iters: 960, time: 0.002) pos_err: 14.203 ori_err: 50.887 reproj_err: 1820.103 
End of epoch 919 / 4000 	 Time Taken: 9 sec
learning rate = 0.0001000
(epoch: 920, iters: 1280, time: 0.001) pos_err: 12.619 ori_err: 56.302 reproj_err: 175.110 
saving the model at the end of epoch 920, iters 1177600
End of epoch 920 / 4000 	 Time Taken: 10 sec
learning rate = 0.0001000
End of epoch 921 / 4000 	 Time Taken: 10 sec
learning rate = 0.0001000
(epoch: 922, iters: 320, time: 0.002) pos_err: 15.004 ori_err: 55.385 reproj_err: 1619.077 
End of epoch 922 / 4000 	 Time Taken: 10 sec
learning rate = 0.0001000
(epoch: 923, iters: 640, time: 0.002) pos_err: 14.557 ori_err: 52.431 reproj_err: 1361.388 
End of epoch 923 / 4000 	 Time Taken: 11 sec
learning rate = 0.0001000
(epoch: 924, iters: 960, time: 0.002) pos_err: 15.785 ori_err: 53.691 reproj_err: 1447.431 
End of epoch 924 / 4000 	 Time Taken: 11 sec
learning rate = 0.0001000
(epoch: 925, iters: 1280, time: 0.001) pos_err: 7.121 ori_err: 46.953 reproj_err: 135.861 
End of epoch 925 / 4000 	 Time Taken: 11 sec
learning rate = 0.0001000
End of epoch 926 / 4000 	 Time Taken: 10 sec
learning rate = 0.0001000
(epoch: 927, iters: 320, time: 0.001) pos_err: 13.699 ori_err: 51.809 reproj_err: 2000.983 
End of epoch 927 / 4000 	 Time Taken: 9 sec
learning rate = 0.0001000
(epoch: 928, iters: 640, time: 0.002) pos_err: 13.993 ori_err: 51.912 reproj_err: 1710.844 
End of epoch 928 / 4000 	 Time Taken: 10 sec
learning rate = 0.0001000
(epoch: 929, iters: 960, time: 0.002) pos_err: 14.996 ori_err: 51.388 reproj_err: 1472.462 
End of epoch 929 / 4000 	 Time Taken: 10 sec
learning rate = 0.0001000
(epoch: 930, iters: 1280, time: 0.001) pos_err: 14.728 ori_err: 45.946 reproj_err: 273.023 
saving the model at the end of epoch 930, iters 1190400
End of epoch 930 / 4000 	 Time Taken: 10 sec
learning rate = 0.0001000
End of epoch 931 / 4000 	 Time Taken: 10 sec
learning rate = 0.0001000
(epoch: 932, iters: 320, time: 0.002) pos_err: 13.749 ori_err: 54.501 reproj_err: 1980.160 
End of epoch 932 / 4000 	 Time Taken: 11 sec
learning rate = 0.0001000
(epoch: 933, iters: 640, time: 0.003) pos_err: 14.576 ori_err: 53.592 reproj_err: 2549.068 
End of epoch 933 / 4000 	 Time Taken: 10 sec
learning rate = 0.0001000
(epoch: 934, iters: 960, time: 0.002) pos_err: 13.554 ori_err: 51.878 reproj_err: 1860.399 
End of epoch 934 / 4000 	 Time Taken: 10 sec
learning rate = 0.0001000
(epoch: 935, iters: 1280, time: 0.001) pos_err: 16.936 ori_err: 49.501 reproj_err: 3851.226 
End of epoch 935 / 4000 	 Time Taken: 10 sec
learning rate = 0.0001000
End of epoch 936 / 4000 	 Time Taken: 10 sec
learning rate = 0.0001000
(epoch: 937, iters: 320, time: 0.002) pos_err: 17.110 ori_err: 53.172 reproj_err: 1247.841 
End of epoch 937 / 4000 	 Time Taken: 9 sec
learning rate = 0.0001000
(epoch: 938, iters: 640, time: 0.002) pos_err: 14.847 ori_err: 52.576 reproj_err: 1220.434 
End of epoch 938 / 4000 	 Time Taken: 10 sec
learning rate = 0.0001000
(epoch: 939, iters: 960, time: 0.002) pos_err: 13.098 ori_err: 48.399 reproj_err: 2095.907 
End of epoch 939 / 4000 	 Time Taken: 10 sec
learning rate = 0.0001000
(epoch: 940, iters: 1280, time: 0.001) pos_err: 20.273 ori_err: 45.519 reproj_err: 7066.321 
saving the model at the end of epoch 940, iters 1203200
End of epoch 940 / 4000 	 Time Taken: 10 sec
learning rate = 0.0001000
End of epoch 941 / 4000 	 Time Taken: 11 sec
learning rate = 0.0001000
(epoch: 942, iters: 320, time: 0.003) pos_err: 12.483 ori_err: 51.434 reproj_err: 1346.931 
End of epoch 942 / 4000 	 Time Taken: 9 sec
learning rate = 0.0001000
(epoch: 943, iters: 640, time: 0.001) pos_err: 14.182 ori_err: 54.914 reproj_err: 1428.721 
End of epoch 943 / 4000 	 Time Taken: 10 sec
learning rate = 0.0001000
(epoch: 944, iters: 960, time: 0.002) pos_err: 15.474 ori_err: 50.844 reproj_err: 2940.334 
End of epoch 944 / 4000 	 Time Taken: 10 sec
learning rate = 0.0001000
(epoch: 945, iters: 1280, time: 0.001) pos_err: 11.840 ori_err: 47.595 reproj_err: 296.376 
End of epoch 945 / 4000 	 Time Taken: 10 sec
learning rate = 0.0001000
End of epoch 946 / 4000 	 Time Taken: 10 sec
learning rate = 0.0001000
(epoch: 947, iters: 320, time: 0.002) pos_err: 12.479 ori_err: 55.661 reproj_err: 1058.688 
End of epoch 947 / 4000 	 Time Taken: 10 sec
learning rate = 0.0001000
(epoch: 948, iters: 640, time: 0.002) pos_err: 14.122 ori_err: 52.450 reproj_err: 2283.631 
End of epoch 948 / 4000 	 Time Taken: 9 sec
learning rate = 0.0001000
(epoch: 949, iters: 960, time: 0.002) pos_err: 14.560 ori_err: 57.421 reproj_err: 2278.913 
End of epoch 949 / 4000 	 Time Taken: 10 sec
learning rate = 0.0001000
(epoch: 950, iters: 1280, time: 0.001) pos_err: 9.355 ori_err: 41.149 reproj_err: 198.260 
saving the model at the end of epoch 950, iters 1216000
End of epoch 950 / 4000 	 Time Taken: 11 sec
learning rate = 0.0001000
End of epoch 951 / 4000 	 Time Taken: 10 sec
learning rate = 0.0001000
(epoch: 952, iters: 320, time: 0.002) pos_err: 16.944 ori_err: 52.228 reproj_err: 4229.144 
End of epoch 952 / 4000 	 Time Taken: 9 sec
learning rate = 0.0001000
(epoch: 953, iters: 640, time: 0.001) pos_err: 12.950 ori_err: 49.733 reproj_err: 865.384 
End of epoch 953 / 4000 	 Time Taken: 10 sec
learning rate = 0.0001000
(epoch: 954, iters: 960, time: 0.002) pos_err: 13.711 ori_err: 51.474 reproj_err: 2460.739 
End of epoch 954 / 4000 	 Time Taken: 10 sec
learning rate = 0.0001000
(epoch: 955, iters: 1280, time: 0.001) pos_err: 8.815 ori_err: 45.617 reproj_err: 246.721 
End of epoch 955 / 4000 	 Time Taken: 10 sec
learning rate = 0.0001000
End of epoch 956 / 4000 	 Time Taken: 10 sec
learning rate = 0.0001000
(epoch: 957, iters: 320, time: 0.002) pos_err: 14.223 ori_err: 54.332 reproj_err: 1963.016 
End of epoch 957 / 4000 	 Time Taken: 11 sec
learning rate = 0.0001000
(epoch: 958, iters: 640, time: 0.001) pos_err: 14.212 ori_err: 49.827 reproj_err: 2286.128 
End of epoch 958 / 4000 	 Time Taken: 10 sec
learning rate = 0.0001000
(epoch: 959, iters: 960, time: 0.002) pos_err: 14.726 ori_err: 55.602 reproj_err: 1770.573 
End of epoch 959 / 4000 	 Time Taken: 11 sec
learning rate = 0.0001000
(epoch: 960, iters: 1280, time: 0.001) pos_err: 8.935 ori_err: 55.067 reproj_err: 281.889 
saving the model at the end of epoch 960, iters 1228800
End of epoch 960 / 4000 	 Time Taken: 10 sec
learning rate = 0.0001000
End of epoch 961 / 4000 	 Time Taken: 10 sec
learning rate = 0.0001000
(epoch: 962, iters: 320, time: 0.002) pos_err: 13.464 ori_err: 54.082 reproj_err: 2392.384 
End of epoch 962 / 4000 	 Time Taken: 10 sec
learning rate = 0.0001000
(epoch: 963, iters: 640, time: 0.001) pos_err: 14.189 ori_err: 47.597 reproj_err: 1839.058 
End of epoch 963 / 4000 	 Time Taken: 10 sec
learning rate = 0.0001000
(epoch: 964, iters: 960, time: 0.002) pos_err: 13.979 ori_err: 49.377 reproj_err: 1346.690 
End of epoch 964 / 4000 	 Time Taken: 10 sec
learning rate = 0.0001000
(epoch: 965, iters: 1280, time: 0.001) pos_err: 20.397 ori_err: 43.240 reproj_err: 4148.324 
End of epoch 965 / 4000 	 Time Taken: 10 sec
learning rate = 0.0001000
End of epoch 966 / 4000 	 Time Taken: 11 sec
learning rate = 0.0001000
(epoch: 967, iters: 320, time: 0.002) pos_err: 16.130 ori_err: 56.310 reproj_err: 2002.421 
End of epoch 967 / 4000 	 Time Taken: 10 sec
learning rate = 0.0001000
(epoch: 968, iters: 640, time: 0.002) pos_err: 14.061 ori_err: 52.420 reproj_err: 1997.381 
End of epoch 968 / 4000 	 Time Taken: 11 sec
learning rate = 0.0001000
(epoch: 969, iters: 960, time: 0.002) pos_err: 13.490 ori_err: 50.991 reproj_err: 2051.975 
End of epoch 969 / 4000 	 Time Taken: 10 sec
learning rate = 0.0001000
(epoch: 970, iters: 1280, time: 0.001) pos_err: 10.947 ori_err: 41.971 reproj_err: 247.699 
saving the model at the end of epoch 970, iters 1241600
End of epoch 970 / 4000 	 Time Taken: 10 sec
learning rate = 0.0001000
End of epoch 971 / 4000 	 Time Taken: 9 sec
learning rate = 0.0001000
(epoch: 972, iters: 320, time: 0.002) pos_err: 14.832 ori_err: 52.990 reproj_err: 1229.025 
End of epoch 972 / 4000 	 Time Taken: 10 sec
learning rate = 0.0001000
(epoch: 973, iters: 640, time: 0.002) pos_err: 13.031 ori_err: 51.986 reproj_err: 2349.500 
End of epoch 973 / 4000 	 Time Taken: 10 sec
learning rate = 0.0001000
(epoch: 974, iters: 960, time: 0.002) pos_err: 13.785 ori_err: 50.798 reproj_err: 1621.647 
End of epoch 974 / 4000 	 Time Taken: 11 sec
learning rate = 0.0001000
(epoch: 975, iters: 1280, time: 0.002) pos_err: 11.364 ori_err: 46.572 reproj_err: 175.465 
End of epoch 975 / 4000 	 Time Taken: 10 sec
learning rate = 0.0001000
End of epoch 976 / 4000 	 Time Taken: 10 sec
learning rate = 0.0001000
(epoch: 977, iters: 320, time: 0.003) pos_err: 13.759 ori_err: 49.697 reproj_err: 1666.566 
End of epoch 977 / 4000 	 Time Taken: 10 sec
learning rate = 0.0001000
(epoch: 978, iters: 640, time: 0.002) pos_err: 14.817 ori_err: 50.520 reproj_err: 925.666 
End of epoch 978 / 4000 	 Time Taken: 10 sec
learning rate = 0.0001000
(epoch: 979, iters: 960, time: 0.002) pos_err: 15.406 ori_err: 51.370 reproj_err: 2783.834 
End of epoch 979 / 4000 	 Time Taken: 10 sec
learning rate = 0.0001000
(epoch: 980, iters: 1280, time: 0.001) pos_err: 12.576 ori_err: 49.658 reproj_err: 246.936 
saving the model at the end of epoch 980, iters 1254400
End of epoch 980 / 4000 	 Time Taken: 11 sec
learning rate = 0.0001000
End of epoch 981 / 4000 	 Time Taken: 9 sec
learning rate = 0.0001000
(epoch: 982, iters: 320, time: 0.002) pos_err: 14.855 ori_err: 50.906 reproj_err: 2193.776 
End of epoch 982 / 4000 	 Time Taken: 11 sec
learning rate = 0.0001000
(epoch: 983, iters: 640, time: 0.002) pos_err: 13.107 ori_err: 52.299 reproj_err: 1941.600 
End of epoch 983 / 4000 	 Time Taken: 10 sec
learning rate = 0.0001000
(epoch: 984, iters: 960, time: 0.002) pos_err: 13.276 ori_err: 52.217 reproj_err: 1212.652 
End of epoch 984 / 4000 	 Time Taken: 10 sec
learning rate = 0.0001000
(epoch: 985, iters: 1280, time: 0.001) pos_err: 11.812 ori_err: 53.430 reproj_err: 284.265 
End of epoch 985 / 4000 	 Time Taken: 11 sec
learning rate = 0.0001000
End of epoch 986 / 4000 	 Time Taken: 10 sec
learning rate = 0.0001000
(epoch: 987, iters: 320, time: 0.002) pos_err: 13.967 ori_err: 49.956 reproj_err: 1815.757 
End of epoch 987 / 4000 	 Time Taken: 10 sec
learning rate = 0.0001000
(epoch: 988, iters: 640, time: 0.001) pos_err: 14.042 ori_err: 57.484 reproj_err: 2033.433 
End of epoch 988 / 4000 	 Time Taken: 9 sec
learning rate = 0.0001000
(epoch: 989, iters: 960, time: 0.002) pos_err: 13.764 ori_err: 53.235 reproj_err: 1382.252 
End of epoch 989 / 4000 	 Time Taken: 10 sec
learning rate = 0.0001000
(epoch: 990, iters: 1280, time: 0.001) pos_err: 12.761 ori_err: 43.182 reproj_err: 501.744 
saving the model at the end of epoch 990, iters 1267200
End of epoch 990 / 4000 	 Time Taken: 10 sec
learning rate = 0.0001000
End of epoch 991 / 4000 	 Time Taken: 11 sec
learning rate = 0.0001000
(epoch: 992, iters: 320, time: 0.002) pos_err: 13.057 ori_err: 56.174 reproj_err: 1361.988 
End of epoch 992 / 4000 	 Time Taken: 10 sec
learning rate = 0.0001000
(epoch: 993, iters: 640, time: 0.002) pos_err: 14.728 ori_err: 47.389 reproj_err: 1401.437 
End of epoch 993 / 4000 	 Time Taken: 10 sec
learning rate = 0.0001000
(epoch: 994, iters: 960, time: 0.002) pos_err: 14.238 ori_err: 50.223 reproj_err: 2922.181 
End of epoch 994 / 4000 	 Time Taken: 10 sec
learning rate = 0.0001000
(epoch: 995, iters: 1280, time: 0.001) pos_err: 15.962 ori_err: 45.630 reproj_err: 370.831 
End of epoch 995 / 4000 	 Time Taken: 10 sec
learning rate = 0.0001000
End of epoch 996 / 4000 	 Time Taken: 10 sec
learning rate = 0.0001000
(epoch: 997, iters: 320, time: 0.001) pos_err: 13.736 ori_err: 51.795 reproj_err: 2062.445 
End of epoch 997 / 4000 	 Time Taken: 10 sec
learning rate = 0.0001000
(epoch: 998, iters: 640, time: 0.002) pos_err: 13.894 ori_err: 51.903 reproj_err: 1565.675 
End of epoch 998 / 4000 	 Time Taken: 11 sec
learning rate = 0.0001000
(epoch: 999, iters: 960, time: 0.002) pos_err: 13.105 ori_err: 48.908 reproj_err: 2515.307 
End of epoch 999 / 4000 	 Time Taken: 10 sec
learning rate = 0.0001000
(epoch: 1000, iters: 1280, time: 0.001) pos_err: 10.701 ori_err: 43.313 reproj_err: 283.452 
saving the model at the end of epoch 1000, iters 1280000
End of epoch 1000 / 4000 	 Time Taken: 11 sec
learning rate = 0.0001000
End of epoch 1001 / 4000 	 Time Taken: 11 sec
learning rate = 0.0001000
(epoch: 1002, iters: 320, time: 0.002) pos_err: 14.575 ori_err: 51.529 reproj_err: 1985.350 
End of epoch 1002 / 4000 	 Time Taken: 10 sec
learning rate = 0.0001000
(epoch: 1003, iters: 640, time: 0.002) pos_err: 13.937 ori_err: 48.162 reproj_err: 2070.244 
End of epoch 1003 / 4000 	 Time Taken: 9 sec
learning rate = 0.0001000
(epoch: 1004, iters: 960, time: 0.002) pos_err: 13.447 ori_err: 50.448 reproj_err: 1141.066 
End of epoch 1004 / 4000 	 Time Taken: 9 sec
learning rate = 0.0001000
(epoch: 1005, iters: 1280, time: 0.001) pos_err: 16.612 ori_err: 43.337 reproj_err: 2035.066 
End of epoch 1005 / 4000 	 Time Taken: 10 sec
learning rate = 0.0001000
End of epoch 1006 / 4000 	 Time Taken: 10 sec
learning rate = 0.0001000
(epoch: 1007, iters: 320, time: 0.002) pos_err: 13.759 ori_err: 50.347 reproj_err: 2249.625 
End of epoch 1007 / 4000 	 Time Taken: 10 sec
learning rate = 0.0001000
(epoch: 1008, iters: 640, time: 0.001) pos_err: 13.766 ori_err: 52.378 reproj_err: 1303.122 
End of epoch 1008 / 4000 	 Time Taken: 10 sec
learning rate = 0.0001000
(epoch: 1009, iters: 960, time: 0.002) pos_err: 13.198 ori_err: 50.847 reproj_err: 2014.850 
End of epoch 1009 / 4000 	 Time Taken: 10 sec
learning rate = 0.0001000
(epoch: 1010, iters: 1280, time: 0.001) pos_err: 12.216 ori_err: 42.087 reproj_err: 2180.875 
saving the model at the end of epoch 1010, iters 1292800
End of epoch 1010 / 4000 	 Time Taken: 11 sec
learning rate = 0.0001000
End of epoch 1011 / 4000 	 Time Taken: 9 sec
learning rate = 0.0001000
(epoch: 1012, iters: 320, time: 0.002) pos_err: 13.703 ori_err: 50.606 reproj_err: 2506.720 
End of epoch 1012 / 4000 	 Time Taken: 10 sec
learning rate = 0.0001000
(epoch: 1013, iters: 640, time: 0.001) pos_err: 15.018 ori_err: 50.464 reproj_err: 2958.504 
End of epoch 1013 / 4000 	 Time Taken: 11 sec
learning rate = 0.0001000
(epoch: 1014, iters: 960, time: 0.002) pos_err: 13.776 ori_err: 51.074 reproj_err: 1622.440 
End of epoch 1014 / 4000 	 Time Taken: 11 sec
learning rate = 0.0001000
(epoch: 1015, iters: 1280, time: 0.001) pos_err: 9.428 ori_err: 42.027 reproj_err: 448.181 
End of epoch 1015 / 4000 	 Time Taken: 10 sec
learning rate = 0.0001000
End of epoch 1016 / 4000 	 Time Taken: 10 sec
learning rate = 0.0001000
(epoch: 1017, iters: 320, time: 0.002) pos_err: 13.218 ori_err: 51.308 reproj_err: 721.266 
End of epoch 1017 / 4000 	 Time Taken: 10 sec
learning rate = 0.0001000
(epoch: 1018, iters: 640, time: 0.002) pos_err: 13.785 ori_err: 45.547 reproj_err: 1103.599 
End of epoch 1018 / 4000 	 Time Taken: 10 sec
learning rate = 0.0001000
(epoch: 1019, iters: 960, time: 0.002) pos_err: 13.466 ori_err: 54.022 reproj_err: 2192.338 
End of epoch 1019 / 4000 	 Time Taken: 11 sec
learning rate = 0.0001000
(epoch: 1020, iters: 1280, time: 0.001) pos_err: 21.654 ori_err: 56.101 reproj_err: 6111.615 
saving the model at the end of epoch 1020, iters 1305600
End of epoch 1020 / 4000 	 Time Taken: 11 sec
learning rate = 0.0001000
End of epoch 1021 / 4000 	 Time Taken: 10 sec
learning rate = 0.0001000
(epoch: 1022, iters: 320, time: 0.002) pos_err: 12.839 ori_err: 49.122 reproj_err: 1719.074 
End of epoch 1022 / 4000 	 Time Taken: 9 sec
learning rate = 0.0001000
(epoch: 1023, iters: 640, time: 0.001) pos_err: 14.418 ori_err: 52.283 reproj_err: 1842.007 
End of epoch 1023 / 4000 	 Time Taken: 10 sec
learning rate = 0.0001000
(epoch: 1024, iters: 960, time: 0.002) pos_err: 14.545 ori_err: 48.182 reproj_err: 2095.858 
End of epoch 1024 / 4000 	 Time Taken: 10 sec
learning rate = 0.0001000
(epoch: 1025, iters: 1280, time: 0.001) pos_err: 12.971 ori_err: 55.885 reproj_err: 569.730 
End of epoch 1025 / 4000 	 Time Taken: 9 sec
learning rate = 0.0001000
End of epoch 1026 / 4000 	 Time Taken: 9 sec
learning rate = 0.0001000
(epoch: 1027, iters: 320, time: 0.002) pos_err: 14.817 ori_err: 57.106 reproj_err: 2373.193 
End of epoch 1027 / 4000 	 Time Taken: 10 sec
learning rate = 0.0001000
(epoch: 1028, iters: 640, time: 0.002) pos_err: 14.975 ori_err: 53.747 reproj_err: 2377.578 
End of epoch 1028 / 4000 	 Time Taken: 10 sec
learning rate = 0.0001000
(epoch: 1029, iters: 960, time: 0.002) pos_err: 13.550 ori_err: 48.275 reproj_err: 1670.176 
End of epoch 1029 / 4000 	 Time Taken: 10 sec
learning rate = 0.0001000
(epoch: 1030, iters: 1280, time: 0.001) pos_err: 15.362 ori_err: 42.001 reproj_err: 7025.740 
saving the model at the end of epoch 1030, iters 1318400
End of epoch 1030 / 4000 	 Time Taken: 10 sec
learning rate = 0.0001000
End of epoch 1031 / 4000 	 Time Taken: 10 sec
learning rate = 0.0001000
(epoch: 1032, iters: 320, time: 0.003) pos_err: 14.009 ori_err: 48.740 reproj_err: 1215.181 
End of epoch 1032 / 4000 	 Time Taken: 9 sec
learning rate = 0.0001000
(epoch: 1033, iters: 640, time: 0.001) pos_err: 14.340 ori_err: 49.463 reproj_err: 2644.121 
End of epoch 1033 / 4000 	 Time Taken: 10 sec
learning rate = 0.0001000
(epoch: 1034, iters: 960, time: 0.002) pos_err: 13.510 ori_err: 51.510 reproj_err: 1187.273 
End of epoch 1034 / 4000 	 Time Taken: 10 sec
learning rate = 0.0001000
(epoch: 1035, iters: 1280, time: 0.002) pos_err: 15.649 ori_err: 43.056 reproj_err: 280.062 
End of epoch 1035 / 4000 	 Time Taken: 10 sec
learning rate = 0.0001000
End of epoch 1036 / 4000 	 Time Taken: 10 sec
learning rate = 0.0001000
(epoch: 1037, iters: 320, time: 0.002) pos_err: 13.852 ori_err: 51.280 reproj_err: 1811.544 
End of epoch 1037 / 4000 	 Time Taken: 10 sec
learning rate = 0.0001000
(epoch: 1038, iters: 640, time: 0.002) pos_err: 13.923 ori_err: 51.421 reproj_err: 1422.453 
End of epoch 1038 / 4000 	 Time Taken: 9 sec
learning rate = 0.0001000
(epoch: 1039, iters: 960, time: 0.002) pos_err: 12.655 ori_err: 52.861 reproj_err: 1367.781 
End of epoch 1039 / 4000 	 Time Taken: 11 sec
learning rate = 0.0001000
(epoch: 1040, iters: 1280, time: 0.001) pos_err: 18.343 ori_err: 42.474 reproj_err: 1855.263 
saving the model at the end of epoch 1040, iters 1331200
End of epoch 1040 / 4000 	 Time Taken: 10 sec
learning rate = 0.0001000
End of epoch 1041 / 4000 	 Time Taken: 10 sec
learning rate = 0.0001000
(epoch: 1042, iters: 320, time: 0.002) pos_err: 13.621 ori_err: 54.735 reproj_err: 1656.898 
End of epoch 1042 / 4000 	 Time Taken: 11 sec
learning rate = 0.0001000
(epoch: 1043, iters: 640, time: 0.002) pos_err: 14.940 ori_err: 48.401 reproj_err: 3036.027 
End of epoch 1043 / 4000 	 Time Taken: 11 sec
learning rate = 0.0001000
(epoch: 1044, iters: 960, time: 0.002) pos_err: 13.686 ori_err: 49.181 reproj_err: 2714.513 
End of epoch 1044 / 4000 	 Time Taken: 9 sec
learning rate = 0.0001000
(epoch: 1045, iters: 1280, time: 0.001) pos_err: 15.918 ori_err: 37.509 reproj_err: 4392.187 
End of epoch 1045 / 4000 	 Time Taken: 10 sec
learning rate = 0.0001000
End of epoch 1046 / 4000 	 Time Taken: 11 sec
learning rate = 0.0001000
(epoch: 1047, iters: 320, time: 0.002) pos_err: 15.149 ori_err: 49.052 reproj_err: 1422.500 
End of epoch 1047 / 4000 	 Time Taken: 9 sec
learning rate = 0.0001000
(epoch: 1048, iters: 640, time: 0.001) pos_err: 15.958 ori_err: 52.486 reproj_err: 3102.254 
End of epoch 1048 / 4000 	 Time Taken: 10 sec
learning rate = 0.0001000
(epoch: 1049, iters: 960, time: 0.002) pos_err: 12.973 ori_err: 52.313 reproj_err: 1186.295 
End of epoch 1049 / 4000 	 Time Taken: 10 sec
learning rate = 0.0001000
(epoch: 1050, iters: 1280, time: 0.001) pos_err: 12.612 ori_err: 61.861 reproj_err: 584.930 
saving the model at the end of epoch 1050, iters 1344000
End of epoch 1050 / 4000 	 Time Taken: 11 sec
learning rate = 0.0001000
End of epoch 1051 / 4000 	 Time Taken: 10 sec
learning rate = 0.0001000
(epoch: 1052, iters: 320, time: 0.002) pos_err: 12.443 ori_err: 46.300 reproj_err: 1151.899 
End of epoch 1052 / 4000 	 Time Taken: 10 sec
learning rate = 0.0001000
(epoch: 1053, iters: 640, time: 0.001) pos_err: 13.908 ori_err: 45.453 reproj_err: 2070.130 
End of epoch 1053 / 4000 	 Time Taken: 11 sec
learning rate = 0.0001000
(epoch: 1054, iters: 960, time: 0.002) pos_err: 14.836 ori_err: 45.162 reproj_err: 2405.436 
End of epoch 1054 / 4000 	 Time Taken: 10 sec
learning rate = 0.0001000
(epoch: 1055, iters: 1280, time: 0.001) pos_err: 13.811 ori_err: 46.949 reproj_err: 1939.373 
End of epoch 1055 / 4000 	 Time Taken: 10 sec
learning rate = 0.0001000
End of epoch 1056 / 4000 	 Time Taken: 11 sec
learning rate = 0.0001000
(epoch: 1057, iters: 320, time: 0.002) pos_err: 11.650 ori_err: 50.221 reproj_err: 846.797 
End of epoch 1057 / 4000 	 Time Taken: 11 sec
learning rate = 0.0001000
(epoch: 1058, iters: 640, time: 0.002) pos_err: 13.938 ori_err: 48.324 reproj_err: 1554.025 
End of epoch 1058 / 4000 	 Time Taken: 11 sec
learning rate = 0.0001000
(epoch: 1059, iters: 960, time: 0.002) pos_err: 13.480 ori_err: 47.214 reproj_err: 1553.039 
End of epoch 1059 / 4000 	 Time Taken: 10 sec
learning rate = 0.0001000
(epoch: 1060, iters: 1280, time: 0.001) pos_err: 11.449 ori_err: 52.632 reproj_err: 1101.835 
saving the model at the end of epoch 1060, iters 1356800
End of epoch 1060 / 4000 	 Time Taken: 11 sec
learning rate = 0.0001000
End of epoch 1061 / 4000 	 Time Taken: 10 sec
learning rate = 0.0001000
(epoch: 1062, iters: 320, time: 0.002) pos_err: 12.267 ori_err: 47.356 reproj_err: 1822.657 
End of epoch 1062 / 4000 	 Time Taken: 10 sec
learning rate = 0.0001000
(epoch: 1063, iters: 640, time: 0.001) pos_err: 12.964 ori_err: 50.751 reproj_err: 1513.840 
End of epoch 1063 / 4000 	 Time Taken: 11 sec
learning rate = 0.0001000
(epoch: 1064, iters: 960, time: 0.002) pos_err: 13.249 ori_err: 50.942 reproj_err: 1729.421 
End of epoch 1064 / 4000 	 Time Taken: 9 sec
learning rate = 0.0001000
(epoch: 1065, iters: 1280, time: 0.002) pos_err: 19.862 ori_err: 46.860 reproj_err: 6131.936 
End of epoch 1065 / 4000 	 Time Taken: 10 sec
learning rate = 0.0001000
End of epoch 1066 / 4000 	 Time Taken: 11 sec
learning rate = 0.0001000
(epoch: 1067, iters: 320, time: 0.002) pos_err: 14.107 ori_err: 47.753 reproj_err: 1650.679 
End of epoch 1067 / 4000 	 Time Taken: 10 sec
learning rate = 0.0001000
(epoch: 1068, iters: 640, time: 0.002) pos_err: 15.172 ori_err: 49.989 reproj_err: 2552.973 
End of epoch 1068 / 4000 	 Time Taken: 10 sec
learning rate = 0.0001000
(epoch: 1069, iters: 960, time: 0.002) pos_err: 13.206 ori_err: 49.956 reproj_err: 1477.108 
End of epoch 1069 / 4000 	 Time Taken: 10 sec
learning rate = 0.0001000
(epoch: 1070, iters: 1280, time: 0.001) pos_err: 9.688 ori_err: 53.457 reproj_err: 1305.829 
saving the model at the end of epoch 1070, iters 1369600
End of epoch 1070 / 4000 	 Time Taken: 11 sec
learning rate = 0.0001000
End of epoch 1071 / 4000 	 Time Taken: 11 sec
learning rate = 0.0001000
(epoch: 1072, iters: 320, time: 0.003) pos_err: 13.430 ori_err: 48.586 reproj_err: 1204.154 
End of epoch 1072 / 4000 	 Time Taken: 10 sec
learning rate = 0.0001000
(epoch: 1073, iters: 640, time: 0.002) pos_err: 14.171 ori_err: 48.531 reproj_err: 1877.314 
End of epoch 1073 / 4000 	 Time Taken: 11 sec
learning rate = 0.0001000
(epoch: 1074, iters: 960, time: 0.002) pos_err: 15.710 ori_err: 53.871 reproj_err: 1147.717 
End of epoch 1074 / 4000 	 Time Taken: 10 sec
learning rate = 0.0001000
(epoch: 1075, iters: 1280, time: 0.001) pos_err: 16.373 ori_err: 72.512 reproj_err: 2851.508 
End of epoch 1075 / 4000 	 Time Taken: 10 sec
learning rate = 0.0001000
End of epoch 1076 / 4000 	 Time Taken: 10 sec
learning rate = 0.0001000
(epoch: 1077, iters: 320, time: 0.002) pos_err: 12.923 ori_err: 50.682 reproj_err: 1939.754 
End of epoch 1077 / 4000 	 Time Taken: 9 sec
learning rate = 0.0001000
(epoch: 1078, iters: 640, time: 0.002) pos_err: 14.419 ori_err: 51.708 reproj_err: 1162.963 
End of epoch 1078 / 4000 	 Time Taken: 10 sec
learning rate = 0.0001000
(epoch: 1079, iters: 960, time: 0.002) pos_err: 13.331 ori_err: 50.440 reproj_err: 2290.464 
End of epoch 1079 / 4000 	 Time Taken: 11 sec
learning rate = 0.0001000
(epoch: 1080, iters: 1280, time: 0.001) pos_err: 8.560 ori_err: 65.415 reproj_err: 144.889 
saving the model at the end of epoch 1080, iters 1382400
End of epoch 1080 / 4000 	 Time Taken: 11 sec
learning rate = 0.0001000
End of epoch 1081 / 4000 	 Time Taken: 10 sec
learning rate = 0.0001000
(epoch: 1082, iters: 320, time: 0.003) pos_err: 13.751 ori_err: 52.885 reproj_err: 1569.101 
End of epoch 1082 / 4000 	 Time Taken: 10 sec
learning rate = 0.0001000
(epoch: 1083, iters: 640, time: 0.002) pos_err: 13.640 ori_err: 46.074 reproj_err: 2813.913 
End of epoch 1083 / 4000 	 Time Taken: 10 sec
learning rate = 0.0001000
(epoch: 1084, iters: 960, time: 0.002) pos_err: 13.917 ori_err: 49.652 reproj_err: 2200.449 
End of epoch 1084 / 4000 	 Time Taken: 10 sec
learning rate = 0.0001000
(epoch: 1085, iters: 1280, time: 0.001) pos_err: 27.017 ori_err: 46.809 reproj_err: 646.406 
End of epoch 1085 / 4000 	 Time Taken: 11 sec
learning rate = 0.0001000
End of epoch 1086 / 4000 	 Time Taken: 11 sec
learning rate = 0.0001000
(epoch: 1087, iters: 320, time: 0.002) pos_err: 13.859 ori_err: 48.936 reproj_err: 2142.874 
End of epoch 1087 / 4000 	 Time Taken: 10 sec
learning rate = 0.0001000
(epoch: 1088, iters: 640, time: 0.002) pos_err: 13.416 ori_err: 50.056 reproj_err: 1111.852 
End of epoch 1088 / 4000 	 Time Taken: 10 sec
learning rate = 0.0001000
(epoch: 1089, iters: 960, time: 0.002) pos_err: 13.386 ori_err: 48.130 reproj_err: 934.558 
End of epoch 1089 / 4000 	 Time Taken: 10 sec
learning rate = 0.0001000
(epoch: 1090, iters: 1280, time: 0.001) pos_err: 9.408 ori_err: 59.748 reproj_err: 189.009 
saving the model at the end of epoch 1090, iters 1395200
End of epoch 1090 / 4000 	 Time Taken: 10 sec
learning rate = 0.0001000
End of epoch 1091 / 4000 	 Time Taken: 11 sec
learning rate = 0.0001000
(epoch: 1092, iters: 320, time: 0.002) pos_err: 14.951 ori_err: 47.284 reproj_err: 2177.039 
End of epoch 1092 / 4000 	 Time Taken: 10 sec
learning rate = 0.0001000
(epoch: 1093, iters: 640, time: 0.001) pos_err: 13.498 ori_err: 52.950 reproj_err: 1022.124 
End of epoch 1093 / 4000 	 Time Taken: 9 sec
learning rate = 0.0001000
(epoch: 1094, iters: 960, time: 0.002) pos_err: 13.102 ori_err: 48.159 reproj_err: 1310.680 
End of epoch 1094 / 4000 	 Time Taken: 10 sec
learning rate = 0.0001000
(epoch: 1095, iters: 1280, time: 0.001) pos_err: 13.480 ori_err: 45.424 reproj_err: 962.131 
End of epoch 1095 / 4000 	 Time Taken: 10 sec
learning rate = 0.0001000
End of epoch 1096 / 4000 	 Time Taken: 10 sec
learning rate = 0.0001000
(epoch: 1097, iters: 320, time: 0.003) pos_err: 16.170 ori_err: 51.147 reproj_err: 2694.857 
End of epoch 1097 / 4000 	 Time Taken: 9 sec
learning rate = 0.0001000
(epoch: 1098, iters: 640, time: 0.002) pos_err: 14.414 ori_err: 52.724 reproj_err: 1294.037 
End of epoch 1098 / 4000 	 Time Taken: 10 sec
learning rate = 0.0001000
(epoch: 1099, iters: 960, time: 0.002) pos_err: 13.603 ori_err: 52.772 reproj_err: 854.952 
End of epoch 1099 / 4000 	 Time Taken: 9 sec
learning rate = 0.0001000
(epoch: 1100, iters: 1280, time: 0.001) pos_err: 7.620 ori_err: 32.498 reproj_err: 129.460 
saving the model at the end of epoch 1100, iters 1408000
End of epoch 1100 / 4000 	 Time Taken: 10 sec
learning rate = 0.0001000
End of epoch 1101 / 4000 	 Time Taken: 10 sec
learning rate = 0.0001000
(epoch: 1102, iters: 320, time: 0.002) pos_err: 11.999 ori_err: 50.624 reproj_err: 1150.350 
End of epoch 1102 / 4000 	 Time Taken: 9 sec
learning rate = 0.0001000
(epoch: 1103, iters: 640, time: 0.002) pos_err: 16.278 ori_err: 49.512 reproj_err: 2728.825 
End of epoch 1103 / 4000 	 Time Taken: 11 sec
learning rate = 0.0001000
(epoch: 1104, iters: 960, time: 0.002) pos_err: 14.630 ori_err: 52.494 reproj_err: 2141.165 
End of epoch 1104 / 4000 	 Time Taken: 10 sec
learning rate = 0.0001000
(epoch: 1105, iters: 1280, time: 0.001) pos_err: 12.928 ori_err: 39.700 reproj_err: 2498.891 
End of epoch 1105 / 4000 	 Time Taken: 11 sec
learning rate = 0.0001000
End of epoch 1106 / 4000 	 Time Taken: 9 sec
learning rate = 0.0001000
(epoch: 1107, iters: 320, time: 0.002) pos_err: 13.280 ori_err: 47.248 reproj_err: 1429.412 
End of epoch 1107 / 4000 	 Time Taken: 11 sec
learning rate = 0.0001000
(epoch: 1108, iters: 640, time: 0.002) pos_err: 14.163 ori_err: 51.525 reproj_err: 2648.129 
End of epoch 1108 / 4000 	 Time Taken: 10 sec
learning rate = 0.0001000
(epoch: 1109, iters: 960, time: 0.002) pos_err: 14.315 ori_err: 52.545 reproj_err: 1520.404 
End of epoch 1109 / 4000 	 Time Taken: 10 sec
learning rate = 0.0001000
(epoch: 1110, iters: 1280, time: 0.001) pos_err: 10.944 ori_err: 50.555 reproj_err: 346.427 
saving the model at the end of epoch 1110, iters 1420800
End of epoch 1110 / 4000 	 Time Taken: 11 sec
learning rate = 0.0001000
End of epoch 1111 / 4000 	 Time Taken: 10 sec
learning rate = 0.0001000
(epoch: 1112, iters: 320, time: 0.002) pos_err: 14.814 ori_err: 50.369 reproj_err: 1436.237 
End of epoch 1112 / 4000 	 Time Taken: 11 sec
learning rate = 0.0001000
(epoch: 1113, iters: 640, time: 0.002) pos_err: 15.030 ori_err: 51.094 reproj_err: 1690.530 
End of epoch 1113 / 4000 	 Time Taken: 11 sec
learning rate = 0.0001000
(epoch: 1114, iters: 960, time: 0.002) pos_err: 14.394 ori_err: 51.548 reproj_err: 2901.125 
End of epoch 1114 / 4000 	 Time Taken: 11 sec
learning rate = 0.0001000
(epoch: 1115, iters: 1280, time: 0.002) pos_err: 9.745 ori_err: 51.682 reproj_err: 210.665 
End of epoch 1115 / 4000 	 Time Taken: 11 sec
learning rate = 0.0001000
End of epoch 1116 / 4000 	 Time Taken: 10 sec
learning rate = 0.0001000
(epoch: 1117, iters: 320, time: 0.002) pos_err: 15.285 ori_err: 50.669 reproj_err: 2348.043 
End of epoch 1117 / 4000 	 Time Taken: 10 sec
learning rate = 0.0001000
(epoch: 1118, iters: 640, time: 0.002) pos_err: 13.426 ori_err: 47.767 reproj_err: 1916.743 
End of epoch 1118 / 4000 	 Time Taken: 10 sec
learning rate = 0.0001000
(epoch: 1119, iters: 960, time: 0.002) pos_err: 13.507 ori_err: 49.889 reproj_err: 2749.129 
End of epoch 1119 / 4000 	 Time Taken: 9 sec
learning rate = 0.0001000
(epoch: 1120, iters: 1280, time: 0.001) pos_err: 14.173 ori_err: 38.182 reproj_err: 2990.588 
saving the model at the end of epoch 1120, iters 1433600
End of epoch 1120 / 4000 	 Time Taken: 10 sec
learning rate = 0.0001000
End of epoch 1121 / 4000 	 Time Taken: 10 sec
learning rate = 0.0001000
(epoch: 1122, iters: 320, time: 0.001) pos_err: 14.475 ori_err: 46.858 reproj_err: 2104.507 
End of epoch 1122 / 4000 	 Time Taken: 10 sec
learning rate = 0.0001000
(epoch: 1123, iters: 640, time: 0.002) pos_err: 12.508 ori_err: 48.677 reproj_err: 1435.795 
End of epoch 1123 / 4000 	 Time Taken: 10 sec
learning rate = 0.0001000
(epoch: 1124, iters: 960, time: 0.002) pos_err: 14.214 ori_err: 42.306 reproj_err: 2536.364 
End of epoch 1124 / 4000 	 Time Taken: 10 sec
learning rate = 0.0001000
(epoch: 1125, iters: 1280, time: 0.001) pos_err: 19.353 ori_err: 32.333 reproj_err: 312.259 
End of epoch 1125 / 4000 	 Time Taken: 11 sec
learning rate = 0.0001000
End of epoch 1126 / 4000 	 Time Taken: 10 sec
learning rate = 0.0001000
(epoch: 1127, iters: 320, time: 0.002) pos_err: 13.802 ori_err: 52.947 reproj_err: 1688.131 
End of epoch 1127 / 4000 	 Time Taken: 10 sec
learning rate = 0.0001000
(epoch: 1128, iters: 640, time: 0.002) pos_err: 13.604 ori_err: 47.496 reproj_err: 1863.730 
End of epoch 1128 / 4000 	 Time Taken: 10 sec
learning rate = 0.0001000
(epoch: 1129, iters: 960, time: 0.002) pos_err: 15.346 ori_err: 51.754 reproj_err: 1661.464 
End of epoch 1129 / 4000 	 Time Taken: 10 sec
learning rate = 0.0001000
(epoch: 1130, iters: 1280, time: 0.001) pos_err: 18.770 ori_err: 46.414 reproj_err: 207.658 
saving the model at the end of epoch 1130, iters 1446400
End of epoch 1130 / 4000 	 Time Taken: 11 sec
learning rate = 0.0001000
End of epoch 1131 / 4000 	 Time Taken: 10 sec
learning rate = 0.0001000
(epoch: 1132, iters: 320, time: 0.002) pos_err: 14.581 ori_err: 48.641 reproj_err: 1474.542 
End of epoch 1132 / 4000 	 Time Taken: 10 sec
learning rate = 0.0001000
(epoch: 1133, iters: 640, time: 0.001) pos_err: 14.045 ori_err: 50.331 reproj_err: 2085.092 
End of epoch 1133 / 4000 	 Time Taken: 10 sec
learning rate = 0.0001000
(epoch: 1134, iters: 960, time: 0.002) pos_err: 14.340 ori_err: 48.190 reproj_err: 1694.000 
End of epoch 1134 / 4000 	 Time Taken: 10 sec
learning rate = 0.0001000
(epoch: 1135, iters: 1280, time: 0.001) pos_err: 11.906 ori_err: 52.164 reproj_err: 277.409 
End of epoch 1135 / 4000 	 Time Taken: 10 sec
learning rate = 0.0001000
End of epoch 1136 / 4000 	 Time Taken: 11 sec
learning rate = 0.0001000
(epoch: 1137, iters: 320, time: 0.002) pos_err: 11.717 ori_err: 48.910 reproj_err: 1249.677 
End of epoch 1137 / 4000 	 Time Taken: 10 sec
learning rate = 0.0001000
(epoch: 1138, iters: 640, time: 0.002) pos_err: 15.055 ori_err: 53.784 reproj_err: 3671.275 
End of epoch 1138 / 4000 	 Time Taken: 10 sec
learning rate = 0.0001000
(epoch: 1139, iters: 960, time: 0.002) pos_err: 13.494 ori_err: 42.391 reproj_err: 2260.230 
End of epoch 1139 / 4000 	 Time Taken: 9 sec
learning rate = 0.0001000
(epoch: 1140, iters: 1280, time: 0.001) pos_err: 12.261 ori_err: 37.543 reproj_err: 256.511 
saving the model at the end of epoch 1140, iters 1459200
End of epoch 1140 / 4000 	 Time Taken: 10 sec
learning rate = 0.0001000
End of epoch 1141 / 4000 	 Time Taken: 10 sec
learning rate = 0.0001000
(epoch: 1142, iters: 320, time: 0.002) pos_err: 14.095 ori_err: 52.046 reproj_err: 1494.811 
End of epoch 1142 / 4000 	 Time Taken: 10 sec
learning rate = 0.0001000
(epoch: 1143, iters: 640, time: 0.002) pos_err: 14.619 ori_err: 50.427 reproj_err: 1667.826 
End of epoch 1143 / 4000 	 Time Taken: 10 sec
learning rate = 0.0001000
(epoch: 1144, iters: 960, time: 0.002) pos_err: 14.384 ori_err: 48.688 reproj_err: 2324.028 
End of epoch 1144 / 4000 	 Time Taken: 10 sec
learning rate = 0.0001000
(epoch: 1145, iters: 1280, time: 0.001) pos_err: 9.976 ori_err: 57.864 reproj_err: 2409.924 
End of epoch 1145 / 4000 	 Time Taken: 10 sec
learning rate = 0.0001000
End of epoch 1146 / 4000 	 Time Taken: 10 sec
learning rate = 0.0001000
(epoch: 1147, iters: 320, time: 0.002) pos_err: 12.868 ori_err: 49.719 reproj_err: 903.950 
End of epoch 1147 / 4000 	 Time Taken: 10 sec
learning rate = 0.0001000
(epoch: 1148, iters: 640, time: 0.001) pos_err: 12.820 ori_err: 48.932 reproj_err: 1801.852 
End of epoch 1148 / 4000 	 Time Taken: 10 sec
learning rate = 0.0001000
(epoch: 1149, iters: 960, time: 0.002) pos_err: 14.506 ori_err: 52.399 reproj_err: 1302.835 
End of epoch 1149 / 4000 	 Time Taken: 11 sec
learning rate = 0.0001000
(epoch: 1150, iters: 1280, time: 0.001) pos_err: 9.184 ori_err: 40.092 reproj_err: 255.523 
saving the model at the end of epoch 1150, iters 1472000
End of epoch 1150 / 4000 	 Time Taken: 11 sec
learning rate = 0.0001000
End of epoch 1151 / 4000 	 Time Taken: 10 sec
learning rate = 0.0001000
(epoch: 1152, iters: 320, time: 0.002) pos_err: 12.484 ori_err: 51.668 reproj_err: 684.926 
End of epoch 1152 / 4000 	 Time Taken: 10 sec
learning rate = 0.0001000
(epoch: 1153, iters: 640, time: 0.002) pos_err: 14.969 ori_err: 46.707 reproj_err: 3486.875 
End of epoch 1153 / 4000 	 Time Taken: 9 sec
learning rate = 0.0001000
(epoch: 1154, iters: 960, time: 0.002) pos_err: 14.527 ori_err: 48.109 reproj_err: 971.642 
End of epoch 1154 / 4000 	 Time Taken: 10 sec
learning rate = 0.0001000
(epoch: 1155, iters: 1280, time: 0.001) pos_err: 14.729 ori_err: 51.798 reproj_err: 462.900 
End of epoch 1155 / 4000 	 Time Taken: 10 sec
learning rate = 0.0001000
End of epoch 1156 / 4000 	 Time Taken: 9 sec
learning rate = 0.0001000
(epoch: 1157, iters: 320, time: 0.003) pos_err: 15.038 ori_err: 45.957 reproj_err: 1208.588 
End of epoch 1157 / 4000 	 Time Taken: 9 sec
learning rate = 0.0001000
(epoch: 1158, iters: 640, time: 0.002) pos_err: 11.678 ori_err: 50.426 reproj_err: 856.640 
End of epoch 1158 / 4000 	 Time Taken: 10 sec
learning rate = 0.0001000
(epoch: 1159, iters: 960, time: 0.002) pos_err: 12.448 ori_err: 47.076 reproj_err: 1313.285 
End of epoch 1159 / 4000 	 Time Taken: 10 sec
learning rate = 0.0001000
(epoch: 1160, iters: 1280, time: 0.001) pos_err: 15.822 ori_err: 34.077 reproj_err: 1092.465 
saving the model at the end of epoch 1160, iters 1484800
End of epoch 1160 / 4000 	 Time Taken: 10 sec
learning rate = 0.0001000
End of epoch 1161 / 4000 	 Time Taken: 9 sec
learning rate = 0.0001000
(epoch: 1162, iters: 320, time: 0.002) pos_err: 14.622 ori_err: 49.491 reproj_err: 1143.024 
End of epoch 1162 / 4000 	 Time Taken: 11 sec
learning rate = 0.0001000
(epoch: 1163, iters: 640, time: 0.002) pos_err: 12.067 ori_err: 49.526 reproj_err: 1715.257 
End of epoch 1163 / 4000 	 Time Taken: 9 sec
learning rate = 0.0001000
(epoch: 1164, iters: 960, time: 0.002) pos_err: 14.818 ori_err: 49.406 reproj_err: 2462.485 
End of epoch 1164 / 4000 	 Time Taken: 10 sec
learning rate = 0.0001000
(epoch: 1165, iters: 1280, time: 0.001) pos_err: 13.756 ori_err: 58.863 reproj_err: 353.868 
End of epoch 1165 / 4000 	 Time Taken: 10 sec
learning rate = 0.0001000
End of epoch 1166 / 4000 	 Time Taken: 10 sec
learning rate = 0.0001000
(epoch: 1167, iters: 320, time: 0.002) pos_err: 13.835 ori_err: 46.175 reproj_err: 1153.353 
End of epoch 1167 / 4000 	 Time Taken: 10 sec
learning rate = 0.0001000
(epoch: 1168, iters: 640, time: 0.002) pos_err: 14.154 ori_err: 51.698 reproj_err: 1258.731 
End of epoch 1168 / 4000 	 Time Taken: 10 sec
learning rate = 0.0001000
(epoch: 1169, iters: 960, time: 0.002) pos_err: 14.073 ori_err: 51.256 reproj_err: 1560.808 
End of epoch 1169 / 4000 	 Time Taken: 10 sec
learning rate = 0.0001000
(epoch: 1170, iters: 1280, time: 0.001) pos_err: 20.096 ori_err: 70.607 reproj_err: 1818.741 
saving the model at the end of epoch 1170, iters 1497600
End of epoch 1170 / 4000 	 Time Taken: 11 sec
learning rate = 0.0001000
End of epoch 1171 / 4000 	 Time Taken: 10 sec
learning rate = 0.0001000
(epoch: 1172, iters: 320, time: 0.002) pos_err: 13.536 ori_err: 52.158 reproj_err: 1280.025 
End of epoch 1172 / 4000 	 Time Taken: 11 sec
learning rate = 0.0001000
(epoch: 1173, iters: 640, time: 0.001) pos_err: 13.403 ori_err: 51.359 reproj_err: 2334.905 
End of epoch 1173 / 4000 	 Time Taken: 10 sec
learning rate = 0.0001000
(epoch: 1174, iters: 960, time: 0.002) pos_err: 15.412 ori_err: 53.678 reproj_err: 3586.474 
End of epoch 1174 / 4000 	 Time Taken: 11 sec
learning rate = 0.0001000
(epoch: 1175, iters: 1280, time: 0.001) pos_err: 11.483 ori_err: 57.367 reproj_err: 316.901 
End of epoch 1175 / 4000 	 Time Taken: 10 sec
learning rate = 0.0001000
End of epoch 1176 / 4000 	 Time Taken: 10 sec
learning rate = 0.0001000
(epoch: 1177, iters: 320, time: 0.002) pos_err: 13.725 ori_err: 48.255 reproj_err: 631.509 
End of epoch 1177 / 4000 	 Time Taken: 10 sec
learning rate = 0.0001000
(epoch: 1178, iters: 640, time: 0.001) pos_err: 13.562 ori_err: 48.853 reproj_err: 2711.225 
End of epoch 1178 / 4000 	 Time Taken: 11 sec
learning rate = 0.0001000
(epoch: 1179, iters: 960, time: 0.002) pos_err: 12.693 ori_err: 51.055 reproj_err: 1212.218 
End of epoch 1179 / 4000 	 Time Taken: 11 sec
learning rate = 0.0001000
(epoch: 1180, iters: 1280, time: 0.001) pos_err: 21.515 ori_err: 45.933 reproj_err: 12343.706 
saving the model at the end of epoch 1180, iters 1510400
End of epoch 1180 / 4000 	 Time Taken: 11 sec
learning rate = 0.0001000
End of epoch 1181 / 4000 	 Time Taken: 10 sec
learning rate = 0.0001000
(epoch: 1182, iters: 320, time: 0.002) pos_err: 13.391 ori_err: 45.325 reproj_err: 1611.888 
End of epoch 1182 / 4000 	 Time Taken: 10 sec
learning rate = 0.0001000
(epoch: 1183, iters: 640, time: 0.001) pos_err: 14.036 ori_err: 49.955 reproj_err: 3083.180 
End of epoch 1183 / 4000 	 Time Taken: 10 sec
learning rate = 0.0001000
(epoch: 1184, iters: 960, time: 0.002) pos_err: 14.491 ori_err: 51.265 reproj_err: 3424.315 
End of epoch 1184 / 4000 	 Time Taken: 10 sec
learning rate = 0.0001000
(epoch: 1185, iters: 1280, time: 0.001) pos_err: 14.128 ori_err: 53.574 reproj_err: 334.942 
End of epoch 1185 / 4000 	 Time Taken: 10 sec
learning rate = 0.0001000
End of epoch 1186 / 4000 	 Time Taken: 11 sec
learning rate = 0.0001000
(epoch: 1187, iters: 320, time: 0.002) pos_err: 14.285 ori_err: 51.167 reproj_err: 2373.445 
End of epoch 1187 / 4000 	 Time Taken: 10 sec
learning rate = 0.0001000
(epoch: 1188, iters: 640, time: 0.001) pos_err: 15.689 ori_err: 49.529 reproj_err: 1709.057 
End of epoch 1188 / 4000 	 Time Taken: 10 sec
learning rate = 0.0001000
(epoch: 1189, iters: 960, time: 0.002) pos_err: 15.507 ori_err: 48.358 reproj_err: 2797.794 
End of epoch 1189 / 4000 	 Time Taken: 9 sec
learning rate = 0.0001000
(epoch: 1190, iters: 1280, time: 0.001) pos_err: 16.915 ori_err: 49.996 reproj_err: 630.982 
saving the model at the end of epoch 1190, iters 1523200
End of epoch 1190 / 4000 	 Time Taken: 10 sec
learning rate = 0.0001000
End of epoch 1191 / 4000 	 Time Taken: 10 sec
learning rate = 0.0001000
(epoch: 1192, iters: 320, time: 0.002) pos_err: 15.302 ori_err: 47.175 reproj_err: 953.238 
End of epoch 1192 / 4000 	 Time Taken: 11 sec
learning rate = 0.0001000
(epoch: 1193, iters: 640, time: 0.001) pos_err: 15.030 ori_err: 48.677 reproj_err: 3541.791 
End of epoch 1193 / 4000 	 Time Taken: 10 sec
learning rate = 0.0001000
(epoch: 1194, iters: 960, time: 0.002) pos_err: 13.880 ori_err: 47.621 reproj_err: 1313.429 
End of epoch 1194 / 4000 	 Time Taken: 10 sec
learning rate = 0.0001000
(epoch: 1195, iters: 1280, time: 0.001) pos_err: 13.365 ori_err: 49.875 reproj_err: 1341.293 
End of epoch 1195 / 4000 	 Time Taken: 10 sec
learning rate = 0.0001000
End of epoch 1196 / 4000 	 Time Taken: 9 sec
learning rate = 0.0001000
(epoch: 1197, iters: 320, time: 0.001) pos_err: 14.464 ori_err: 47.422 reproj_err: 2007.545 
End of epoch 1197 / 4000 	 Time Taken: 9 sec
learning rate = 0.0001000
(epoch: 1198, iters: 640, time: 0.002) pos_err: 14.475 ori_err: 48.796 reproj_err: 1586.256 
End of epoch 1198 / 4000 	 Time Taken: 10 sec
learning rate = 0.0001000
(epoch: 1199, iters: 960, time: 0.002) pos_err: 13.731 ori_err: 52.687 reproj_err: 1891.137 
End of epoch 1199 / 4000 	 Time Taken: 11 sec
learning rate = 0.0001000
(epoch: 1200, iters: 1280, time: 0.001) pos_err: 15.859 ori_err: 41.491 reproj_err: 4534.602 
saving the model at the end of epoch 1200, iters 1536000
End of epoch 1200 / 4000 	 Time Taken: 11 sec
learning rate = 0.0001000
End of epoch 1201 / 4000 	 Time Taken: 10 sec
learning rate = 0.0001000
(epoch: 1202, iters: 320, time: 0.003) pos_err: 14.404 ori_err: 46.890 reproj_err: 2923.407 
End of epoch 1202 / 4000 	 Time Taken: 9 sec
learning rate = 0.0001000
(epoch: 1203, iters: 640, time: 0.002) pos_err: 14.638 ori_err: 50.185 reproj_err: 2419.684 
End of epoch 1203 / 4000 	 Time Taken: 10 sec
learning rate = 0.0001000
(epoch: 1204, iters: 960, time: 0.002) pos_err: 14.627 ori_err: 51.161 reproj_err: 2125.108 
End of epoch 1204 / 4000 	 Time Taken: 10 sec
learning rate = 0.0001000
(epoch: 1205, iters: 1280, time: 0.001) pos_err: 19.060 ori_err: 72.827 reproj_err: 3972.356 
End of epoch 1205 / 4000 	 Time Taken: 10 sec
learning rate = 0.0001000
End of epoch 1206 / 4000 	 Time Taken: 11 sec
learning rate = 0.0001000
(epoch: 1207, iters: 320, time: 0.002) pos_err: 13.641 ori_err: 49.908 reproj_err: 1071.058 
End of epoch 1207 / 4000 	 Time Taken: 10 sec
learning rate = 0.0001000
(epoch: 1208, iters: 640, time: 0.002) pos_err: 13.141 ori_err: 50.149 reproj_err: 1408.458 
End of epoch 1208 / 4000 	 Time Taken: 9 sec
learning rate = 0.0001000
(epoch: 1209, iters: 960, time: 0.002) pos_err: 12.150 ori_err: 50.038 reproj_err: 846.737 
End of epoch 1209 / 4000 	 Time Taken: 10 sec
learning rate = 0.0001000
(epoch: 1210, iters: 1280, time: 0.001) pos_err: 10.276 ori_err: 42.728 reproj_err: 199.245 
saving the model at the end of epoch 1210, iters 1548800
End of epoch 1210 / 4000 	 Time Taken: 11 sec
learning rate = 0.0001000
End of epoch 1211 / 4000 	 Time Taken: 10 sec
learning rate = 0.0001000
(epoch: 1212, iters: 320, time: 0.002) pos_err: 13.007 ori_err: 49.654 reproj_err: 1507.631 
End of epoch 1212 / 4000 	 Time Taken: 10 sec
learning rate = 0.0001000
(epoch: 1213, iters: 640, time: 0.002) pos_err: 15.747 ori_err: 48.774 reproj_err: 2620.333 
End of epoch 1213 / 4000 	 Time Taken: 10 sec
learning rate = 0.0001000
(epoch: 1214, iters: 960, time: 0.002) pos_err: 13.773 ori_err: 44.531 reproj_err: 1897.246 
End of epoch 1214 / 4000 	 Time Taken: 10 sec
learning rate = 0.0001000
(epoch: 1215, iters: 1280, time: 0.001) pos_err: 15.908 ori_err: 59.979 reproj_err: 597.115 
End of epoch 1215 / 4000 	 Time Taken: 10 sec
learning rate = 0.0001000
End of epoch 1216 / 4000 	 Time Taken: 11 sec
learning rate = 0.0001000
(epoch: 1217, iters: 320, time: 0.002) pos_err: 11.447 ori_err: 49.459 reproj_err: 526.614 
End of epoch 1217 / 4000 	 Time Taken: 10 sec
learning rate = 0.0001000
(epoch: 1218, iters: 640, time: 0.002) pos_err: 13.919 ori_err: 49.958 reproj_err: 2057.341 
End of epoch 1218 / 4000 	 Time Taken: 10 sec
learning rate = 0.0001000
(epoch: 1219, iters: 960, time: 0.002) pos_err: 12.384 ori_err: 48.600 reproj_err: 1237.127 
End of epoch 1219 / 4000 	 Time Taken: 10 sec
learning rate = 0.0001000
(epoch: 1220, iters: 1280, time: 0.001) pos_err: 12.897 ori_err: 64.851 reproj_err: 1653.307 
saving the model at the end of epoch 1220, iters 1561600
End of epoch 1220 / 4000 	 Time Taken: 10 sec
learning rate = 0.0001000
End of epoch 1221 / 4000 	 Time Taken: 10 sec
learning rate = 0.0001000
(epoch: 1222, iters: 320, time: 0.002) pos_err: 13.130 ori_err: 49.568 reproj_err: 656.805 
End of epoch 1222 / 4000 	 Time Taken: 10 sec
learning rate = 0.0001000
(epoch: 1223, iters: 640, time: 0.002) pos_err: 13.474 ori_err: 47.668 reproj_err: 1974.084 
End of epoch 1223 / 4000 	 Time Taken: 9 sec
learning rate = 0.0001000
(epoch: 1224, iters: 960, time: 0.002) pos_err: 12.889 ori_err: 46.912 reproj_err: 1130.590 
End of epoch 1224 / 4000 	 Time Taken: 12 sec
learning rate = 0.0001000
(epoch: 1225, iters: 1280, time: 0.001) pos_err: 13.456 ori_err: 50.803 reproj_err: 254.865 
End of epoch 1225 / 4000 	 Time Taken: 11 sec
learning rate = 0.0001000
End of epoch 1226 / 4000 	 Time Taken: 10 sec
learning rate = 0.0001000
(epoch: 1227, iters: 320, time: 0.002) pos_err: 12.805 ori_err: 50.542 reproj_err: 848.767 
End of epoch 1227 / 4000 	 Time Taken: 10 sec
learning rate = 0.0001000
(epoch: 1228, iters: 640, time: 0.002) pos_err: 13.652 ori_err: 49.104 reproj_err: 1354.556 
End of epoch 1228 / 4000 	 Time Taken: 11 sec
learning rate = 0.0001000
(epoch: 1229, iters: 960, time: 0.002) pos_err: 16.361 ori_err: 50.348 reproj_err: 1903.078 
End of epoch 1229 / 4000 	 Time Taken: 9 sec
learning rate = 0.0001000
(epoch: 1230, iters: 1280, time: 0.001) pos_err: 11.654 ori_err: 55.053 reproj_err: 232.069 
saving the model at the end of epoch 1230, iters 1574400
End of epoch 1230 / 4000 	 Time Taken: 10 sec
learning rate = 0.0001000
End of epoch 1231 / 4000 	 Time Taken: 10 sec
learning rate = 0.0001000
(epoch: 1232, iters: 320, time: 0.002) pos_err: 14.200 ori_err: 51.024 reproj_err: 823.332 
End of epoch 1232 / 4000 	 Time Taken: 10 sec
learning rate = 0.0001000
(epoch: 1233, iters: 640, time: 0.001) pos_err: 13.031 ori_err: 50.735 reproj_err: 1558.371 
End of epoch 1233 / 4000 	 Time Taken: 9 sec
learning rate = 0.0001000
(epoch: 1234, iters: 960, time: 0.002) pos_err: 16.423 ori_err: 48.152 reproj_err: 3345.637 
End of epoch 1234 / 4000 	 Time Taken: 11 sec
learning rate = 0.0001000
(epoch: 1235, iters: 1280, time: 0.001) pos_err: 15.093 ori_err: 57.614 reproj_err: 9395.045 
End of epoch 1235 / 4000 	 Time Taken: 11 sec
learning rate = 0.0001000
End of epoch 1236 / 4000 	 Time Taken: 12 sec
learning rate = 0.0001000
(epoch: 1237, iters: 320, time: 0.003) pos_err: 13.255 ori_err: 46.953 reproj_err: 1532.575 
End of epoch 1237 / 4000 	 Time Taken: 10 sec
learning rate = 0.0001000
(epoch: 1238, iters: 640, time: 0.001) pos_err: 12.367 ori_err: 48.278 reproj_err: 958.150 
End of epoch 1238 / 4000 	 Time Taken: 11 sec
learning rate = 0.0001000
(epoch: 1239, iters: 960, time: 0.001) pos_err: 13.035 ori_err: 56.758 reproj_err: 1261.762 
End of epoch 1239 / 4000 	 Time Taken: 10 sec
learning rate = 0.0001000
(epoch: 1240, iters: 1280, time: 0.001) pos_err: 9.588 ori_err: 45.128 reproj_err: 301.704 
saving the model at the end of epoch 1240, iters 1587200
End of epoch 1240 / 4000 	 Time Taken: 11 sec
learning rate = 0.0001000
End of epoch 1241 / 4000 	 Time Taken: 10 sec
learning rate = 0.0001000
(epoch: 1242, iters: 320, time: 0.003) pos_err: 14.960 ori_err: 49.053 reproj_err: 2711.336 
End of epoch 1242 / 4000 	 Time Taken: 9 sec
learning rate = 0.0001000
(epoch: 1243, iters: 640, time: 0.002) pos_err: 14.833 ori_err: 50.696 reproj_err: 2381.399 
End of epoch 1243 / 4000 	 Time Taken: 10 sec
learning rate = 0.0001000
(epoch: 1244, iters: 960, time: 0.002) pos_err: 13.444 ori_err: 47.861 reproj_err: 2189.406 
End of epoch 1244 / 4000 	 Time Taken: 9 sec
learning rate = 0.0001000
(epoch: 1245, iters: 1280, time: 0.001) pos_err: 14.428 ori_err: 51.912 reproj_err: 1870.101 
End of epoch 1245 / 4000 	 Time Taken: 10 sec
learning rate = 0.0001000
End of epoch 1246 / 4000 	 Time Taken: 10 sec
learning rate = 0.0001000
(epoch: 1247, iters: 320, time: 0.003) pos_err: 12.284 ori_err: 50.603 reproj_err: 1117.245 
End of epoch 1247 / 4000 	 Time Taken: 10 sec
learning rate = 0.0001000
(epoch: 1248, iters: 640, time: 0.002) pos_err: 12.646 ori_err: 51.479 reproj_err: 1745.477 
End of epoch 1248 / 4000 	 Time Taken: 10 sec
learning rate = 0.0001000
(epoch: 1249, iters: 960, time: 0.002) pos_err: 14.328 ori_err: 48.133 reproj_err: 1621.184 
End of epoch 1249 / 4000 	 Time Taken: 9 sec
learning rate = 0.0001000
(epoch: 1250, iters: 1280, time: 0.001) pos_err: 13.620 ori_err: 54.858 reproj_err: 3001.418 
saving the model at the end of epoch 1250, iters 1600000
End of epoch 1250 / 4000 	 Time Taken: 10 sec
learning rate = 0.0001000
End of epoch 1251 / 4000 	 Time Taken: 10 sec
learning rate = 0.0001000
(epoch: 1252, iters: 320, time: 0.002) pos_err: 13.072 ori_err: 46.459 reproj_err: 1460.960 
End of epoch 1252 / 4000 	 Time Taken: 10 sec
learning rate = 0.0001000
(epoch: 1253, iters: 640, time: 0.002) pos_err: 12.809 ori_err: 52.057 reproj_err: 1826.669 
End of epoch 1253 / 4000 	 Time Taken: 9 sec
learning rate = 0.0001000
(epoch: 1254, iters: 960, time: 0.002) pos_err: 13.509 ori_err: 49.463 reproj_err: 1641.607 
End of epoch 1254 / 4000 	 Time Taken: 11 sec
learning rate = 0.0001000
(epoch: 1255, iters: 1280, time: 0.001) pos_err: 14.970 ori_err: 37.668 reproj_err: 449.484 
End of epoch 1255 / 4000 	 Time Taken: 10 sec
learning rate = 0.0001000
End of epoch 1256 / 4000 	 Time Taken: 10 sec
learning rate = 0.0001000
(epoch: 1257, iters: 320, time: 0.002) pos_err: 13.697 ori_err: 52.443 reproj_err: 3095.509 
End of epoch 1257 / 4000 	 Time Taken: 10 sec
learning rate = 0.0001000
(epoch: 1258, iters: 640, time: 0.001) pos_err: 14.971 ori_err: 53.866 reproj_err: 2523.361 
End of epoch 1258 / 4000 	 Time Taken: 10 sec
learning rate = 0.0001000
(epoch: 1259, iters: 960, time: 0.002) pos_err: 13.427 ori_err: 49.686 reproj_err: 687.443 
End of epoch 1259 / 4000 	 Time Taken: 10 sec
learning rate = 0.0001000
(epoch: 1260, iters: 1280, time: 0.001) pos_err: 15.106 ori_err: 23.859 reproj_err: 849.173 
saving the model at the end of epoch 1260, iters 1612800
End of epoch 1260 / 4000 	 Time Taken: 10 sec
learning rate = 0.0001000
End of epoch 1261 / 4000 	 Time Taken: 10 sec
learning rate = 0.0001000
(epoch: 1262, iters: 320, time: 0.003) pos_err: 13.403 ori_err: 48.399 reproj_err: 2178.714 
End of epoch 1262 / 4000 	 Time Taken: 10 sec
learning rate = 0.0001000
(epoch: 1263, iters: 640, time: 0.001) pos_err: 12.602 ori_err: 49.214 reproj_err: 1446.066 
End of epoch 1263 / 4000 	 Time Taken: 10 sec
learning rate = 0.0001000
(epoch: 1264, iters: 960, time: 0.002) pos_err: 13.843 ori_err: 45.455 reproj_err: 1108.064 
End of epoch 1264 / 4000 	 Time Taken: 11 sec
learning rate = 0.0001000
(epoch: 1265, iters: 1280, time: 0.001) pos_err: 18.685 ori_err: 36.377 reproj_err: 4317.696 
End of epoch 1265 / 4000 	 Time Taken: 9 sec
learning rate = 0.0001000
End of epoch 1266 / 4000 	 Time Taken: 9 sec
learning rate = 0.0001000
(epoch: 1267, iters: 320, time: 0.002) pos_err: 13.803 ori_err: 45.476 reproj_err: 1629.685 
End of epoch 1267 / 4000 	 Time Taken: 11 sec
learning rate = 0.0001000
(epoch: 1268, iters: 640, time: 0.002) pos_err: 12.454 ori_err: 46.906 reproj_err: 1565.630 
End of epoch 1268 / 4000 	 Time Taken: 10 sec
learning rate = 0.0001000
(epoch: 1269, iters: 960, time: 0.002) pos_err: 13.317 ori_err: 51.067 reproj_err: 1726.312 
End of epoch 1269 / 4000 	 Time Taken: 11 sec
learning rate = 0.0001000
(epoch: 1270, iters: 1280, time: 0.001) pos_err: 21.059 ori_err: 44.894 reproj_err: 5550.560 
saving the model at the end of epoch 1270, iters 1625600
End of epoch 1270 / 4000 	 Time Taken: 11 sec
learning rate = 0.0001000
End of epoch 1271 / 4000 	 Time Taken: 10 sec
learning rate = 0.0001000
(epoch: 1272, iters: 320, time: 0.002) pos_err: 14.678 ori_err: 49.201 reproj_err: 3203.770 
End of epoch 1272 / 4000 	 Time Taken: 10 sec
learning rate = 0.0001000
(epoch: 1273, iters: 640, time: 0.002) pos_err: 14.305 ori_err: 50.430 reproj_err: 1154.670 
End of epoch 1273 / 4000 	 Time Taken: 10 sec
learning rate = 0.0001000
(epoch: 1274, iters: 960, time: 0.002) pos_err: 14.358 ori_err: 48.297 reproj_err: 1837.334 
End of epoch 1274 / 4000 	 Time Taken: 11 sec
learning rate = 0.0001000
(epoch: 1275, iters: 1280, time: 0.001) pos_err: 8.791 ori_err: 36.086 reproj_err: 1107.076 
End of epoch 1275 / 4000 	 Time Taken: 10 sec
learning rate = 0.0001000
End of epoch 1276 / 4000 	 Time Taken: 10 sec
learning rate = 0.0001000
(epoch: 1277, iters: 320, time: 0.002) pos_err: 12.740 ori_err: 49.966 reproj_err: 2037.295 
End of epoch 1277 / 4000 	 Time Taken: 10 sec
learning rate = 0.0001000
(epoch: 1278, iters: 640, time: 0.001) pos_err: 14.294 ori_err: 49.322 reproj_err: 1518.922 
End of epoch 1278 / 4000 	 Time Taken: 11 sec
learning rate = 0.0001000
(epoch: 1279, iters: 960, time: 0.002) pos_err: 14.187 ori_err: 51.937 reproj_err: 2168.263 
End of epoch 1279 / 4000 	 Time Taken: 10 sec
learning rate = 0.0001000
(epoch: 1280, iters: 1280, time: 0.001) pos_err: 12.919 ori_err: 43.282 reproj_err: 2297.754 
saving the model at the end of epoch 1280, iters 1638400
End of epoch 1280 / 4000 	 Time Taken: 11 sec
learning rate = 0.0001000
End of epoch 1281 / 4000 	 Time Taken: 10 sec
learning rate = 0.0001000
(epoch: 1282, iters: 320, time: 0.002) pos_err: 12.822 ori_err: 49.414 reproj_err: 1390.051 
End of epoch 1282 / 4000 	 Time Taken: 9 sec
learning rate = 0.0001000
(epoch: 1283, iters: 640, time: 0.002) pos_err: 14.859 ori_err: 49.625 reproj_err: 1971.294 
End of epoch 1283 / 4000 	 Time Taken: 10 sec
learning rate = 0.0001000
(epoch: 1284, iters: 960, time: 0.002) pos_err: 12.737 ori_err: 47.816 reproj_err: 1313.038 
End of epoch 1284 / 4000 	 Time Taken: 10 sec
learning rate = 0.0001000
(epoch: 1285, iters: 1280, time: 0.001) pos_err: 10.382 ori_err: 48.471 reproj_err: 317.299 
End of epoch 1285 / 4000 	 Time Taken: 9 sec
learning rate = 0.0001000
End of epoch 1286 / 4000 	 Time Taken: 10 sec
learning rate = 0.0001000
(epoch: 1287, iters: 320, time: 0.002) pos_err: 12.684 ori_err: 47.213 reproj_err: 1045.095 
End of epoch 1287 / 4000 	 Time Taken: 10 sec
learning rate = 0.0001000
(epoch: 1288, iters: 640, time: 0.002) pos_err: 13.094 ori_err: 48.264 reproj_err: 2073.799 
End of epoch 1288 / 4000 	 Time Taken: 10 sec
learning rate = 0.0001000
(epoch: 1289, iters: 960, time: 0.002) pos_err: 14.296 ori_err: 50.576 reproj_err: 2430.761 
End of epoch 1289 / 4000 	 Time Taken: 11 sec
learning rate = 0.0001000
(epoch: 1290, iters: 1280, time: 0.001) pos_err: 13.260 ori_err: 55.215 reproj_err: 1677.589 
saving the model at the end of epoch 1290, iters 1651200
End of epoch 1290 / 4000 	 Time Taken: 11 sec
learning rate = 0.0001000
End of epoch 1291 / 4000 	 Time Taken: 10 sec
learning rate = 0.0001000
(epoch: 1292, iters: 320, time: 0.002) pos_err: 14.674 ori_err: 48.057 reproj_err: 2230.949 
End of epoch 1292 / 4000 	 Time Taken: 10 sec
learning rate = 0.0001000
(epoch: 1293, iters: 640, time: 0.002) pos_err: 14.285 ori_err: 51.083 reproj_err: 1631.623 
End of epoch 1293 / 4000 	 Time Taken: 10 sec
learning rate = 0.0001000
(epoch: 1294, iters: 960, time: 0.002) pos_err: 13.120 ori_err: 44.278 reproj_err: 2120.942 
End of epoch 1294 / 4000 	 Time Taken: 11 sec
learning rate = 0.0001000
(epoch: 1295, iters: 1280, time: 0.001) pos_err: 15.680 ori_err: 51.267 reproj_err: 2070.663 
End of epoch 1295 / 4000 	 Time Taken: 10 sec
learning rate = 0.0001000
End of epoch 1296 / 4000 	 Time Taken: 10 sec
learning rate = 0.0001000
(epoch: 1297, iters: 320, time: 0.002) pos_err: 13.663 ori_err: 50.216 reproj_err: 1585.137 
End of epoch 1297 / 4000 	 Time Taken: 10 sec
learning rate = 0.0001000
(epoch: 1298, iters: 640, time: 0.001) pos_err: 14.412 ori_err: 49.105 reproj_err: 1464.144 
End of epoch 1298 / 4000 	 Time Taken: 11 sec
learning rate = 0.0001000
(epoch: 1299, iters: 960, time: 0.002) pos_err: 15.363 ori_err: 44.995 reproj_err: 2601.003 
End of epoch 1299 / 4000 	 Time Taken: 9 sec
learning rate = 0.0001000
(epoch: 1300, iters: 1280, time: 0.001) pos_err: 17.247 ori_err: 64.188 reproj_err: 837.959 
saving the model at the end of epoch 1300, iters 1664000
End of epoch 1300 / 4000 	 Time Taken: 10 sec
learning rate = 0.0001000
End of epoch 1301 / 4000 	 Time Taken: 11 sec
learning rate = 0.0001000
(epoch: 1302, iters: 320, time: 0.002) pos_err: 13.683 ori_err: 48.897 reproj_err: 1678.211 
End of epoch 1302 / 4000 	 Time Taken: 10 sec
learning rate = 0.0001000
(epoch: 1303, iters: 640, time: 0.001) pos_err: 13.766 ori_err: 47.444 reproj_err: 2532.643 
End of epoch 1303 / 4000 	 Time Taken: 9 sec
learning rate = 0.0001000
(epoch: 1304, iters: 960, time: 0.001) pos_err: 12.648 ori_err: 47.221 reproj_err: 1309.677 
End of epoch 1304 / 4000 	 Time Taken: 10 sec
learning rate = 0.0001000
(epoch: 1305, iters: 1280, time: 0.001) pos_err: 21.902 ori_err: 55.047 reproj_err: 8776.938 
End of epoch 1305 / 4000 	 Time Taken: 11 sec
learning rate = 0.0001000
End of epoch 1306 / 4000 	 Time Taken: 9 sec
learning rate = 0.0001000
(epoch: 1307, iters: 320, time: 0.003) pos_err: 12.511 ori_err: 49.274 reproj_err: 2120.434 
End of epoch 1307 / 4000 	 Time Taken: 10 sec
learning rate = 0.0001000
(epoch: 1308, iters: 640, time: 0.001) pos_err: 12.891 ori_err: 49.242 reproj_err: 1603.476 
End of epoch 1308 / 4000 	 Time Taken: 11 sec
learning rate = 0.0001000
(epoch: 1309, iters: 960, time: 0.002) pos_err: 13.615 ori_err: 46.051 reproj_err: 1481.520 
End of epoch 1309 / 4000 	 Time Taken: 10 sec
learning rate = 0.0001000
(epoch: 1310, iters: 1280, time: 0.001) pos_err: 9.354 ori_err: 37.094 reproj_err: 214.254 
saving the model at the end of epoch 1310, iters 1676800
End of epoch 1310 / 4000 	 Time Taken: 11 sec
learning rate = 0.0001000
End of epoch 1311 / 4000 	 Time Taken: 11 sec
learning rate = 0.0001000
(epoch: 1312, iters: 320, time: 0.002) pos_err: 13.493 ori_err: 50.906 reproj_err: 1625.805 
End of epoch 1312 / 4000 	 Time Taken: 11 sec
learning rate = 0.0001000
(epoch: 1313, iters: 640, time: 0.002) pos_err: 13.427 ori_err: 47.718 reproj_err: 1963.145 
End of epoch 1313 / 4000 	 Time Taken: 10 sec
learning rate = 0.0001000
(epoch: 1314, iters: 960, time: 0.002) pos_err: 12.837 ori_err: 47.172 reproj_err: 2102.171 
End of epoch 1314 / 4000 	 Time Taken: 10 sec
learning rate = 0.0001000
(epoch: 1315, iters: 1280, time: 0.001) pos_err: 15.883 ori_err: 39.108 reproj_err: 2817.094 
End of epoch 1315 / 4000 	 Time Taken: 10 sec
learning rate = 0.0001000
End of epoch 1316 / 4000 	 Time Taken: 10 sec
learning rate = 0.0001000
(epoch: 1317, iters: 320, time: 0.002) pos_err: 13.071 ori_err: 54.702 reproj_err: 1313.234 
End of epoch 1317 / 4000 	 Time Taken: 10 sec
learning rate = 0.0001000
(epoch: 1318, iters: 640, time: 0.002) pos_err: 14.191 ori_err: 48.245 reproj_err: 1364.593 
End of epoch 1318 / 4000 	 Time Taken: 10 sec
learning rate = 0.0001000
(epoch: 1319, iters: 960, time: 0.002) pos_err: 12.767 ori_err: 48.849 reproj_err: 956.165 
End of epoch 1319 / 4000 	 Time Taken: 12 sec
learning rate = 0.0001000
(epoch: 1320, iters: 1280, time: 0.001) pos_err: 10.335 ori_err: 58.446 reproj_err: 932.228 
saving the model at the end of epoch 1320, iters 1689600
End of epoch 1320 / 4000 	 Time Taken: 12 sec
learning rate = 0.0001000
End of epoch 1321 / 4000 	 Time Taken: 10 sec
learning rate = 0.0001000
(epoch: 1322, iters: 320, time: 0.002) pos_err: 14.246 ori_err: 43.872 reproj_err: 2569.357 
End of epoch 1322 / 4000 	 Time Taken: 11 sec
learning rate = 0.0001000
(epoch: 1323, iters: 640, time: 0.002) pos_err: 13.040 ori_err: 49.795 reproj_err: 1881.280 
End of epoch 1323 / 4000 	 Time Taken: 10 sec
learning rate = 0.0001000
(epoch: 1324, iters: 960, time: 0.002) pos_err: 14.404 ori_err: 47.970 reproj_err: 1317.057 
End of epoch 1324 / 4000 	 Time Taken: 10 sec
learning rate = 0.0001000
(epoch: 1325, iters: 1280, time: 0.001) pos_err: 10.038 ori_err: 44.954 reproj_err: 209.622 
End of epoch 1325 / 4000 	 Time Taken: 10 sec
learning rate = 0.0001000
End of epoch 1326 / 4000 	 Time Taken: 9 sec
learning rate = 0.0001000
(epoch: 1327, iters: 320, time: 0.003) pos_err: 14.552 ori_err: 49.563 reproj_err: 1535.372 
End of epoch 1327 / 4000 	 Time Taken: 10 sec
learning rate = 0.0001000
(epoch: 1328, iters: 640, time: 0.001) pos_err: 15.389 ori_err: 46.589 reproj_err: 2431.245 
End of epoch 1328 / 4000 	 Time Taken: 11 sec
learning rate = 0.0001000
(epoch: 1329, iters: 960, time: 0.002) pos_err: 14.864 ori_err: 48.909 reproj_err: 1329.044 
End of epoch 1329 / 4000 	 Time Taken: 9 sec
learning rate = 0.0001000
(epoch: 1330, iters: 1280, time: 0.001) pos_err: 11.061 ori_err: 36.741 reproj_err: 819.661 
saving the model at the end of epoch 1330, iters 1702400
End of epoch 1330 / 4000 	 Time Taken: 10 sec
learning rate = 0.0001000
End of epoch 1331 / 4000 	 Time Taken: 11 sec
learning rate = 0.0001000
(epoch: 1332, iters: 320, time: 0.002) pos_err: 12.864 ori_err: 45.169 reproj_err: 2616.421 
End of epoch 1332 / 4000 	 Time Taken: 10 sec
learning rate = 0.0001000
(epoch: 1333, iters: 640, time: 0.002) pos_err: 14.205 ori_err: 47.262 reproj_err: 1794.759 
End of epoch 1333 / 4000 	 Time Taken: 11 sec
learning rate = 0.0001000
(epoch: 1334, iters: 960, time: 0.002) pos_err: 14.021 ori_err: 49.041 reproj_err: 1734.084 
End of epoch 1334 / 4000 	 Time Taken: 11 sec
learning rate = 0.0001000
(epoch: 1335, iters: 1280, time: 0.001) pos_err: 22.334 ori_err: 49.431 reproj_err: 1879.476 
End of epoch 1335 / 4000 	 Time Taken: 11 sec
learning rate = 0.0001000
End of epoch 1336 / 4000 	 Time Taken: 10 sec
learning rate = 0.0001000
(epoch: 1337, iters: 320, time: 0.002) pos_err: 13.842 ori_err: 49.021 reproj_err: 1667.099 
End of epoch 1337 / 4000 	 Time Taken: 11 sec
learning rate = 0.0001000
(epoch: 1338, iters: 640, time: 0.002) pos_err: 14.043 ori_err: 48.146 reproj_err: 2143.873 
End of epoch 1338 / 4000 	 Time Taken: 11 sec
learning rate = 0.0001000
(epoch: 1339, iters: 960, time: 0.002) pos_err: 13.447 ori_err: 47.876 reproj_err: 1639.818 
End of epoch 1339 / 4000 	 Time Taken: 10 sec
learning rate = 0.0001000
(epoch: 1340, iters: 1280, time: 0.001) pos_err: 12.467 ori_err: 46.846 reproj_err: 396.724 
saving the model at the end of epoch 1340, iters 1715200
End of epoch 1340 / 4000 	 Time Taken: 11 sec
learning rate = 0.0001000
End of epoch 1341 / 4000 	 Time Taken: 10 sec
learning rate = 0.0001000
(epoch: 1342, iters: 320, time: 0.002) pos_err: 14.569 ori_err: 51.357 reproj_err: 3254.860 
End of epoch 1342 / 4000 	 Time Taken: 10 sec
learning rate = 0.0001000
(epoch: 1343, iters: 640, time: 0.002) pos_err: 12.931 ori_err: 45.777 reproj_err: 2524.997 
End of epoch 1343 / 4000 	 Time Taken: 10 sec
learning rate = 0.0001000
(epoch: 1344, iters: 960, time: 0.002) pos_err: 14.728 ori_err: 48.095 reproj_err: 3182.621 
End of epoch 1344 / 4000 	 Time Taken: 9 sec
learning rate = 0.0001000
(epoch: 1345, iters: 1280, time: 0.001) pos_err: 19.215 ori_err: 53.962 reproj_err: 7941.500 
End of epoch 1345 / 4000 	 Time Taken: 10 sec
learning rate = 0.0001000
End of epoch 1346 / 4000 	 Time Taken: 10 sec
learning rate = 0.0001000
(epoch: 1347, iters: 320, time: 0.003) pos_err: 13.910 ori_err: 48.036 reproj_err: 848.365 
End of epoch 1347 / 4000 	 Time Taken: 9 sec
learning rate = 0.0001000
(epoch: 1348, iters: 640, time: 0.002) pos_err: 12.401 ori_err: 48.844 reproj_err: 1432.475 
End of epoch 1348 / 4000 	 Time Taken: 10 sec
learning rate = 0.0001000
(epoch: 1349, iters: 960, time: 0.002) pos_err: 14.760 ori_err: 48.093 reproj_err: 2548.016 
End of epoch 1349 / 4000 	 Time Taken: 10 sec
learning rate = 0.0001000
(epoch: 1350, iters: 1280, time: 0.001) pos_err: 9.836 ori_err: 40.696 reproj_err: 454.007 
saving the model at the end of epoch 1350, iters 1728000
End of epoch 1350 / 4000 	 Time Taken: 10 sec
learning rate = 0.0001000
End of epoch 1351 / 4000 	 Time Taken: 10 sec
learning rate = 0.0001000
(epoch: 1352, iters: 320, time: 0.002) pos_err: 12.527 ori_err: 50.239 reproj_err: 1780.108 
End of epoch 1352 / 4000 	 Time Taken: 10 sec
learning rate = 0.0001000
(epoch: 1353, iters: 640, time: 0.001) pos_err: 13.954 ori_err: 45.324 reproj_err: 1555.743 
End of epoch 1353 / 4000 	 Time Taken: 10 sec
learning rate = 0.0001000
(epoch: 1354, iters: 960, time: 0.002) pos_err: 13.086 ori_err: 49.612 reproj_err: 1042.354 
End of epoch 1354 / 4000 	 Time Taken: 10 sec
learning rate = 0.0001000
(epoch: 1355, iters: 1280, time: 0.002) pos_err: 10.586 ori_err: 46.668 reproj_err: 143.865 
End of epoch 1355 / 4000 	 Time Taken: 10 sec
learning rate = 0.0001000
End of epoch 1356 / 4000 	 Time Taken: 10 sec
learning rate = 0.0001000
(epoch: 1357, iters: 320, time: 0.002) pos_err: 12.090 ori_err: 46.075 reproj_err: 1412.971 
End of epoch 1357 / 4000 	 Time Taken: 11 sec
learning rate = 0.0001000
(epoch: 1358, iters: 640, time: 0.002) pos_err: 12.764 ori_err: 46.040 reproj_err: 1493.980 
End of epoch 1358 / 4000 	 Time Taken: 11 sec
learning rate = 0.0001000
(epoch: 1359, iters: 960, time: 0.002) pos_err: 12.089 ori_err: 46.222 reproj_err: 1182.274 
End of epoch 1359 / 4000 	 Time Taken: 9 sec
learning rate = 0.0001000
(epoch: 1360, iters: 1280, time: 0.002) pos_err: 18.988 ori_err: 41.411 reproj_err: 3030.539 
saving the model at the end of epoch 1360, iters 1740800
End of epoch 1360 / 4000 	 Time Taken: 10 sec
learning rate = 0.0001000
End of epoch 1361 / 4000 	 Time Taken: 9 sec
learning rate = 0.0001000
(epoch: 1362, iters: 320, time: 0.002) pos_err: 14.497 ori_err: 48.393 reproj_err: 2235.973 
End of epoch 1362 / 4000 	 Time Taken: 10 sec
learning rate = 0.0001000
(epoch: 1363, iters: 640, time: 0.002) pos_err: 13.996 ori_err: 48.638 reproj_err: 1387.796 
End of epoch 1363 / 4000 	 Time Taken: 9 sec
learning rate = 0.0001000
(epoch: 1364, iters: 960, time: 0.002) pos_err: 13.132 ori_err: 50.848 reproj_err: 1706.943 
End of epoch 1364 / 4000 	 Time Taken: 11 sec
learning rate = 0.0001000
(epoch: 1365, iters: 1280, time: 0.001) pos_err: 15.681 ori_err: 51.276 reproj_err: 1591.928 
End of epoch 1365 / 4000 	 Time Taken: 11 sec
learning rate = 0.0001000
End of epoch 1366 / 4000 	 Time Taken: 9 sec
learning rate = 0.0001000
(epoch: 1367, iters: 320, time: 0.002) pos_err: 14.943 ori_err: 47.661 reproj_err: 2682.550 
End of epoch 1367 / 4000 	 Time Taken: 11 sec
learning rate = 0.0001000
(epoch: 1368, iters: 640, time: 0.001) pos_err: 13.269 ori_err: 50.632 reproj_err: 1948.252 
End of epoch 1368 / 4000 	 Time Taken: 11 sec
learning rate = 0.0001000
(epoch: 1369, iters: 960, time: 0.002) pos_err: 13.973 ori_err: 51.526 reproj_err: 1161.463 
End of epoch 1369 / 4000 	 Time Taken: 10 sec
learning rate = 0.0001000
(epoch: 1370, iters: 1280, time: 0.001) pos_err: 12.302 ori_err: 42.925 reproj_err: 1049.216 
saving the model at the end of epoch 1370, iters 1753600
End of epoch 1370 / 4000 	 Time Taken: 11 sec
learning rate = 0.0001000
End of epoch 1371 / 4000 	 Time Taken: 11 sec
learning rate = 0.0001000
(epoch: 1372, iters: 320, time: 0.002) pos_err: 13.315 ori_err: 49.874 reproj_err: 2237.581 
End of epoch 1372 / 4000 	 Time Taken: 9 sec
learning rate = 0.0001000
(epoch: 1373, iters: 640, time: 0.002) pos_err: 14.046 ori_err: 46.805 reproj_err: 3099.907 
End of epoch 1373 / 4000 	 Time Taken: 11 sec
learning rate = 0.0001000
(epoch: 1374, iters: 960, time: 0.002) pos_err: 15.597 ori_err: 46.884 reproj_err: 2425.625 
End of epoch 1374 / 4000 	 Time Taken: 10 sec
learning rate = 0.0001000
(epoch: 1375, iters: 1280, time: 0.001) pos_err: 10.890 ori_err: 58.947 reproj_err: 1229.610 
End of epoch 1375 / 4000 	 Time Taken: 10 sec
learning rate = 0.0001000
End of epoch 1376 / 4000 	 Time Taken: 10 sec
learning rate = 0.0001000
(epoch: 1377, iters: 320, time: 0.002) pos_err: 13.265 ori_err: 48.486 reproj_err: 1978.478 
End of epoch 1377 / 4000 	 Time Taken: 10 sec
learning rate = 0.0001000
(epoch: 1378, iters: 640, time: 0.002) pos_err: 11.952 ori_err: 46.247 reproj_err: 1868.853 
End of epoch 1378 / 4000 	 Time Taken: 10 sec
learning rate = 0.0001000
(epoch: 1379, iters: 960, time: 0.002) pos_err: 12.306 ori_err: 45.597 reproj_err: 917.191 
End of epoch 1379 / 4000 	 Time Taken: 11 sec
learning rate = 0.0001000
(epoch: 1380, iters: 1280, time: 0.001) pos_err: 22.153 ori_err: 57.873 reproj_err: 423.183 
saving the model at the end of epoch 1380, iters 1766400
End of epoch 1380 / 4000 	 Time Taken: 10 sec
learning rate = 0.0001000
End of epoch 1381 / 4000 	 Time Taken: 10 sec
learning rate = 0.0001000
(epoch: 1382, iters: 320, time: 0.003) pos_err: 14.710 ori_err: 46.953 reproj_err: 2263.565 
End of epoch 1382 / 4000 	 Time Taken: 11 sec
learning rate = 0.0001000
(epoch: 1383, iters: 640, time: 0.001) pos_err: 13.703 ori_err: 46.100 reproj_err: 2296.454 
End of epoch 1383 / 4000 	 Time Taken: 11 sec
learning rate = 0.0001000
(epoch: 1384, iters: 960, time: 0.002) pos_err: 12.884 ori_err: 45.640 reproj_err: 1274.898 
End of epoch 1384 / 4000 	 Time Taken: 10 sec
learning rate = 0.0001000
(epoch: 1385, iters: 1280, time: 0.001) pos_err: 17.016 ori_err: 44.886 reproj_err: 7746.470 
End of epoch 1385 / 4000 	 Time Taken: 11 sec
learning rate = 0.0001000
End of epoch 1386 / 4000 	 Time Taken: 10 sec
learning rate = 0.0001000
(epoch: 1387, iters: 320, time: 0.001) pos_err: 14.068 ori_err: 48.819 reproj_err: 1791.790 
End of epoch 1387 / 4000 	 Time Taken: 10 sec
learning rate = 0.0001000
(epoch: 1388, iters: 640, time: 0.002) pos_err: 15.407 ori_err: 46.566 reproj_err: 2351.419 
End of epoch 1388 / 4000 	 Time Taken: 10 sec
learning rate = 0.0001000
(epoch: 1389, iters: 960, time: 0.002) pos_err: 14.332 ori_err: 51.551 reproj_err: 1011.669 
End of epoch 1389 / 4000 	 Time Taken: 10 sec
learning rate = 0.0001000
(epoch: 1390, iters: 1280, time: 0.001) pos_err: 15.426 ori_err: 47.384 reproj_err: 244.048 
saving the model at the end of epoch 1390, iters 1779200
End of epoch 1390 / 4000 	 Time Taken: 11 sec
learning rate = 0.0001000
End of epoch 1391 / 4000 	 Time Taken: 10 sec
learning rate = 0.0001000
(epoch: 1392, iters: 320, time: 0.002) pos_err: 12.531 ori_err: 48.349 reproj_err: 1378.128 
End of epoch 1392 / 4000 	 Time Taken: 11 sec
learning rate = 0.0001000
(epoch: 1393, iters: 640, time: 0.001) pos_err: 14.846 ori_err: 46.675 reproj_err: 3024.058 
End of epoch 1393 / 4000 	 Time Taken: 10 sec
learning rate = 0.0001000
(epoch: 1394, iters: 960, time: 0.002) pos_err: 13.154 ori_err: 43.961 reproj_err: 1051.969 
End of epoch 1394 / 4000 	 Time Taken: 11 sec
learning rate = 0.0001000
(epoch: 1395, iters: 1280, time: 0.001) pos_err: 16.976 ori_err: 46.766 reproj_err: 306.753 
End of epoch 1395 / 4000 	 Time Taken: 10 sec
learning rate = 0.0001000
End of epoch 1396 / 4000 	 Time Taken: 9 sec
learning rate = 0.0001000
(epoch: 1397, iters: 320, time: 0.002) pos_err: 12.512 ori_err: 47.687 reproj_err: 1317.946 
End of epoch 1397 / 4000 	 Time Taken: 10 sec
learning rate = 0.0001000
(epoch: 1398, iters: 640, time: 0.002) pos_err: 13.800 ori_err: 45.564 reproj_err: 1154.657 
End of epoch 1398 / 4000 	 Time Taken: 10 sec
learning rate = 0.0001000
(epoch: 1399, iters: 960, time: 0.002) pos_err: 11.903 ori_err: 43.928 reproj_err: 1619.526 
End of epoch 1399 / 4000 	 Time Taken: 9 sec
learning rate = 0.0001000
(epoch: 1400, iters: 1280, time: 0.001) pos_err: 16.757 ori_err: 49.214 reproj_err: 340.400 
saving the model at the end of epoch 1400, iters 1792000
End of epoch 1400 / 4000 	 Time Taken: 10 sec
learning rate = 0.0001000
End of epoch 1401 / 4000 	 Time Taken: 10 sec
learning rate = 0.0001000
(epoch: 1402, iters: 320, time: 0.002) pos_err: 13.396 ori_err: 47.358 reproj_err: 3092.461 
End of epoch 1402 / 4000 	 Time Taken: 11 sec
learning rate = 0.0001000
(epoch: 1403, iters: 640, time: 0.001) pos_err: 13.968 ori_err: 48.010 reproj_err: 2110.274 
End of epoch 1403 / 4000 	 Time Taken: 10 sec
learning rate = 0.0001000
(epoch: 1404, iters: 960, time: 0.002) pos_err: 15.055 ori_err: 44.726 reproj_err: 3207.434 
End of epoch 1404 / 4000 	 Time Taken: 10 sec
learning rate = 0.0001000
(epoch: 1405, iters: 1280, time: 0.001) pos_err: 16.673 ori_err: 56.249 reproj_err: 300.415 
End of epoch 1405 / 4000 	 Time Taken: 10 sec
learning rate = 0.0001000
End of epoch 1406 / 4000 	 Time Taken: 10 sec
learning rate = 0.0001000
(epoch: 1407, iters: 320, time: 0.002) pos_err: 12.694 ori_err: 44.320 reproj_err: 1684.177 
End of epoch 1407 / 4000 	 Time Taken: 10 sec
learning rate = 0.0001000
(epoch: 1408, iters: 640, time: 0.002) pos_err: 12.975 ori_err: 46.366 reproj_err: 1905.337 
End of epoch 1408 / 4000 	 Time Taken: 10 sec
learning rate = 0.0001000
(epoch: 1409, iters: 960, time: 0.002) pos_err: 13.515 ori_err: 45.725 reproj_err: 2142.294 
End of epoch 1409 / 4000 	 Time Taken: 10 sec
learning rate = 0.0001000
(epoch: 1410, iters: 1280, time: 0.001) pos_err: 10.645 ori_err: 57.092 reproj_err: 323.811 
saving the model at the end of epoch 1410, iters 1804800
End of epoch 1410 / 4000 	 Time Taken: 10 sec
learning rate = 0.0001000
End of epoch 1411 / 4000 	 Time Taken: 10 sec
learning rate = 0.0001000
(epoch: 1412, iters: 320, time: 0.002) pos_err: 12.995 ori_err: 43.152 reproj_err: 1180.079 
End of epoch 1412 / 4000 	 Time Taken: 10 sec
learning rate = 0.0001000
(epoch: 1413, iters: 640, time: 0.002) pos_err: 13.592 ori_err: 44.302 reproj_err: 2002.026 
End of epoch 1413 / 4000 	 Time Taken: 10 sec
learning rate = 0.0001000
(epoch: 1414, iters: 960, time: 0.002) pos_err: 13.349 ori_err: 50.009 reproj_err: 1646.957 
End of epoch 1414 / 4000 	 Time Taken: 11 sec
learning rate = 0.0001000
(epoch: 1415, iters: 1280, time: 0.001) pos_err: 14.015 ori_err: 50.261 reproj_err: 199.507 
End of epoch 1415 / 4000 	 Time Taken: 10 sec
learning rate = 0.0001000
End of epoch 1416 / 4000 	 Time Taken: 11 sec
learning rate = 0.0001000
(epoch: 1417, iters: 320, time: 0.002) pos_err: 13.285 ori_err: 45.830 reproj_err: 2140.307 
End of epoch 1417 / 4000 	 Time Taken: 10 sec
learning rate = 0.0001000
(epoch: 1418, iters: 640, time: 0.001) pos_err: 14.157 ori_err: 46.421 reproj_err: 1082.466 
End of epoch 1418 / 4000 	 Time Taken: 10 sec
learning rate = 0.0001000
(epoch: 1419, iters: 960, time: 0.002) pos_err: 14.785 ori_err: 47.246 reproj_err: 1936.748 
End of epoch 1419 / 4000 	 Time Taken: 10 sec
learning rate = 0.0001000
(epoch: 1420, iters: 1280, time: 0.001) pos_err: 13.950 ori_err: 53.487 reproj_err: 230.551 
saving the model at the end of epoch 1420, iters 1817600
End of epoch 1420 / 4000 	 Time Taken: 10 sec
learning rate = 0.0001000
End of epoch 1421 / 4000 	 Time Taken: 11 sec
learning rate = 0.0001000
(epoch: 1422, iters: 320, time: 0.001) pos_err: 13.678 ori_err: 42.453 reproj_err: 966.643 
End of epoch 1422 / 4000 	 Time Taken: 10 sec
learning rate = 0.0001000
(epoch: 1423, iters: 640, time: 0.001) pos_err: 12.076 ori_err: 47.882 reproj_err: 1605.156 
End of epoch 1423 / 4000 	 Time Taken: 11 sec
learning rate = 0.0001000
(epoch: 1424, iters: 960, time: 0.002) pos_err: 13.339 ori_err: 46.725 reproj_err: 2330.996 
End of epoch 1424 / 4000 	 Time Taken: 11 sec
learning rate = 0.0001000
(epoch: 1425, iters: 1280, time: 0.001) pos_err: 8.508 ori_err: 69.531 reproj_err: 185.349 
End of epoch 1425 / 4000 	 Time Taken: 10 sec
learning rate = 0.0001000
End of epoch 1426 / 4000 	 Time Taken: 11 sec
learning rate = 0.0001000
(epoch: 1427, iters: 320, time: 0.002) pos_err: 11.535 ori_err: 47.806 reproj_err: 714.877 
End of epoch 1427 / 4000 	 Time Taken: 10 sec
learning rate = 0.0001000
(epoch: 1428, iters: 640, time: 0.002) pos_err: 12.732 ori_err: 47.329 reproj_err: 1601.687 
End of epoch 1428 / 4000 	 Time Taken: 10 sec
learning rate = 0.0001000
(epoch: 1429, iters: 960, time: 0.002) pos_err: 12.777 ori_err: 46.985 reproj_err: 1364.482 
End of epoch 1429 / 4000 	 Time Taken: 10 sec
learning rate = 0.0001000
(epoch: 1430, iters: 1280, time: 0.001) pos_err: 13.237 ori_err: 56.362 reproj_err: 540.229 
saving the model at the end of epoch 1430, iters 1830400
End of epoch 1430 / 4000 	 Time Taken: 11 sec
learning rate = 0.0001000
End of epoch 1431 / 4000 	 Time Taken: 10 sec
learning rate = 0.0001000
(epoch: 1432, iters: 320, time: 0.002) pos_err: 13.079 ori_err: 44.799 reproj_err: 2163.551 
End of epoch 1432 / 4000 	 Time Taken: 10 sec
learning rate = 0.0001000
(epoch: 1433, iters: 640, time: 0.002) pos_err: 13.464 ori_err: 49.489 reproj_err: 1203.478 
End of epoch 1433 / 4000 	 Time Taken: 11 sec
learning rate = 0.0001000
(epoch: 1434, iters: 960, time: 0.002) pos_err: 13.326 ori_err: 46.101 reproj_err: 2139.314 
End of epoch 1434 / 4000 	 Time Taken: 11 sec
learning rate = 0.0001000
(epoch: 1435, iters: 1280, time: 0.001) pos_err: 18.812 ori_err: 49.254 reproj_err: 6546.704 
End of epoch 1435 / 4000 	 Time Taken: 9 sec
learning rate = 0.0001000
End of epoch 1436 / 4000 	 Time Taken: 11 sec
learning rate = 0.0001000
(epoch: 1437, iters: 320, time: 0.002) pos_err: 12.747 ori_err: 51.135 reproj_err: 863.812 
End of epoch 1437 / 4000 	 Time Taken: 11 sec
learning rate = 0.0001000
(epoch: 1438, iters: 640, time: 0.001) pos_err: 12.989 ori_err: 54.326 reproj_err: 2204.741 
End of epoch 1438 / 4000 	 Time Taken: 10 sec
learning rate = 0.0001000
(epoch: 1439, iters: 960, time: 0.002) pos_err: 12.710 ori_err: 46.913 reproj_err: 2176.855 
End of epoch 1439 / 4000 	 Time Taken: 11 sec
learning rate = 0.0001000
(epoch: 1440, iters: 1280, time: 0.001) pos_err: 15.898 ori_err: 63.537 reproj_err: 391.224 
saving the model at the end of epoch 1440, iters 1843200
End of epoch 1440 / 4000 	 Time Taken: 10 sec
learning rate = 0.0001000
End of epoch 1441 / 4000 	 Time Taken: 10 sec
learning rate = 0.0001000
(epoch: 1442, iters: 320, time: 0.003) pos_err: 14.377 ori_err: 51.957 reproj_err: 2325.774 
End of epoch 1442 / 4000 	 Time Taken: 9 sec
learning rate = 0.0001000
(epoch: 1443, iters: 640, time: 0.001) pos_err: 15.009 ori_err: 45.721 reproj_err: 1429.118 
End of epoch 1443 / 4000 	 Time Taken: 10 sec
learning rate = 0.0001000
(epoch: 1444, iters: 960, time: 0.002) pos_err: 12.497 ori_err: 44.660 reproj_err: 936.836 
End of epoch 1444 / 4000 	 Time Taken: 10 sec
learning rate = 0.0001000
(epoch: 1445, iters: 1280, time: 0.001) pos_err: 13.049 ori_err: 40.442 reproj_err: 790.760 
End of epoch 1445 / 4000 	 Time Taken: 11 sec
learning rate = 0.0001000
End of epoch 1446 / 4000 	 Time Taken: 11 sec
learning rate = 0.0001000
(epoch: 1447, iters: 320, time: 0.003) pos_err: 13.725 ori_err: 47.551 reproj_err: 1818.033 
End of epoch 1447 / 4000 	 Time Taken: 10 sec
learning rate = 0.0001000
(epoch: 1448, iters: 640, time: 0.002) pos_err: 13.976 ori_err: 45.843 reproj_err: 1233.717 
End of epoch 1448 / 4000 	 Time Taken: 10 sec
learning rate = 0.0001000
(epoch: 1449, iters: 960, time: 0.002) pos_err: 14.582 ori_err: 44.272 reproj_err: 1370.395 
End of epoch 1449 / 4000 	 Time Taken: 10 sec
learning rate = 0.0001000
(epoch: 1450, iters: 1280, time: 0.001) pos_err: 10.264 ori_err: 74.210 reproj_err: 325.337 
saving the model at the end of epoch 1450, iters 1856000
End of epoch 1450 / 4000 	 Time Taken: 11 sec
learning rate = 0.0001000
End of epoch 1451 / 4000 	 Time Taken: 10 sec
learning rate = 0.0001000
(epoch: 1452, iters: 320, time: 0.002) pos_err: 13.927 ori_err: 44.655 reproj_err: 1040.512 
End of epoch 1452 / 4000 	 Time Taken: 11 sec
learning rate = 0.0001000
(epoch: 1453, iters: 640, time: 0.002) pos_err: 14.024 ori_err: 46.652 reproj_err: 1612.036 
End of epoch 1453 / 4000 	 Time Taken: 10 sec
learning rate = 0.0001000
(epoch: 1454, iters: 960, time: 0.002) pos_err: 12.216 ori_err: 48.423 reproj_err: 2169.729 
End of epoch 1454 / 4000 	 Time Taken: 10 sec
learning rate = 0.0001000
(epoch: 1455, iters: 1280, time: 0.001) pos_err: 15.742 ori_err: 38.099 reproj_err: 1013.842 
End of epoch 1455 / 4000 	 Time Taken: 10 sec
learning rate = 0.0001000
End of epoch 1456 / 4000 	 Time Taken: 10 sec
learning rate = 0.0001000
(epoch: 1457, iters: 320, time: 0.003) pos_err: 12.521 ori_err: 49.498 reproj_err: 1199.445 
End of epoch 1457 / 4000 	 Time Taken: 10 sec
learning rate = 0.0001000
(epoch: 1458, iters: 640, time: 0.002) pos_err: 12.589 ori_err: 46.850 reproj_err: 1413.791 
End of epoch 1458 / 4000 	 Time Taken: 11 sec
learning rate = 0.0001000
(epoch: 1459, iters: 960, time: 0.002) pos_err: 12.771 ori_err: 46.857 reproj_err: 1072.734 
End of epoch 1459 / 4000 	 Time Taken: 11 sec
learning rate = 0.0001000
(epoch: 1460, iters: 1280, time: 0.001) pos_err: 12.619 ori_err: 53.263 reproj_err: 591.031 
saving the model at the end of epoch 1460, iters 1868800
End of epoch 1460 / 4000 	 Time Taken: 11 sec
learning rate = 0.0001000
End of epoch 1461 / 4000 	 Time Taken: 10 sec
learning rate = 0.0001000
(epoch: 1462, iters: 320, time: 0.002) pos_err: 13.806 ori_err: 47.928 reproj_err: 1297.173 
End of epoch 1462 / 4000 	 Time Taken: 10 sec
learning rate = 0.0001000
(epoch: 1463, iters: 640, time: 0.001) pos_err: 12.809 ori_err: 45.797 reproj_err: 1518.982 
End of epoch 1463 / 4000 	 Time Taken: 10 sec
learning rate = 0.0001000
(epoch: 1464, iters: 960, time: 0.002) pos_err: 13.073 ori_err: 44.628 reproj_err: 1056.156 
End of epoch 1464 / 4000 	 Time Taken: 10 sec
learning rate = 0.0001000
(epoch: 1465, iters: 1280, time: 0.001) pos_err: 14.840 ori_err: 49.980 reproj_err: 1097.242 
End of epoch 1465 / 4000 	 Time Taken: 10 sec
learning rate = 0.0001000
End of epoch 1466 / 4000 	 Time Taken: 9 sec
learning rate = 0.0001000
(epoch: 1467, iters: 320, time: 0.002) pos_err: 14.242 ori_err: 51.229 reproj_err: 932.219 
End of epoch 1467 / 4000 	 Time Taken: 10 sec
learning rate = 0.0001000
(epoch: 1468, iters: 640, time: 0.002) pos_err: 11.777 ori_err: 49.896 reproj_err: 1173.304 
End of epoch 1468 / 4000 	 Time Taken: 10 sec
learning rate = 0.0001000
(epoch: 1469, iters: 960, time: 0.002) pos_err: 12.400 ori_err: 48.418 reproj_err: 2033.602 
End of epoch 1469 / 4000 	 Time Taken: 11 sec
learning rate = 0.0001000
(epoch: 1470, iters: 1280, time: 0.001) pos_err: 11.899 ori_err: 48.420 reproj_err: 5110.733 
saving the model at the end of epoch 1470, iters 1881600
End of epoch 1470 / 4000 	 Time Taken: 10 sec
learning rate = 0.0001000
End of epoch 1471 / 4000 	 Time Taken: 9 sec
learning rate = 0.0001000
(epoch: 1472, iters: 320, time: 0.002) pos_err: 14.112 ori_err: 50.733 reproj_err: 2511.416 
End of epoch 1472 / 4000 	 Time Taken: 11 sec
learning rate = 0.0001000
(epoch: 1473, iters: 640, time: 0.001) pos_err: 11.368 ori_err: 53.605 reproj_err: 1264.352 
End of epoch 1473 / 4000 	 Time Taken: 10 sec
learning rate = 0.0001000
(epoch: 1474, iters: 960, time: 0.002) pos_err: 13.205 ori_err: 43.342 reproj_err: 2708.339 
End of epoch 1474 / 4000 	 Time Taken: 10 sec
learning rate = 0.0001000
(epoch: 1475, iters: 1280, time: 0.001) pos_err: 11.006 ori_err: 40.687 reproj_err: 176.822 
End of epoch 1475 / 4000 	 Time Taken: 10 sec
learning rate = 0.0001000
End of epoch 1476 / 4000 	 Time Taken: 11 sec
learning rate = 0.0001000
(epoch: 1477, iters: 320, time: 0.003) pos_err: 13.742 ori_err: 44.176 reproj_err: 2143.147 
End of epoch 1477 / 4000 	 Time Taken: 10 sec
learning rate = 0.0001000
(epoch: 1478, iters: 640, time: 0.002) pos_err: 13.188 ori_err: 45.202 reproj_err: 1346.773 
End of epoch 1478 / 4000 	 Time Taken: 10 sec
learning rate = 0.0001000
(epoch: 1479, iters: 960, time: 0.002) pos_err: 14.032 ori_err: 50.910 reproj_err: 2153.872 
End of epoch 1479 / 4000 	 Time Taken: 10 sec
learning rate = 0.0001000
(epoch: 1480, iters: 1280, time: 0.001) pos_err: 14.157 ori_err: 56.643 reproj_err: 3717.783 
saving the model at the end of epoch 1480, iters 1894400
End of epoch 1480 / 4000 	 Time Taken: 11 sec
learning rate = 0.0001000
End of epoch 1481 / 4000 	 Time Taken: 10 sec
learning rate = 0.0001000
(epoch: 1482, iters: 320, time: 0.002) pos_err: 13.629 ori_err: 48.763 reproj_err: 1321.121 
End of epoch 1482 / 4000 	 Time Taken: 11 sec
learning rate = 0.0001000
(epoch: 1483, iters: 640, time: 0.002) pos_err: 13.724 ori_err: 51.460 reproj_err: 1893.489 
End of epoch 1483 / 4000 	 Time Taken: 11 sec
learning rate = 0.0001000
(epoch: 1484, iters: 960, time: 0.002) pos_err: 12.138 ori_err: 43.682 reproj_err: 920.613 
End of epoch 1484 / 4000 	 Time Taken: 10 sec
learning rate = 0.0001000
(epoch: 1485, iters: 1280, time: 0.001) pos_err: 10.915 ori_err: 64.636 reproj_err: 281.551 
End of epoch 1485 / 4000 	 Time Taken: 11 sec
learning rate = 0.0001000
End of epoch 1486 / 4000 	 Time Taken: 10 sec
learning rate = 0.0001000
(epoch: 1487, iters: 320, time: 0.001) pos_err: 13.863 ori_err: 46.663 reproj_err: 1255.767 
End of epoch 1487 / 4000 	 Time Taken: 10 sec
learning rate = 0.0001000
(epoch: 1488, iters: 640, time: 0.002) pos_err: 12.379 ori_err: 48.058 reproj_err: 1183.284 
End of epoch 1488 / 4000 	 Time Taken: 10 sec
learning rate = 0.0001000
(epoch: 1489, iters: 960, time: 0.002) pos_err: 12.166 ori_err: 47.887 reproj_err: 900.407 
End of epoch 1489 / 4000 	 Time Taken: 10 sec
learning rate = 0.0001000
(epoch: 1490, iters: 1280, time: 0.001) pos_err: 17.905 ori_err: 49.745 reproj_err: 9391.615 
saving the model at the end of epoch 1490, iters 1907200
End of epoch 1490 / 4000 	 Time Taken: 10 sec
learning rate = 0.0001000
End of epoch 1491 / 4000 	 Time Taken: 10 sec
learning rate = 0.0001000
(epoch: 1492, iters: 320, time: 0.002) pos_err: 13.774 ori_err: 47.195 reproj_err: 3028.525 
End of epoch 1492 / 4000 	 Time Taken: 11 sec
learning rate = 0.0001000
(epoch: 1493, iters: 640, time: 0.001) pos_err: 13.666 ori_err: 44.903 reproj_err: 2067.275 
End of epoch 1493 / 4000 	 Time Taken: 10 sec
learning rate = 0.0001000
(epoch: 1494, iters: 960, time: 0.002) pos_err: 12.521 ori_err: 50.191 reproj_err: 1398.120 
End of epoch 1494 / 4000 	 Time Taken: 10 sec
learning rate = 0.0001000
(epoch: 1495, iters: 1280, time: 0.001) pos_err: 12.866 ori_err: 41.645 reproj_err: 1619.169 
End of epoch 1495 / 4000 	 Time Taken: 10 sec
learning rate = 0.0001000
End of epoch 1496 / 4000 	 Time Taken: 10 sec
learning rate = 0.0001000
(epoch: 1497, iters: 320, time: 0.002) pos_err: 13.417 ori_err: 45.924 reproj_err: 1663.008 
End of epoch 1497 / 4000 	 Time Taken: 10 sec
learning rate = 0.0001000
(epoch: 1498, iters: 640, time: 0.002) pos_err: 12.626 ori_err: 48.761 reproj_err: 919.125 
End of epoch 1498 / 4000 	 Time Taken: 10 sec
learning rate = 0.0001000
(epoch: 1499, iters: 960, time: 0.002) pos_err: 13.800 ori_err: 46.798 reproj_err: 1340.974 
End of epoch 1499 / 4000 	 Time Taken: 10 sec
learning rate = 0.0001000
(epoch: 1500, iters: 1280, time: 0.001) pos_err: 6.610 ori_err: 47.547 reproj_err: 157.136 
saving the model at the end of epoch 1500, iters 1920000
End of epoch 1500 / 4000 	 Time Taken: 10 sec
learning rate = 0.0001000
End of epoch 1501 / 4000 	 Time Taken: 9 sec
learning rate = 0.0001000
(epoch: 1502, iters: 320, time: 0.002) pos_err: 13.628 ori_err: 45.914 reproj_err: 1883.954 
End of epoch 1502 / 4000 	 Time Taken: 10 sec
learning rate = 0.0001000
(epoch: 1503, iters: 640, time: 0.001) pos_err: 13.714 ori_err: 45.825 reproj_err: 1464.702 
End of epoch 1503 / 4000 	 Time Taken: 11 sec
learning rate = 0.0001000
(epoch: 1504, iters: 960, time: 0.002) pos_err: 12.916 ori_err: 45.010 reproj_err: 2160.494 
End of epoch 1504 / 4000 	 Time Taken: 11 sec
learning rate = 0.0001000
(epoch: 1505, iters: 1280, time: 0.001) pos_err: 14.311 ori_err: 45.095 reproj_err: 522.407 
End of epoch 1505 / 4000 	 Time Taken: 10 sec
learning rate = 0.0001000
End of epoch 1506 / 4000 	 Time Taken: 10 sec
learning rate = 0.0001000
(epoch: 1507, iters: 320, time: 0.002) pos_err: 13.285 ori_err: 46.608 reproj_err: 1268.486 
End of epoch 1507 / 4000 	 Time Taken: 10 sec
learning rate = 0.0001000
(epoch: 1508, iters: 640, time: 0.002) pos_err: 14.286 ori_err: 46.864 reproj_err: 2399.202 
End of epoch 1508 / 4000 	 Time Taken: 10 sec
learning rate = 0.0001000
(epoch: 1509, iters: 960, time: 0.002) pos_err: 12.742 ori_err: 46.686 reproj_err: 1363.635 
End of epoch 1509 / 4000 	 Time Taken: 9 sec
learning rate = 0.0001000
(epoch: 1510, iters: 1280, time: 0.001) pos_err: 8.868 ori_err: 38.991 reproj_err: 2851.161 
saving the model at the end of epoch 1510, iters 1932800
End of epoch 1510 / 4000 	 Time Taken: 11 sec
learning rate = 0.0001000
End of epoch 1511 / 4000 	 Time Taken: 10 sec
learning rate = 0.0001000
(epoch: 1512, iters: 320, time: 0.002) pos_err: 12.609 ori_err: 47.771 reproj_err: 1280.076 
End of epoch 1512 / 4000 	 Time Taken: 10 sec
learning rate = 0.0001000
(epoch: 1513, iters: 640, time: 0.002) pos_err: 12.983 ori_err: 53.528 reproj_err: 2273.908 
End of epoch 1513 / 4000 	 Time Taken: 11 sec
learning rate = 0.0001000
(epoch: 1514, iters: 960, time: 0.002) pos_err: 13.963 ori_err: 47.841 reproj_err: 1885.727 
End of epoch 1514 / 4000 	 Time Taken: 10 sec
learning rate = 0.0001000
(epoch: 1515, iters: 1280, time: 0.001) pos_err: 20.286 ori_err: 47.282 reproj_err: 1346.718 
End of epoch 1515 / 4000 	 Time Taken: 11 sec
learning rate = 0.0001000
End of epoch 1516 / 4000 	 Time Taken: 10 sec
learning rate = 0.0001000
(epoch: 1517, iters: 320, time: 0.002) pos_err: 13.361 ori_err: 47.956 reproj_err: 1194.002 
End of epoch 1517 / 4000 	 Time Taken: 10 sec
learning rate = 0.0001000
(epoch: 1518, iters: 640, time: 0.002) pos_err: 13.012 ori_err: 47.128 reproj_err: 2182.278 
End of epoch 1518 / 4000 	 Time Taken: 10 sec
learning rate = 0.0001000
(epoch: 1519, iters: 960, time: 0.002) pos_err: 14.343 ori_err: 43.697 reproj_err: 1543.883 
End of epoch 1519 / 4000 	 Time Taken: 10 sec
learning rate = 0.0001000
(epoch: 1520, iters: 1280, time: 0.001) pos_err: 12.055 ori_err: 52.343 reproj_err: 477.121 
saving the model at the end of epoch 1520, iters 1945600
End of epoch 1520 / 4000 	 Time Taken: 10 sec
learning rate = 0.0001000
End of epoch 1521 / 4000 	 Time Taken: 10 sec
learning rate = 0.0001000
(epoch: 1522, iters: 320, time: 0.002) pos_err: 15.956 ori_err: 46.126 reproj_err: 3587.988 
End of epoch 1522 / 4000 	 Time Taken: 11 sec
learning rate = 0.0001000
(epoch: 1523, iters: 640, time: 0.001) pos_err: 12.685 ori_err: 49.608 reproj_err: 1462.403 
End of epoch 1523 / 4000 	 Time Taken: 10 sec
learning rate = 0.0001000
(epoch: 1524, iters: 960, time: 0.002) pos_err: 12.335 ori_err: 46.006 reproj_err: 1295.266 
End of epoch 1524 / 4000 	 Time Taken: 11 sec
learning rate = 0.0001000
(epoch: 1525, iters: 1280, time: 0.001) pos_err: 25.171 ori_err: 50.742 reproj_err: 669.545 
End of epoch 1525 / 4000 	 Time Taken: 10 sec
learning rate = 0.0001000
End of epoch 1526 / 4000 	 Time Taken: 9 sec
learning rate = 0.0001000
(epoch: 1527, iters: 320, time: 0.003) pos_err: 14.205 ori_err: 51.657 reproj_err: 1389.481 
End of epoch 1527 / 4000 	 Time Taken: 11 sec
learning rate = 0.0001000
(epoch: 1528, iters: 640, time: 0.002) pos_err: 12.273 ori_err: 46.599 reproj_err: 1010.766 
End of epoch 1528 / 4000 	 Time Taken: 10 sec
learning rate = 0.0001000
(epoch: 1529, iters: 960, time: 0.002) pos_err: 13.840 ori_err: 47.640 reproj_err: 1217.235 
End of epoch 1529 / 4000 	 Time Taken: 10 sec
learning rate = 0.0001000
(epoch: 1530, iters: 1280, time: 0.001) pos_err: 10.812 ori_err: 68.733 reproj_err: 2762.205 
saving the model at the end of epoch 1530, iters 1958400
End of epoch 1530 / 4000 	 Time Taken: 10 sec
learning rate = 0.0001000
End of epoch 1531 / 4000 	 Time Taken: 10 sec
learning rate = 0.0001000
(epoch: 1532, iters: 320, time: 0.003) pos_err: 12.889 ori_err: 43.896 reproj_err: 1438.985 
End of epoch 1532 / 4000 	 Time Taken: 10 sec
learning rate = 0.0001000
(epoch: 1533, iters: 640, time: 0.001) pos_err: 13.176 ori_err: 46.725 reproj_err: 1444.478 
End of epoch 1533 / 4000 	 Time Taken: 10 sec
learning rate = 0.0001000
(epoch: 1534, iters: 960, time: 0.002) pos_err: 11.685 ori_err: 47.039 reproj_err: 883.372 
End of epoch 1534 / 4000 	 Time Taken: 10 sec
learning rate = 0.0001000
(epoch: 1535, iters: 1280, time: 0.001) pos_err: 12.631 ori_err: 50.617 reproj_err: 131.567 
End of epoch 1535 / 4000 	 Time Taken: 10 sec
learning rate = 0.0001000
End of epoch 1536 / 4000 	 Time Taken: 9 sec
learning rate = 0.0001000
(epoch: 1537, iters: 320, time: 0.002) pos_err: 13.528 ori_err: 51.338 reproj_err: 1815.456 
End of epoch 1537 / 4000 	 Time Taken: 10 sec
learning rate = 0.0001000
(epoch: 1538, iters: 640, time: 0.001) pos_err: 14.146 ori_err: 44.132 reproj_err: 2585.794 
End of epoch 1538 / 4000 	 Time Taken: 10 sec
learning rate = 0.0001000
(epoch: 1539, iters: 960, time: 0.002) pos_err: 12.791 ori_err: 48.030 reproj_err: 1507.753 
End of epoch 1539 / 4000 	 Time Taken: 10 sec
learning rate = 0.0001000
(epoch: 1540, iters: 1280, time: 0.001) pos_err: 10.745 ori_err: 48.232 reproj_err: 3347.745 
saving the model at the end of epoch 1540, iters 1971200
End of epoch 1540 / 4000 	 Time Taken: 10 sec
learning rate = 0.0001000
End of epoch 1541 / 4000 	 Time Taken: 10 sec
learning rate = 0.0001000
(epoch: 1542, iters: 320, time: 0.002) pos_err: 13.781 ori_err: 45.755 reproj_err: 1636.323 
End of epoch 1542 / 4000 	 Time Taken: 10 sec
learning rate = 0.0001000
(epoch: 1543, iters: 640, time: 0.002) pos_err: 12.562 ori_err: 44.822 reproj_err: 1633.141 
End of epoch 1543 / 4000 	 Time Taken: 11 sec
learning rate = 0.0001000
(epoch: 1544, iters: 960, time: 0.002) pos_err: 14.208 ori_err: 50.319 reproj_err: 979.403 
End of epoch 1544 / 4000 	 Time Taken: 10 sec
learning rate = 0.0001000
(epoch: 1545, iters: 1280, time: 0.001) pos_err: 8.584 ori_err: 45.470 reproj_err: 196.721 
End of epoch 1545 / 4000 	 Time Taken: 10 sec
learning rate = 0.0001000
End of epoch 1546 / 4000 	 Time Taken: 10 sec
learning rate = 0.0001000
(epoch: 1547, iters: 320, time: 0.002) pos_err: 12.115 ori_err: 49.012 reproj_err: 1780.346 
End of epoch 1547 / 4000 	 Time Taken: 10 sec
learning rate = 0.0001000
(epoch: 1548, iters: 640, time: 0.002) pos_err: 13.091 ori_err: 52.951 reproj_err: 1701.810 
End of epoch 1548 / 4000 	 Time Taken: 10 sec
learning rate = 0.0001000
(epoch: 1549, iters: 960, time: 0.002) pos_err: 12.785 ori_err: 48.071 reproj_err: 1535.781 
End of epoch 1549 / 4000 	 Time Taken: 10 sec
learning rate = 0.0001000
(epoch: 1550, iters: 1280, time: 0.001) pos_err: 17.007 ori_err: 45.188 reproj_err: 7714.153 
saving the model at the end of epoch 1550, iters 1984000
End of epoch 1550 / 4000 	 Time Taken: 10 sec
learning rate = 0.0001000
End of epoch 1551 / 4000 	 Time Taken: 11 sec
learning rate = 0.0001000
(epoch: 1552, iters: 320, time: 0.002) pos_err: 11.981 ori_err: 46.103 reproj_err: 1033.001 
End of epoch 1552 / 4000 	 Time Taken: 10 sec
learning rate = 0.0001000
(epoch: 1553, iters: 640, time: 0.001) pos_err: 13.690 ori_err: 46.973 reproj_err: 2169.113 
End of epoch 1553 / 4000 	 Time Taken: 10 sec
learning rate = 0.0001000
(epoch: 1554, iters: 960, time: 0.002) pos_err: 13.152 ori_err: 43.616 reproj_err: 1151.765 
End of epoch 1554 / 4000 	 Time Taken: 10 sec
learning rate = 0.0001000
(epoch: 1555, iters: 1280, time: 0.001) pos_err: 17.626 ori_err: 66.809 reproj_err: 3920.764 
End of epoch 1555 / 4000 	 Time Taken: 11 sec
learning rate = 0.0001000
End of epoch 1556 / 4000 	 Time Taken: 10 sec
learning rate = 0.0001000
(epoch: 1557, iters: 320, time: 0.001) pos_err: 13.007 ori_err: 48.599 reproj_err: 2343.348 
End of epoch 1557 / 4000 	 Time Taken: 10 sec
learning rate = 0.0001000
(epoch: 1558, iters: 640, time: 0.002) pos_err: 12.771 ori_err: 42.916 reproj_err: 1067.602 
End of epoch 1558 / 4000 	 Time Taken: 10 sec
learning rate = 0.0001000
(epoch: 1559, iters: 960, time: 0.002) pos_err: 12.897 ori_err: 49.913 reproj_err: 1332.498 
End of epoch 1559 / 4000 	 Time Taken: 10 sec
learning rate = 0.0001000
(epoch: 1560, iters: 1280, time: 0.001) pos_err: 20.881 ori_err: 58.186 reproj_err: 329.403 
saving the model at the end of epoch 1560, iters 1996800
End of epoch 1560 / 4000 	 Time Taken: 10 sec
learning rate = 0.0001000
End of epoch 1561 / 4000 	 Time Taken: 11 sec
learning rate = 0.0001000
(epoch: 1562, iters: 320, time: 0.001) pos_err: 12.783 ori_err: 47.286 reproj_err: 1621.835 
End of epoch 1562 / 4000 	 Time Taken: 10 sec
learning rate = 0.0001000
(epoch: 1563, iters: 640, time: 0.001) pos_err: 12.176 ori_err: 48.958 reproj_err: 1951.351 
End of epoch 1563 / 4000 	 Time Taken: 9 sec
learning rate = 0.0001000
(epoch: 1564, iters: 960, time: 0.002) pos_err: 13.543 ori_err: 48.381 reproj_err: 1582.354 
End of epoch 1564 / 4000 	 Time Taken: 10 sec
learning rate = 0.0001000
(epoch: 1565, iters: 1280, time: 0.001) pos_err: 12.305 ori_err: 57.373 reproj_err: 4874.213 
End of epoch 1565 / 4000 	 Time Taken: 10 sec
learning rate = 0.0001000
End of epoch 1566 / 4000 	 Time Taken: 11 sec
learning rate = 0.0001000
(epoch: 1567, iters: 320, time: 0.002) pos_err: 15.080 ori_err: 47.342 reproj_err: 2384.563 
End of epoch 1567 / 4000 	 Time Taken: 10 sec
learning rate = 0.0001000
(epoch: 1568, iters: 640, time: 0.002) pos_err: 14.850 ori_err: 48.231 reproj_err: 3106.831 
End of epoch 1568 / 4000 	 Time Taken: 10 sec
learning rate = 0.0001000
(epoch: 1569, iters: 960, time: 0.002) pos_err: 11.929 ori_err: 46.885 reproj_err: 1665.687 
End of epoch 1569 / 4000 	 Time Taken: 11 sec
learning rate = 0.0001000
(epoch: 1570, iters: 1280, time: 0.001) pos_err: 8.779 ori_err: 52.237 reproj_err: 371.400 
saving the model at the end of epoch 1570, iters 2009600
End of epoch 1570 / 4000 	 Time Taken: 10 sec
learning rate = 0.0001000
End of epoch 1571 / 4000 	 Time Taken: 10 sec
learning rate = 0.0001000
(epoch: 1572, iters: 320, time: 0.002) pos_err: 14.402 ori_err: 45.940 reproj_err: 964.783 
End of epoch 1572 / 4000 	 Time Taken: 10 sec
learning rate = 0.0001000
(epoch: 1573, iters: 640, time: 0.002) pos_err: 11.125 ori_err: 45.720 reproj_err: 1246.140 
End of epoch 1573 / 4000 	 Time Taken: 10 sec
learning rate = 0.0001000
(epoch: 1574, iters: 960, time: 0.002) pos_err: 13.290 ori_err: 45.450 reproj_err: 1699.612 
End of epoch 1574 / 4000 	 Time Taken: 11 sec
learning rate = 0.0001000
(epoch: 1575, iters: 1280, time: 0.001) pos_err: 16.719 ori_err: 46.210 reproj_err: 1720.871 
End of epoch 1575 / 4000 	 Time Taken: 10 sec
learning rate = 0.0001000
End of epoch 1576 / 4000 	 Time Taken: 10 sec
learning rate = 0.0001000
(epoch: 1577, iters: 320, time: 0.003) pos_err: 12.726 ori_err: 50.593 reproj_err: 1357.503 
End of epoch 1577 / 4000 	 Time Taken: 9 sec
learning rate = 0.0001000
(epoch: 1578, iters: 640, time: 0.002) pos_err: 15.019 ori_err: 45.778 reproj_err: 1819.654 
End of epoch 1578 / 4000 	 Time Taken: 11 sec
learning rate = 0.0001000
(epoch: 1579, iters: 960, time: 0.002) pos_err: 13.142 ori_err: 46.009 reproj_err: 971.227 
End of epoch 1579 / 4000 	 Time Taken: 10 sec
learning rate = 0.0001000
(epoch: 1580, iters: 1280, time: 0.001) pos_err: 14.027 ori_err: 38.281 reproj_err: 206.484 
saving the model at the end of epoch 1580, iters 2022400
End of epoch 1580 / 4000 	 Time Taken: 12 sec
learning rate = 0.0001000
End of epoch 1581 / 4000 	 Time Taken: 10 sec
learning rate = 0.0001000
(epoch: 1582, iters: 320, time: 0.002) pos_err: 13.219 ori_err: 49.697 reproj_err: 951.576 
End of epoch 1582 / 4000 	 Time Taken: 10 sec
learning rate = 0.0001000
(epoch: 1583, iters: 640, time: 0.002) pos_err: 14.053 ori_err: 45.551 reproj_err: 1302.548 
End of epoch 1583 / 4000 	 Time Taken: 10 sec
learning rate = 0.0001000
(epoch: 1584, iters: 960, time: 0.002) pos_err: 14.251 ori_err: 42.974 reproj_err: 1624.093 
End of epoch 1584 / 4000 	 Time Taken: 11 sec
learning rate = 0.0001000
(epoch: 1585, iters: 1280, time: 0.001) pos_err: 9.213 ori_err: 55.735 reproj_err: 160.375 
End of epoch 1585 / 4000 	 Time Taken: 11 sec
learning rate = 0.0001000
End of epoch 1586 / 4000 	 Time Taken: 10 sec
learning rate = 0.0001000
(epoch: 1587, iters: 320, time: 0.002) pos_err: 11.733 ori_err: 47.883 reproj_err: 953.591 
End of epoch 1587 / 4000 	 Time Taken: 9 sec
learning rate = 0.0001000
(epoch: 1588, iters: 640, time: 0.002) pos_err: 13.126 ori_err: 47.718 reproj_err: 1843.611 
End of epoch 1588 / 4000 	 Time Taken: 9 sec
learning rate = 0.0001000
(epoch: 1589, iters: 960, time: 0.002) pos_err: 13.092 ori_err: 48.255 reproj_err: 778.679 
End of epoch 1589 / 4000 	 Time Taken: 11 sec
learning rate = 0.0001000
(epoch: 1590, iters: 1280, time: 0.001) pos_err: 8.984 ori_err: 46.394 reproj_err: 161.766 
saving the model at the end of epoch 1590, iters 2035200
End of epoch 1590 / 4000 	 Time Taken: 10 sec
learning rate = 0.0001000
End of epoch 1591 / 4000 	 Time Taken: 11 sec
learning rate = 0.0001000
(epoch: 1592, iters: 320, time: 0.002) pos_err: 14.279 ori_err: 44.218 reproj_err: 1132.026 
End of epoch 1592 / 4000 	 Time Taken: 11 sec
learning rate = 0.0001000
(epoch: 1593, iters: 640, time: 0.001) pos_err: 13.942 ori_err: 48.946 reproj_err: 1934.585 
End of epoch 1593 / 4000 	 Time Taken: 11 sec
learning rate = 0.0001000
(epoch: 1594, iters: 960, time: 0.002) pos_err: 14.047 ori_err: 44.373 reproj_err: 2878.386 
End of epoch 1594 / 4000 	 Time Taken: 10 sec
learning rate = 0.0001000
(epoch: 1595, iters: 1280, time: 0.001) pos_err: 15.634 ori_err: 49.351 reproj_err: 424.455 
End of epoch 1595 / 4000 	 Time Taken: 11 sec
learning rate = 0.0001000
End of epoch 1596 / 4000 	 Time Taken: 9 sec
learning rate = 0.0001000
(epoch: 1597, iters: 320, time: 0.002) pos_err: 15.413 ori_err: 46.203 reproj_err: 2857.703 
End of epoch 1597 / 4000 	 Time Taken: 10 sec
learning rate = 0.0001000
(epoch: 1598, iters: 640, time: 0.002) pos_err: 13.607 ori_err: 46.742 reproj_err: 1880.582 
End of epoch 1598 / 4000 	 Time Taken: 10 sec
learning rate = 0.0001000
(epoch: 1599, iters: 960, time: 0.002) pos_err: 15.132 ori_err: 41.763 reproj_err: 1748.179 
End of epoch 1599 / 4000 	 Time Taken: 11 sec
learning rate = 0.0001000
(epoch: 1600, iters: 1280, time: 0.001) pos_err: 16.514 ori_err: 60.137 reproj_err: 1501.199 
saving the model at the end of epoch 1600, iters 2048000
End of epoch 1600 / 4000 	 Time Taken: 10 sec
learning rate = 0.0001000
End of epoch 1601 / 4000 	 Time Taken: 11 sec
learning rate = 0.0001000
(epoch: 1602, iters: 320, time: 0.003) pos_err: 13.510 ori_err: 47.594 reproj_err: 1636.334 
End of epoch 1602 / 4000 	 Time Taken: 10 sec
learning rate = 0.0001000
(epoch: 1603, iters: 640, time: 0.002) pos_err: 12.474 ori_err: 47.437 reproj_err: 2078.048 
End of epoch 1603 / 4000 	 Time Taken: 9 sec
learning rate = 0.0001000
(epoch: 1604, iters: 960, time: 0.002) pos_err: 13.843 ori_err: 45.609 reproj_err: 2816.265 
End of epoch 1604 / 4000 	 Time Taken: 9 sec
learning rate = 0.0001000
(epoch: 1605, iters: 1280, time: 0.001) pos_err: 13.228 ori_err: 47.524 reproj_err: 221.480 
End of epoch 1605 / 4000 	 Time Taken: 9 sec
learning rate = 0.0001000
End of epoch 1606 / 4000 	 Time Taken: 10 sec
learning rate = 0.0001000
(epoch: 1607, iters: 320, time: 0.002) pos_err: 13.672 ori_err: 46.052 reproj_err: 2610.552 
End of epoch 1607 / 4000 	 Time Taken: 10 sec
learning rate = 0.0001000
(epoch: 1608, iters: 640, time: 0.002) pos_err: 12.990 ori_err: 42.113 reproj_err: 1513.795 
End of epoch 1608 / 4000 	 Time Taken: 10 sec
learning rate = 0.0001000
(epoch: 1609, iters: 960, time: 0.002) pos_err: 13.705 ori_err: 46.206 reproj_err: 1278.757 
End of epoch 1609 / 4000 	 Time Taken: 10 sec
learning rate = 0.0001000
(epoch: 1610, iters: 1280, time: 0.001) pos_err: 10.160 ori_err: 43.059 reproj_err: 3415.584 
saving the model at the end of epoch 1610, iters 2060800
End of epoch 1610 / 4000 	 Time Taken: 10 sec
learning rate = 0.0001000
End of epoch 1611 / 4000 	 Time Taken: 11 sec
learning rate = 0.0001000
(epoch: 1612, iters: 320, time: 0.002) pos_err: 13.373 ori_err: 45.480 reproj_err: 1478.694 
End of epoch 1612 / 4000 	 Time Taken: 11 sec
learning rate = 0.0001000
(epoch: 1613, iters: 640, time: 0.002) pos_err: 12.644 ori_err: 44.894 reproj_err: 2241.281 
End of epoch 1613 / 4000 	 Time Taken: 10 sec
learning rate = 0.0001000
(epoch: 1614, iters: 960, time: 0.002) pos_err: 13.232 ori_err: 46.649 reproj_err: 2124.680 
End of epoch 1614 / 4000 	 Time Taken: 10 sec
learning rate = 0.0001000
(epoch: 1615, iters: 1280, time: 0.001) pos_err: 14.212 ori_err: 50.249 reproj_err: 2917.498 
End of epoch 1615 / 4000 	 Time Taken: 10 sec
learning rate = 0.0001000
End of epoch 1616 / 4000 	 Time Taken: 10 sec
learning rate = 0.0001000
(epoch: 1617, iters: 320, time: 0.003) pos_err: 14.028 ori_err: 49.470 reproj_err: 2135.548 
End of epoch 1617 / 4000 	 Time Taken: 9 sec
learning rate = 0.0001000
(epoch: 1618, iters: 640, time: 0.001) pos_err: 13.840 ori_err: 51.163 reproj_err: 1342.897 
End of epoch 1618 / 4000 	 Time Taken: 10 sec
learning rate = 0.0001000
(epoch: 1619, iters: 960, time: 0.002) pos_err: 12.834 ori_err: 52.253 reproj_err: 1431.577 
End of epoch 1619 / 4000 	 Time Taken: 10 sec
learning rate = 0.0001000
(epoch: 1620, iters: 1280, time: 0.002) pos_err: 19.503 ori_err: 41.199 reproj_err: 3823.085 
saving the model at the end of epoch 1620, iters 2073600
End of epoch 1620 / 4000 	 Time Taken: 10 sec
learning rate = 0.0001000
End of epoch 1621 / 4000 	 Time Taken: 10 sec
learning rate = 0.0001000
(epoch: 1622, iters: 320, time: 0.003) pos_err: 13.586 ori_err: 50.108 reproj_err: 1643.208 
End of epoch 1622 / 4000 	 Time Taken: 10 sec
learning rate = 0.0001000
(epoch: 1623, iters: 640, time: 0.001) pos_err: 14.648 ori_err: 48.138 reproj_err: 2246.325 
End of epoch 1623 / 4000 	 Time Taken: 10 sec
learning rate = 0.0001000
(epoch: 1624, iters: 960, time: 0.002) pos_err: 14.519 ori_err: 47.513 reproj_err: 1594.238 
End of epoch 1624 / 4000 	 Time Taken: 10 sec
learning rate = 0.0001000
(epoch: 1625, iters: 1280, time: 0.001) pos_err: 19.271 ori_err: 47.407 reproj_err: 7357.636 
End of epoch 1625 / 4000 	 Time Taken: 11 sec
learning rate = 0.0001000
End of epoch 1626 / 4000 	 Time Taken: 10 sec
learning rate = 0.0001000
(epoch: 1627, iters: 320, time: 0.002) pos_err: 14.770 ori_err: 49.107 reproj_err: 2042.354 
End of epoch 1627 / 4000 	 Time Taken: 10 sec
learning rate = 0.0001000
(epoch: 1628, iters: 640, time: 0.002) pos_err: 13.883 ori_err: 43.888 reproj_err: 1662.449 
End of epoch 1628 / 4000 	 Time Taken: 11 sec
learning rate = 0.0001000
(epoch: 1629, iters: 960, time: 0.002) pos_err: 14.044 ori_err: 45.414 reproj_err: 1282.308 
End of epoch 1629 / 4000 	 Time Taken: 10 sec
learning rate = 0.0001000
(epoch: 1630, iters: 1280, time: 0.001) pos_err: 9.771 ori_err: 57.968 reproj_err: 470.026 
saving the model at the end of epoch 1630, iters 2086400
End of epoch 1630 / 4000 	 Time Taken: 11 sec
learning rate = 0.0001000
End of epoch 1631 / 4000 	 Time Taken: 10 sec
learning rate = 0.0001000
(epoch: 1632, iters: 320, time: 0.002) pos_err: 14.376 ori_err: 47.069 reproj_err: 1309.144 
End of epoch 1632 / 4000 	 Time Taken: 10 sec
learning rate = 0.0001000
(epoch: 1633, iters: 640, time: 0.001) pos_err: 11.696 ori_err: 43.906 reproj_err: 1317.260 
End of epoch 1633 / 4000 	 Time Taken: 10 sec
learning rate = 0.0001000
(epoch: 1634, iters: 960, time: 0.002) pos_err: 12.183 ori_err: 45.456 reproj_err: 1768.570 
End of epoch 1634 / 4000 	 Time Taken: 10 sec
learning rate = 0.0001000
(epoch: 1635, iters: 1280, time: 0.001) pos_err: 8.923 ori_err: 49.221 reproj_err: 194.109 
End of epoch 1635 / 4000 	 Time Taken: 10 sec
learning rate = 0.0001000
End of epoch 1636 / 4000 	 Time Taken: 10 sec
learning rate = 0.0001000
(epoch: 1637, iters: 320, time: 0.002) pos_err: 14.301 ori_err: 46.789 reproj_err: 2374.730 
End of epoch 1637 / 4000 	 Time Taken: 10 sec
learning rate = 0.0001000
(epoch: 1638, iters: 640, time: 0.002) pos_err: 12.505 ori_err: 46.131 reproj_err: 1198.811 
End of epoch 1638 / 4000 	 Time Taken: 10 sec
learning rate = 0.0001000
(epoch: 1639, iters: 960, time: 0.002) pos_err: 10.948 ori_err: 49.161 reproj_err: 1570.117 
End of epoch 1639 / 4000 	 Time Taken: 11 sec
learning rate = 0.0001000
(epoch: 1640, iters: 1280, time: 0.001) pos_err: 17.780 ori_err: 36.294 reproj_err: 876.824 
saving the model at the end of epoch 1640, iters 2099200
End of epoch 1640 / 4000 	 Time Taken: 10 sec
learning rate = 0.0001000
End of epoch 1641 / 4000 	 Time Taken: 11 sec
learning rate = 0.0001000
(epoch: 1642, iters: 320, time: 0.002) pos_err: 12.929 ori_err: 45.209 reproj_err: 2248.638 
End of epoch 1642 / 4000 	 Time Taken: 10 sec
learning rate = 0.0001000
(epoch: 1643, iters: 640, time: 0.003) pos_err: 12.540 ori_err: 45.353 reproj_err: 713.811 
End of epoch 1643 / 4000 	 Time Taken: 11 sec
learning rate = 0.0001000
(epoch: 1644, iters: 960, time: 0.002) pos_err: 14.329 ori_err: 43.645 reproj_err: 2631.753 
End of epoch 1644 / 4000 	 Time Taken: 11 sec
learning rate = 0.0001000
(epoch: 1645, iters: 1280, time: 0.001) pos_err: 10.039 ori_err: 46.328 reproj_err: 229.612 
End of epoch 1645 / 4000 	 Time Taken: 10 sec
learning rate = 0.0001000
End of epoch 1646 / 4000 	 Time Taken: 10 sec
learning rate = 0.0001000
(epoch: 1647, iters: 320, time: 0.002) pos_err: 12.744 ori_err: 48.520 reproj_err: 1354.239 
End of epoch 1647 / 4000 	 Time Taken: 10 sec
learning rate = 0.0001000
(epoch: 1648, iters: 640, time: 0.001) pos_err: 15.716 ori_err: 45.697 reproj_err: 2188.597 
End of epoch 1648 / 4000 	 Time Taken: 10 sec
learning rate = 0.0001000
(epoch: 1649, iters: 960, time: 0.002) pos_err: 13.184 ori_err: 42.743 reproj_err: 1052.999 
End of epoch 1649 / 4000 	 Time Taken: 10 sec
learning rate = 0.0001000
(epoch: 1650, iters: 1280, time: 0.001) pos_err: 16.056 ori_err: 34.649 reproj_err: 5287.498 
saving the model at the end of epoch 1650, iters 2112000
End of epoch 1650 / 4000 	 Time Taken: 10 sec
learning rate = 0.0001000
End of epoch 1651 / 4000 	 Time Taken: 10 sec
learning rate = 0.0001000
(epoch: 1652, iters: 320, time: 0.003) pos_err: 13.390 ori_err: 47.643 reproj_err: 1978.267 
End of epoch 1652 / 4000 	 Time Taken: 10 sec
learning rate = 0.0001000
(epoch: 1653, iters: 640, time: 0.001) pos_err: 13.457 ori_err: 46.586 reproj_err: 1467.531 
End of epoch 1653 / 4000 	 Time Taken: 10 sec
learning rate = 0.0001000
(epoch: 1654, iters: 960, time: 0.002) pos_err: 14.505 ori_err: 46.399 reproj_err: 2257.907 
End of epoch 1654 / 4000 	 Time Taken: 11 sec
learning rate = 0.0001000
(epoch: 1655, iters: 1280, time: 0.001) pos_err: 18.709 ori_err: 46.516 reproj_err: 329.604 
End of epoch 1655 / 4000 	 Time Taken: 11 sec
learning rate = 0.0001000
End of epoch 1656 / 4000 	 Time Taken: 11 sec
learning rate = 0.0001000
(epoch: 1657, iters: 320, time: 0.002) pos_err: 14.070 ori_err: 43.275 reproj_err: 2851.938 
End of epoch 1657 / 4000 	 Time Taken: 9 sec
learning rate = 0.0001000
(epoch: 1658, iters: 640, time: 0.001) pos_err: 12.610 ori_err: 46.589 reproj_err: 1521.606 
End of epoch 1658 / 4000 	 Time Taken: 10 sec
learning rate = 0.0001000
(epoch: 1659, iters: 960, time: 0.002) pos_err: 13.556 ori_err: 47.370 reproj_err: 1912.436 
End of epoch 1659 / 4000 	 Time Taken: 9 sec
learning rate = 0.0001000
(epoch: 1660, iters: 1280, time: 0.001) pos_err: 9.736 ori_err: 42.945 reproj_err: 169.771 
saving the model at the end of epoch 1660, iters 2124800
End of epoch 1660 / 4000 	 Time Taken: 10 sec
learning rate = 0.0001000
End of epoch 1661 / 4000 	 Time Taken: 10 sec
learning rate = 0.0001000
(epoch: 1662, iters: 320, time: 0.001) pos_err: 13.117 ori_err: 49.468 reproj_err: 2089.286 
End of epoch 1662 / 4000 	 Time Taken: 10 sec
learning rate = 0.0001000
(epoch: 1663, iters: 640, time: 0.002) pos_err: 13.937 ori_err: 48.084 reproj_err: 1604.441 
End of epoch 1663 / 4000 	 Time Taken: 11 sec
learning rate = 0.0001000
(epoch: 1664, iters: 960, time: 0.002) pos_err: 12.959 ori_err: 47.406 reproj_err: 868.153 
End of epoch 1664 / 4000 	 Time Taken: 11 sec
learning rate = 0.0001000
(epoch: 1665, iters: 1280, time: 0.001) pos_err: 17.118 ori_err: 35.449 reproj_err: 1533.438 
End of epoch 1665 / 4000 	 Time Taken: 10 sec
learning rate = 0.0001000
End of epoch 1666 / 4000 	 Time Taken: 10 sec
learning rate = 0.0001000
(epoch: 1667, iters: 320, time: 0.002) pos_err: 14.550 ori_err: 49.074 reproj_err: 2508.431 
End of epoch 1667 / 4000 	 Time Taken: 11 sec
learning rate = 0.0001000
(epoch: 1668, iters: 640, time: 0.002) pos_err: 14.270 ori_err: 48.588 reproj_err: 2502.164 
End of epoch 1668 / 4000 	 Time Taken: 9 sec
learning rate = 0.0001000
(epoch: 1669, iters: 960, time: 0.002) pos_err: 11.127 ori_err: 45.870 reproj_err: 747.585 
End of epoch 1669 / 4000 	 Time Taken: 9 sec
learning rate = 0.0001000
(epoch: 1670, iters: 1280, time: 0.001) pos_err: 13.419 ori_err: 29.019 reproj_err: 1367.007 
saving the model at the end of epoch 1670, iters 2137600
End of epoch 1670 / 4000 	 Time Taken: 11 sec
learning rate = 0.0001000
End of epoch 1671 / 4000 	 Time Taken: 10 sec
learning rate = 0.0001000
(epoch: 1672, iters: 320, time: 0.002) pos_err: 13.753 ori_err: 44.680 reproj_err: 1800.075 
End of epoch 1672 / 4000 	 Time Taken: 10 sec
learning rate = 0.0001000
(epoch: 1673, iters: 640, time: 0.001) pos_err: 13.852 ori_err: 49.216 reproj_err: 981.905 
End of epoch 1673 / 4000 	 Time Taken: 9 sec
learning rate = 0.0001000
(epoch: 1674, iters: 960, time: 0.002) pos_err: 12.843 ori_err: 48.391 reproj_err: 765.818 
End of epoch 1674 / 4000 	 Time Taken: 9 sec
learning rate = 0.0001000
(epoch: 1675, iters: 1280, time: 0.001) pos_err: 9.326 ori_err: 35.150 reproj_err: 636.983 
End of epoch 1675 / 4000 	 Time Taken: 9 sec
learning rate = 0.0001000
End of epoch 1676 / 4000 	 Time Taken: 11 sec
learning rate = 0.0001000
(epoch: 1677, iters: 320, time: 0.002) pos_err: 13.529 ori_err: 46.955 reproj_err: 2247.162 
End of epoch 1677 / 4000 	 Time Taken: 10 sec
learning rate = 0.0001000
(epoch: 1678, iters: 640, time: 0.001) pos_err: 13.582 ori_err: 45.184 reproj_err: 1257.669 
End of epoch 1678 / 4000 	 Time Taken: 10 sec
learning rate = 0.0001000
(epoch: 1679, iters: 960, time: 0.002) pos_err: 13.008 ori_err: 47.040 reproj_err: 1774.460 
End of epoch 1679 / 4000 	 Time Taken: 10 sec
learning rate = 0.0001000
(epoch: 1680, iters: 1280, time: 0.001) pos_err: 12.063 ori_err: 43.328 reproj_err: 2079.237 
saving the model at the end of epoch 1680, iters 2150400
End of epoch 1680 / 4000 	 Time Taken: 11 sec
learning rate = 0.0001000
End of epoch 1681 / 4000 	 Time Taken: 10 sec
learning rate = 0.0001000
(epoch: 1682, iters: 320, time: 0.002) pos_err: 13.873 ori_err: 41.978 reproj_err: 1553.899 
End of epoch 1682 / 4000 	 Time Taken: 10 sec
learning rate = 0.0001000
(epoch: 1683, iters: 640, time: 0.002) pos_err: 14.226 ori_err: 44.604 reproj_err: 1321.394 
End of epoch 1683 / 4000 	 Time Taken: 10 sec
learning rate = 0.0001000
(epoch: 1684, iters: 960, time: 0.002) pos_err: 12.740 ori_err: 46.672 reproj_err: 1567.957 
End of epoch 1684 / 4000 	 Time Taken: 10 sec
learning rate = 0.0001000
(epoch: 1685, iters: 1280, time: 0.001) pos_err: 14.360 ori_err: 39.107 reproj_err: 3863.574 
End of epoch 1685 / 4000 	 Time Taken: 10 sec
learning rate = 0.0001000
End of epoch 1686 / 4000 	 Time Taken: 10 sec
learning rate = 0.0001000
(epoch: 1687, iters: 320, time: 0.003) pos_err: 13.039 ori_err: 45.174 reproj_err: 1057.042 
End of epoch 1687 / 4000 	 Time Taken: 10 sec
learning rate = 0.0001000
(epoch: 1688, iters: 640, time: 0.002) pos_err: 13.299 ori_err: 44.065 reproj_err: 873.874 
End of epoch 1688 / 4000 	 Time Taken: 9 sec
learning rate = 0.0001000
(epoch: 1689, iters: 960, time: 0.002) pos_err: 12.647 ori_err: 46.484 reproj_err: 2715.731 
End of epoch 1689 / 4000 	 Time Taken: 10 sec
learning rate = 0.0001000
(epoch: 1690, iters: 1280, time: 0.001) pos_err: 9.890 ori_err: 45.422 reproj_err: 283.226 
saving the model at the end of epoch 1690, iters 2163200
End of epoch 1690 / 4000 	 Time Taken: 10 sec
learning rate = 0.0001000
End of epoch 1691 / 4000 	 Time Taken: 10 sec
learning rate = 0.0001000
(epoch: 1692, iters: 320, time: 0.003) pos_err: 13.183 ori_err: 45.987 reproj_err: 1318.859 
End of epoch 1692 / 4000 	 Time Taken: 9 sec
learning rate = 0.0001000
(epoch: 1693, iters: 640, time: 0.002) pos_err: 13.605 ori_err: 51.060 reproj_err: 1485.763 
End of epoch 1693 / 4000 	 Time Taken: 11 sec
learning rate = 0.0001000
(epoch: 1694, iters: 960, time: 0.002) pos_err: 12.911 ori_err: 45.737 reproj_err: 1337.916 
End of epoch 1694 / 4000 	 Time Taken: 9 sec
learning rate = 0.0001000
(epoch: 1695, iters: 1280, time: 0.001) pos_err: 6.384 ori_err: 48.272 reproj_err: 197.892 
End of epoch 1695 / 4000 	 Time Taken: 10 sec
learning rate = 0.0001000
End of epoch 1696 / 4000 	 Time Taken: 9 sec
learning rate = 0.0001000
(epoch: 1697, iters: 320, time: 0.002) pos_err: 13.331 ori_err: 46.442 reproj_err: 1705.472 
End of epoch 1697 / 4000 	 Time Taken: 10 sec
learning rate = 0.0001000
(epoch: 1698, iters: 640, time: 0.002) pos_err: 12.251 ori_err: 42.422 reproj_err: 1572.059 
End of epoch 1698 / 4000 	 Time Taken: 10 sec
learning rate = 0.0001000
(epoch: 1699, iters: 960, time: 0.002) pos_err: 13.599 ori_err: 45.859 reproj_err: 1422.394 
End of epoch 1699 / 4000 	 Time Taken: 10 sec
learning rate = 0.0001000
(epoch: 1700, iters: 1280, time: 0.001) pos_err: 19.090 ori_err: 42.587 reproj_err: 3331.534 
saving the model at the end of epoch 1700, iters 2176000
End of epoch 1700 / 4000 	 Time Taken: 10 sec
learning rate = 0.0001000
End of epoch 1701 / 4000 	 Time Taken: 11 sec
learning rate = 0.0001000
(epoch: 1702, iters: 320, time: 0.002) pos_err: 12.299 ori_err: 46.470 reproj_err: 1011.186 
End of epoch 1702 / 4000 	 Time Taken: 11 sec
learning rate = 0.0001000
(epoch: 1703, iters: 640, time: 0.001) pos_err: 12.975 ori_err: 51.947 reproj_err: 1614.792 
End of epoch 1703 / 4000 	 Time Taken: 10 sec
learning rate = 0.0001000
(epoch: 1704, iters: 960, time: 0.002) pos_err: 14.075 ori_err: 44.289 reproj_err: 2914.605 
End of epoch 1704 / 4000 	 Time Taken: 10 sec
learning rate = 0.0001000
(epoch: 1705, iters: 1280, time: 0.001) pos_err: 10.300 ori_err: 37.889 reproj_err: 421.555 
End of epoch 1705 / 4000 	 Time Taken: 9 sec
learning rate = 0.0001000
End of epoch 1706 / 4000 	 Time Taken: 10 sec
learning rate = 0.0001000
(epoch: 1707, iters: 320, time: 0.002) pos_err: 12.431 ori_err: 43.127 reproj_err: 1048.642 
End of epoch 1707 / 4000 	 Time Taken: 10 sec
learning rate = 0.0001000
(epoch: 1708, iters: 640, time: 0.002) pos_err: 12.685 ori_err: 48.396 reproj_err: 1892.628 
End of epoch 1708 / 4000 	 Time Taken: 10 sec
learning rate = 0.0001000
(epoch: 1709, iters: 960, time: 0.002) pos_err: 14.368 ori_err: 46.714 reproj_err: 2485.625 
End of epoch 1709 / 4000 	 Time Taken: 10 sec
learning rate = 0.0001000
(epoch: 1710, iters: 1280, time: 0.001) pos_err: 11.971 ori_err: 65.198 reproj_err: 2131.291 
saving the model at the end of epoch 1710, iters 2188800
End of epoch 1710 / 4000 	 Time Taken: 10 sec
learning rate = 0.0001000
End of epoch 1711 / 4000 	 Time Taken: 10 sec
learning rate = 0.0001000
(epoch: 1712, iters: 320, time: 0.002) pos_err: 12.346 ori_err: 48.613 reproj_err: 1243.429 
End of epoch 1712 / 4000 	 Time Taken: 9 sec
learning rate = 0.0001000
(epoch: 1713, iters: 640, time: 0.002) pos_err: 12.979 ori_err: 40.281 reproj_err: 2158.944 
End of epoch 1713 / 4000 	 Time Taken: 10 sec
learning rate = 0.0001000
(epoch: 1714, iters: 960, time: 0.002) pos_err: 13.217 ori_err: 45.128 reproj_err: 1022.253 
End of epoch 1714 / 4000 	 Time Taken: 10 sec
learning rate = 0.0001000
(epoch: 1715, iters: 1280, time: 0.001) pos_err: 13.552 ori_err: 59.589 reproj_err: 272.668 
End of epoch 1715 / 4000 	 Time Taken: 10 sec
learning rate = 0.0001000
End of epoch 1716 / 4000 	 Time Taken: 10 sec
learning rate = 0.0001000
(epoch: 1717, iters: 320, time: 0.003) pos_err: 11.823 ori_err: 43.084 reproj_err: 1549.077 
End of epoch 1717 / 4000 	 Time Taken: 10 sec
learning rate = 0.0001000
(epoch: 1718, iters: 640, time: 0.001) pos_err: 12.532 ori_err: 45.898 reproj_err: 1910.807 
End of epoch 1718 / 4000 	 Time Taken: 9 sec
learning rate = 0.0001000
(epoch: 1719, iters: 960, time: 0.002) pos_err: 14.275 ori_err: 47.037 reproj_err: 2560.362 
End of epoch 1719 / 4000 	 Time Taken: 10 sec
learning rate = 0.0001000
(epoch: 1720, iters: 1280, time: 0.001) pos_err: 15.428 ori_err: 32.977 reproj_err: 2593.549 
saving the model at the end of epoch 1720, iters 2201600
End of epoch 1720 / 4000 	 Time Taken: 10 sec
learning rate = 0.0001000
End of epoch 1721 / 4000 	 Time Taken: 10 sec
learning rate = 0.0001000
(epoch: 1722, iters: 320, time: 0.003) pos_err: 12.926 ori_err: 46.170 reproj_err: 2663.264 
End of epoch 1722 / 4000 	 Time Taken: 10 sec
learning rate = 0.0001000
(epoch: 1723, iters: 640, time: 0.002) pos_err: 13.274 ori_err: 44.672 reproj_err: 2358.060 
End of epoch 1723 / 4000 	 Time Taken: 9 sec
learning rate = 0.0001000
(epoch: 1724, iters: 960, time: 0.002) pos_err: 12.280 ori_err: 45.425 reproj_err: 1257.176 
End of epoch 1724 / 4000 	 Time Taken: 10 sec
learning rate = 0.0001000
(epoch: 1725, iters: 1280, time: 0.002) pos_err: 10.682 ori_err: 35.315 reproj_err: 195.897 
End of epoch 1725 / 4000 	 Time Taken: 9 sec
learning rate = 0.0001000
End of epoch 1726 / 4000 	 Time Taken: 10 sec
learning rate = 0.0001000
(epoch: 1727, iters: 320, time: 0.002) pos_err: 12.426 ori_err: 41.048 reproj_err: 1848.356 
End of epoch 1727 / 4000 	 Time Taken: 10 sec
learning rate = 0.0001000
(epoch: 1728, iters: 640, time: 0.001) pos_err: 12.873 ori_err: 43.069 reproj_err: 1847.125 
End of epoch 1728 / 4000 	 Time Taken: 10 sec
learning rate = 0.0001000
(epoch: 1729, iters: 960, time: 0.002) pos_err: 13.174 ori_err: 44.873 reproj_err: 1305.497 
End of epoch 1729 / 4000 	 Time Taken: 10 sec
learning rate = 0.0001000
(epoch: 1730, iters: 1280, time: 0.001) pos_err: 7.490 ori_err: 47.805 reproj_err: 131.588 
saving the model at the end of epoch 1730, iters 2214400
End of epoch 1730 / 4000 	 Time Taken: 10 sec
learning rate = 0.0001000
End of epoch 1731 / 4000 	 Time Taken: 10 sec
learning rate = 0.0001000
(epoch: 1732, iters: 320, time: 0.002) pos_err: 12.562 ori_err: 48.951 reproj_err: 786.084 
End of epoch 1732 / 4000 	 Time Taken: 11 sec
learning rate = 0.0001000
(epoch: 1733, iters: 640, time: 0.001) pos_err: 12.859 ori_err: 43.914 reproj_err: 2320.093 
End of epoch 1733 / 4000 	 Time Taken: 10 sec
learning rate = 0.0001000
(epoch: 1734, iters: 960, time: 0.002) pos_err: 13.951 ori_err: 46.680 reproj_err: 1317.950 
End of epoch 1734 / 4000 	 Time Taken: 10 sec
learning rate = 0.0001000
(epoch: 1735, iters: 1280, time: 0.001) pos_err: 12.856 ori_err: 58.560 reproj_err: 762.815 
End of epoch 1735 / 4000 	 Time Taken: 10 sec
learning rate = 0.0001000
End of epoch 1736 / 4000 	 Time Taken: 10 sec
learning rate = 0.0001000
(epoch: 1737, iters: 320, time: 0.002) pos_err: 15.514 ori_err: 48.472 reproj_err: 827.750 
End of epoch 1737 / 4000 	 Time Taken: 11 sec
learning rate = 0.0001000
(epoch: 1738, iters: 640, time: 0.001) pos_err: 12.462 ori_err: 44.916 reproj_err: 1530.295 
End of epoch 1738 / 4000 	 Time Taken: 10 sec
learning rate = 0.0001000
(epoch: 1739, iters: 960, time: 0.002) pos_err: 13.339 ori_err: 47.525 reproj_err: 2594.096 
End of epoch 1739 / 4000 	 Time Taken: 10 sec
learning rate = 0.0001000
(epoch: 1740, iters: 1280, time: 0.001) pos_err: 13.928 ori_err: 40.280 reproj_err: 1972.950 
saving the model at the end of epoch 1740, iters 2227200
End of epoch 1740 / 4000 	 Time Taken: 11 sec
learning rate = 0.0001000
End of epoch 1741 / 4000 	 Time Taken: 10 sec
learning rate = 0.0001000
(epoch: 1742, iters: 320, time: 0.002) pos_err: 14.338 ori_err: 44.815 reproj_err: 2364.406 
End of epoch 1742 / 4000 	 Time Taken: 10 sec
learning rate = 0.0001000
(epoch: 1743, iters: 640, time: 0.001) pos_err: 13.794 ori_err: 48.642 reproj_err: 1476.906 
End of epoch 1743 / 4000 	 Time Taken: 10 sec
learning rate = 0.0001000
(epoch: 1744, iters: 960, time: 0.002) pos_err: 13.270 ori_err: 42.473 reproj_err: 737.974 
End of epoch 1744 / 4000 	 Time Taken: 9 sec
learning rate = 0.0001000
(epoch: 1745, iters: 1280, time: 0.001) pos_err: 12.762 ori_err: 47.983 reproj_err: 234.347 
End of epoch 1745 / 4000 	 Time Taken: 9 sec
learning rate = 0.0001000
End of epoch 1746 / 4000 	 Time Taken: 10 sec
learning rate = 0.0001000
(epoch: 1747, iters: 320, time: 0.002) pos_err: 13.940 ori_err: 43.503 reproj_err: 2197.845 
End of epoch 1747 / 4000 	 Time Taken: 10 sec
learning rate = 0.0001000
(epoch: 1748, iters: 640, time: 0.002) pos_err: 15.442 ori_err: 44.206 reproj_err: 2171.709 
End of epoch 1748 / 4000 	 Time Taken: 10 sec
learning rate = 0.0001000
(epoch: 1749, iters: 960, time: 0.002) pos_err: 12.665 ori_err: 43.619 reproj_err: 1106.643 
End of epoch 1749 / 4000 	 Time Taken: 10 sec
learning rate = 0.0001000
(epoch: 1750, iters: 1280, time: 0.001) pos_err: 9.485 ori_err: 26.258 reproj_err: 193.286 
saving the model at the end of epoch 1750, iters 2240000
End of epoch 1750 / 4000 	 Time Taken: 10 sec
learning rate = 0.0001000
End of epoch 1751 / 4000 	 Time Taken: 10 sec
learning rate = 0.0001000
(epoch: 1752, iters: 320, time: 0.003) pos_err: 13.475 ori_err: 45.077 reproj_err: 1871.951 
End of epoch 1752 / 4000 	 Time Taken: 10 sec
learning rate = 0.0001000
(epoch: 1753, iters: 640, time: 0.001) pos_err: 12.517 ori_err: 44.970 reproj_err: 2344.789 
End of epoch 1753 / 4000 	 Time Taken: 10 sec
learning rate = 0.0001000
(epoch: 1754, iters: 960, time: 0.002) pos_err: 13.200 ori_err: 46.312 reproj_err: 1628.694 
End of epoch 1754 / 4000 	 Time Taken: 10 sec
learning rate = 0.0001000
(epoch: 1755, iters: 1280, time: 0.001) pos_err: 16.316 ori_err: 42.949 reproj_err: 1996.337 
End of epoch 1755 / 4000 	 Time Taken: 10 sec
learning rate = 0.0001000
End of epoch 1756 / 4000 	 Time Taken: 11 sec
learning rate = 0.0001000
(epoch: 1757, iters: 320, time: 0.003) pos_err: 13.610 ori_err: 44.880 reproj_err: 1422.559 
End of epoch 1757 / 4000 	 Time Taken: 10 sec
learning rate = 0.0001000
(epoch: 1758, iters: 640, time: 0.002) pos_err: 11.898 ori_err: 48.126 reproj_err: 1289.318 
End of epoch 1758 / 4000 	 Time Taken: 11 sec
learning rate = 0.0001000
(epoch: 1759, iters: 960, time: 0.002) pos_err: 14.254 ori_err: 46.568 reproj_err: 1993.754 
End of epoch 1759 / 4000 	 Time Taken: 10 sec
learning rate = 0.0001000
(epoch: 1760, iters: 1280, time: 0.001) pos_err: 9.570 ori_err: 43.216 reproj_err: 381.321 
saving the model at the end of epoch 1760, iters 2252800
End of epoch 1760 / 4000 	 Time Taken: 10 sec
learning rate = 0.0001000
End of epoch 1761 / 4000 	 Time Taken: 10 sec
learning rate = 0.0001000
(epoch: 1762, iters: 320, time: 0.002) pos_err: 13.741 ori_err: 46.755 reproj_err: 1075.890 
End of epoch 1762 / 4000 	 Time Taken: 10 sec
learning rate = 0.0001000
(epoch: 1763, iters: 640, time: 0.001) pos_err: 14.712 ori_err: 47.377 reproj_err: 2432.834 
End of epoch 1763 / 4000 	 Time Taken: 11 sec
learning rate = 0.0001000
(epoch: 1764, iters: 960, time: 0.002) pos_err: 12.098 ori_err: 47.990 reproj_err: 1453.275 
End of epoch 1764 / 4000 	 Time Taken: 9 sec
learning rate = 0.0001000
(epoch: 1765, iters: 1280, time: 0.001) pos_err: 12.490 ori_err: 46.658 reproj_err: 189.864 
End of epoch 1765 / 4000 	 Time Taken: 10 sec
learning rate = 0.0001000
End of epoch 1766 / 4000 	 Time Taken: 10 sec
learning rate = 0.0001000
(epoch: 1767, iters: 320, time: 0.002) pos_err: 12.039 ori_err: 44.146 reproj_err: 1205.801 
End of epoch 1767 / 4000 	 Time Taken: 10 sec
learning rate = 0.0001000
(epoch: 1768, iters: 640, time: 0.002) pos_err: 13.698 ori_err: 47.675 reproj_err: 1848.051 
End of epoch 1768 / 4000 	 Time Taken: 10 sec
learning rate = 0.0001000
(epoch: 1769, iters: 960, time: 0.002) pos_err: 14.494 ori_err: 48.959 reproj_err: 1855.694 
End of epoch 1769 / 4000 	 Time Taken: 10 sec
learning rate = 0.0001000
(epoch: 1770, iters: 1280, time: 0.001) pos_err: 15.664 ori_err: 49.470 reproj_err: 807.327 
saving the model at the end of epoch 1770, iters 2265600
End of epoch 1770 / 4000 	 Time Taken: 11 sec
learning rate = 0.0001000
End of epoch 1771 / 4000 	 Time Taken: 10 sec
learning rate = 0.0001000
(epoch: 1772, iters: 320, time: 0.002) pos_err: 13.524 ori_err: 43.579 reproj_err: 1818.722 
End of epoch 1772 / 4000 	 Time Taken: 10 sec
learning rate = 0.0001000
(epoch: 1773, iters: 640, time: 0.002) pos_err: 13.127 ori_err: 48.603 reproj_err: 1772.960 
End of epoch 1773 / 4000 	 Time Taken: 10 sec
learning rate = 0.0001000
(epoch: 1774, iters: 960, time: 0.002) pos_err: 13.969 ori_err: 48.449 reproj_err: 3399.182 
End of epoch 1774 / 4000 	 Time Taken: 11 sec
learning rate = 0.0001000
(epoch: 1775, iters: 1280, time: 0.001) pos_err: 13.783 ori_err: 51.133 reproj_err: 254.022 
End of epoch 1775 / 4000 	 Time Taken: 9 sec
learning rate = 0.0001000
End of epoch 1776 / 4000 	 Time Taken: 10 sec
learning rate = 0.0001000
(epoch: 1777, iters: 320, time: 0.002) pos_err: 12.687 ori_err: 45.881 reproj_err: 1704.116 
End of epoch 1777 / 4000 	 Time Taken: 10 sec
learning rate = 0.0001000
(epoch: 1778, iters: 640, time: 0.002) pos_err: 12.200 ori_err: 46.062 reproj_err: 1549.448 
End of epoch 1778 / 4000 	 Time Taken: 10 sec
learning rate = 0.0001000
(epoch: 1779, iters: 960, time: 0.002) pos_err: 11.171 ori_err: 43.363 reproj_err: 1047.201 
End of epoch 1779 / 4000 	 Time Taken: 10 sec
learning rate = 0.0001000
(epoch: 1780, iters: 1280, time: 0.001) pos_err: 12.265 ori_err: 40.130 reproj_err: 1426.235 
saving the model at the end of epoch 1780, iters 2278400
End of epoch 1780 / 4000 	 Time Taken: 10 sec
learning rate = 0.0001000
End of epoch 1781 / 4000 	 Time Taken: 9 sec
learning rate = 0.0001000
(epoch: 1782, iters: 320, time: 0.002) pos_err: 13.498 ori_err: 48.080 reproj_err: 3161.561 
End of epoch 1782 / 4000 	 Time Taken: 10 sec
learning rate = 0.0001000
(epoch: 1783, iters: 640, time: 0.002) pos_err: 11.633 ori_err: 45.661 reproj_err: 1206.199 
End of epoch 1783 / 4000 	 Time Taken: 10 sec
learning rate = 0.0001000
(epoch: 1784, iters: 960, time: 0.002) pos_err: 14.368 ori_err: 48.812 reproj_err: 2177.750 
End of epoch 1784 / 4000 	 Time Taken: 9 sec
learning rate = 0.0001000
(epoch: 1785, iters: 1280, time: 0.001) pos_err: 18.863 ori_err: 55.042 reproj_err: 1089.869 
End of epoch 1785 / 4000 	 Time Taken: 9 sec
learning rate = 0.0001000
End of epoch 1786 / 4000 	 Time Taken: 10 sec
learning rate = 0.0001000
(epoch: 1787, iters: 320, time: 0.002) pos_err: 11.996 ori_err: 46.920 reproj_err: 1149.949 
End of epoch 1787 / 4000 	 Time Taken: 10 sec
learning rate = 0.0001000
(epoch: 1788, iters: 640, time: 0.001) pos_err: 10.087 ori_err: 46.050 reproj_err: 807.381 
End of epoch 1788 / 4000 	 Time Taken: 11 sec
learning rate = 0.0001000
(epoch: 1789, iters: 960, time: 0.002) pos_err: 13.108 ori_err: 47.140 reproj_err: 882.946 
End of epoch 1789 / 4000 	 Time Taken: 9 sec
learning rate = 0.0001000
(epoch: 1790, iters: 1280, time: 0.001) pos_err: 16.731 ori_err: 69.788 reproj_err: 696.924 
saving the model at the end of epoch 1790, iters 2291200
End of epoch 1790 / 4000 	 Time Taken: 10 sec
learning rate = 0.0001000
End of epoch 1791 / 4000 	 Time Taken: 10 sec
learning rate = 0.0001000
(epoch: 1792, iters: 320, time: 0.003) pos_err: 13.447 ori_err: 44.739 reproj_err: 2052.224 
End of epoch 1792 / 4000 	 Time Taken: 9 sec
learning rate = 0.0001000
(epoch: 1793, iters: 640, time: 0.001) pos_err: 14.886 ori_err: 49.498 reproj_err: 3151.533 
End of epoch 1793 / 4000 	 Time Taken: 10 sec
learning rate = 0.0001000
(epoch: 1794, iters: 960, time: 0.001) pos_err: 13.165 ori_err: 44.909 reproj_err: 800.347 
End of epoch 1794 / 4000 	 Time Taken: 10 sec
learning rate = 0.0001000
(epoch: 1795, iters: 1280, time: 0.001) pos_err: 24.319 ori_err: 42.195 reproj_err: 3956.956 
End of epoch 1795 / 4000 	 Time Taken: 10 sec
learning rate = 0.0001000
End of epoch 1796 / 4000 	 Time Taken: 10 sec
learning rate = 0.0001000
(epoch: 1797, iters: 320, time: 0.002) pos_err: 14.305 ori_err: 43.738 reproj_err: 2181.580 
End of epoch 1797 / 4000 	 Time Taken: 10 sec
learning rate = 0.0001000
(epoch: 1798, iters: 640, time: 0.002) pos_err: 13.153 ori_err: 45.113 reproj_err: 663.312 
End of epoch 1798 / 4000 	 Time Taken: 10 sec
learning rate = 0.0001000
(epoch: 1799, iters: 960, time: 0.002) pos_err: 12.788 ori_err: 42.510 reproj_err: 1378.406 
End of epoch 1799 / 4000 	 Time Taken: 11 sec
learning rate = 0.0001000
(epoch: 1800, iters: 1280, time: 0.001) pos_err: 8.909 ori_err: 53.201 reproj_err: 161.369 
saving the model at the end of epoch 1800, iters 2304000
End of epoch 1800 / 4000 	 Time Taken: 11 sec
learning rate = 0.0001000
End of epoch 1801 / 4000 	 Time Taken: 10 sec
learning rate = 0.0001000
(epoch: 1802, iters: 320, time: 0.002) pos_err: 14.424 ori_err: 46.550 reproj_err: 2628.945 
End of epoch 1802 / 4000 	 Time Taken: 10 sec
learning rate = 0.0001000
(epoch: 1803, iters: 640, time: 0.002) pos_err: 14.083 ori_err: 44.298 reproj_err: 1393.910 
End of epoch 1803 / 4000 	 Time Taken: 10 sec
learning rate = 0.0001000
(epoch: 1804, iters: 960, time: 0.002) pos_err: 13.312 ori_err: 43.215 reproj_err: 2237.337 
End of epoch 1804 / 4000 	 Time Taken: 10 sec
learning rate = 0.0001000
(epoch: 1805, iters: 1280, time: 0.001) pos_err: 15.941 ori_err: 50.694 reproj_err: 6047.896 
End of epoch 1805 / 4000 	 Time Taken: 9 sec
learning rate = 0.0001000
End of epoch 1806 / 4000 	 Time Taken: 10 sec
learning rate = 0.0001000
(epoch: 1807, iters: 320, time: 0.003) pos_err: 13.378 ori_err: 46.720 reproj_err: 1624.977 
End of epoch 1807 / 4000 	 Time Taken: 10 sec
learning rate = 0.0001000
(epoch: 1808, iters: 640, time: 0.002) pos_err: 13.533 ori_err: 47.469 reproj_err: 1830.273 
End of epoch 1808 / 4000 	 Time Taken: 10 sec
learning rate = 0.0001000
(epoch: 1809, iters: 960, time: 0.002) pos_err: 13.244 ori_err: 46.184 reproj_err: 2223.283 
End of epoch 1809 / 4000 	 Time Taken: 10 sec
learning rate = 0.0001000
(epoch: 1810, iters: 1280, time: 0.001) pos_err: 14.424 ori_err: 45.940 reproj_err: 189.877 
saving the model at the end of epoch 1810, iters 2316800
End of epoch 1810 / 4000 	 Time Taken: 10 sec
learning rate = 0.0001000
End of epoch 1811 / 4000 	 Time Taken: 11 sec
learning rate = 0.0001000
(epoch: 1812, iters: 320, time: 0.002) pos_err: 11.163 ori_err: 44.380 reproj_err: 1035.376 
End of epoch 1812 / 4000 	 Time Taken: 10 sec
learning rate = 0.0001000
(epoch: 1813, iters: 640, time: 0.001) pos_err: 12.443 ori_err: 45.523 reproj_err: 2038.248 
End of epoch 1813 / 4000 	 Time Taken: 10 sec
learning rate = 0.0001000
(epoch: 1814, iters: 960, time: 0.002) pos_err: 13.351 ori_err: 44.477 reproj_err: 2759.732 
End of epoch 1814 / 4000 	 Time Taken: 10 sec
learning rate = 0.0001000
(epoch: 1815, iters: 1280, time: 0.001) pos_err: 15.355 ori_err: 34.936 reproj_err: 578.542 
End of epoch 1815 / 4000 	 Time Taken: 10 sec
learning rate = 0.0001000
End of epoch 1816 / 4000 	 Time Taken: 9 sec
learning rate = 0.0001000
(epoch: 1817, iters: 320, time: 0.003) pos_err: 11.696 ori_err: 44.730 reproj_err: 1321.455 
End of epoch 1817 / 4000 	 Time Taken: 10 sec
learning rate = 0.0001000
(epoch: 1818, iters: 640, time: 0.002) pos_err: 12.057 ori_err: 43.557 reproj_err: 708.404 
End of epoch 1818 / 4000 	 Time Taken: 9 sec
learning rate = 0.0001000
(epoch: 1819, iters: 960, time: 0.002) pos_err: 11.224 ori_err: 50.375 reproj_err: 2044.180 
End of epoch 1819 / 4000 	 Time Taken: 10 sec
learning rate = 0.0001000
(epoch: 1820, iters: 1280, time: 0.001) pos_err: 12.760 ori_err: 41.365 reproj_err: 302.640 
saving the model at the end of epoch 1820, iters 2329600
End of epoch 1820 / 4000 	 Time Taken: 11 sec
learning rate = 0.0001000
End of epoch 1821 / 4000 	 Time Taken: 10 sec
learning rate = 0.0001000
(epoch: 1822, iters: 320, time: 0.002) pos_err: 12.061 ori_err: 45.965 reproj_err: 1623.860 
End of epoch 1822 / 4000 	 Time Taken: 10 sec
learning rate = 0.0001000
(epoch: 1823, iters: 640, time: 0.001) pos_err: 13.651 ori_err: 41.040 reproj_err: 1256.922 
End of epoch 1823 / 4000 	 Time Taken: 11 sec
learning rate = 0.0001000
(epoch: 1824, iters: 960, time: 0.002) pos_err: 12.962 ori_err: 45.379 reproj_err: 2307.194 
End of epoch 1824 / 4000 	 Time Taken: 11 sec
learning rate = 0.0001000
(epoch: 1825, iters: 1280, time: 0.001) pos_err: 11.491 ori_err: 39.019 reproj_err: 254.719 
End of epoch 1825 / 4000 	 Time Taken: 11 sec
learning rate = 0.0001000
End of epoch 1826 / 4000 	 Time Taken: 10 sec
learning rate = 0.0001000
(epoch: 1827, iters: 320, time: 0.002) pos_err: 13.250 ori_err: 51.653 reproj_err: 1907.924 
End of epoch 1827 / 4000 	 Time Taken: 10 sec
learning rate = 0.0001000
(epoch: 1828, iters: 640, time: 0.002) pos_err: 13.604 ori_err: 44.617 reproj_err: 2318.092 
End of epoch 1828 / 4000 	 Time Taken: 10 sec
learning rate = 0.0001000
(epoch: 1829, iters: 960, time: 0.002) pos_err: 12.822 ori_err: 47.306 reproj_err: 2918.062 
End of epoch 1829 / 4000 	 Time Taken: 11 sec
learning rate = 0.0001000
(epoch: 1830, iters: 1280, time: 0.001) pos_err: 9.173 ori_err: 40.665 reproj_err: 178.683 
saving the model at the end of epoch 1830, iters 2342400
End of epoch 1830 / 4000 	 Time Taken: 10 sec
learning rate = 0.0001000
End of epoch 1831 / 4000 	 Time Taken: 11 sec
learning rate = 0.0001000
(epoch: 1832, iters: 320, time: 0.003) pos_err: 12.461 ori_err: 49.799 reproj_err: 2023.921 
End of epoch 1832 / 4000 	 Time Taken: 10 sec
learning rate = 0.0001000
(epoch: 1833, iters: 640, time: 0.002) pos_err: 11.967 ori_err: 42.011 reproj_err: 1972.188 
End of epoch 1833 / 4000 	 Time Taken: 10 sec
learning rate = 0.0001000
(epoch: 1834, iters: 960, time: 0.002) pos_err: 12.652 ori_err: 45.154 reproj_err: 1619.351 
End of epoch 1834 / 4000 	 Time Taken: 10 sec
learning rate = 0.0001000
(epoch: 1835, iters: 1280, time: 0.001) pos_err: 14.304 ori_err: 51.357 reproj_err: 275.414 
End of epoch 1835 / 4000 	 Time Taken: 10 sec
learning rate = 0.0001000
End of epoch 1836 / 4000 	 Time Taken: 11 sec
learning rate = 0.0001000
(epoch: 1837, iters: 320, time: 0.002) pos_err: 12.568 ori_err: 45.732 reproj_err: 1586.829 
End of epoch 1837 / 4000 	 Time Taken: 10 sec
learning rate = 0.0001000
(epoch: 1838, iters: 640, time: 0.002) pos_err: 12.674 ori_err: 47.055 reproj_err: 1410.352 
End of epoch 1838 / 4000 	 Time Taken: 10 sec
learning rate = 0.0001000
(epoch: 1839, iters: 960, time: 0.002) pos_err: 12.692 ori_err: 46.135 reproj_err: 1552.565 
End of epoch 1839 / 4000 	 Time Taken: 11 sec
learning rate = 0.0001000
(epoch: 1840, iters: 1280, time: 0.001) pos_err: 11.715 ori_err: 61.420 reproj_err: 3793.062 
saving the model at the end of epoch 1840, iters 2355200
End of epoch 1840 / 4000 	 Time Taken: 12 sec
learning rate = 0.0001000
End of epoch 1841 / 4000 	 Time Taken: 12 sec
learning rate = 0.0001000
(epoch: 1842, iters: 320, time: 0.002) pos_err: 13.048 ori_err: 47.033 reproj_err: 2415.707 
End of epoch 1842 / 4000 	 Time Taken: 10 sec
learning rate = 0.0001000
(epoch: 1843, iters: 640, time: 0.002) pos_err: 14.106 ori_err: 43.704 reproj_err: 3182.486 
End of epoch 1843 / 4000 	 Time Taken: 10 sec
learning rate = 0.0001000
(epoch: 1844, iters: 960, time: 0.002) pos_err: 14.549 ori_err: 46.700 reproj_err: 1530.833 
End of epoch 1844 / 4000 	 Time Taken: 11 sec
learning rate = 0.0001000
(epoch: 1845, iters: 1280, time: 0.001) pos_err: 12.233 ori_err: 35.936 reproj_err: 2881.165 
End of epoch 1845 / 4000 	 Time Taken: 10 sec
learning rate = 0.0001000
End of epoch 1846 / 4000 	 Time Taken: 11 sec
learning rate = 0.0001000
(epoch: 1847, iters: 320, time: 0.001) pos_err: 12.304 ori_err: 41.979 reproj_err: 2633.052 
End of epoch 1847 / 4000 	 Time Taken: 10 sec
learning rate = 0.0001000
(epoch: 1848, iters: 640, time: 0.001) pos_err: 13.349 ori_err: 46.359 reproj_err: 2149.171 
End of epoch 1848 / 4000 	 Time Taken: 11 sec
learning rate = 0.0001000
(epoch: 1849, iters: 960, time: 0.002) pos_err: 11.554 ori_err: 44.752 reproj_err: 2059.153 
End of epoch 1849 / 4000 	 Time Taken: 10 sec
learning rate = 0.0001000
(epoch: 1850, iters: 1280, time: 0.001) pos_err: 7.770 ori_err: 54.297 reproj_err: 281.071 
saving the model at the end of epoch 1850, iters 2368000
End of epoch 1850 / 4000 	 Time Taken: 10 sec
learning rate = 0.0001000
End of epoch 1851 / 4000 	 Time Taken: 9 sec
learning rate = 0.0001000
(epoch: 1852, iters: 320, time: 0.002) pos_err: 12.534 ori_err: 45.593 reproj_err: 1454.204 
End of epoch 1852 / 4000 	 Time Taken: 11 sec
learning rate = 0.0001000
(epoch: 1853, iters: 640, time: 0.001) pos_err: 13.521 ori_err: 43.157 reproj_err: 840.252 
End of epoch 1853 / 4000 	 Time Taken: 9 sec
learning rate = 0.0001000
(epoch: 1854, iters: 960, time: 0.002) pos_err: 12.948 ori_err: 47.688 reproj_err: 2391.368 
End of epoch 1854 / 4000 	 Time Taken: 10 sec
learning rate = 0.0001000
(epoch: 1855, iters: 1280, time: 0.001) pos_err: 8.822 ori_err: 42.260 reproj_err: 435.454 
End of epoch 1855 / 4000 	 Time Taken: 10 sec
learning rate = 0.0001000
End of epoch 1856 / 4000 	 Time Taken: 10 sec
learning rate = 0.0001000
(epoch: 1857, iters: 320, time: 0.003) pos_err: 12.332 ori_err: 49.086 reproj_err: 1528.244 
End of epoch 1857 / 4000 	 Time Taken: 10 sec
learning rate = 0.0001000
(epoch: 1858, iters: 640, time: 0.002) pos_err: 13.936 ori_err: 49.720 reproj_err: 2261.574 
End of epoch 1858 / 4000 	 Time Taken: 10 sec
learning rate = 0.0001000
(epoch: 1859, iters: 960, time: 0.002) pos_err: 11.990 ori_err: 50.260 reproj_err: 1129.166 
End of epoch 1859 / 4000 	 Time Taken: 10 sec
learning rate = 0.0001000
(epoch: 1860, iters: 1280, time: 0.001) pos_err: 14.955 ori_err: 59.396 reproj_err: 3212.784 
saving the model at the end of epoch 1860, iters 2380800
End of epoch 1860 / 4000 	 Time Taken: 10 sec
learning rate = 0.0001000
End of epoch 1861 / 4000 	 Time Taken: 10 sec
learning rate = 0.0001000
(epoch: 1862, iters: 320, time: 0.002) pos_err: 13.344 ori_err: 48.902 reproj_err: 1089.527 
End of epoch 1862 / 4000 	 Time Taken: 10 sec
learning rate = 0.0001000
(epoch: 1863, iters: 640, time: 0.002) pos_err: 12.290 ori_err: 45.422 reproj_err: 1410.490 
End of epoch 1863 / 4000 	 Time Taken: 9 sec
learning rate = 0.0001000
(epoch: 1864, iters: 960, time: 0.002) pos_err: 11.020 ori_err: 42.724 reproj_err: 1201.590 
End of epoch 1864 / 4000 	 Time Taken: 9 sec
learning rate = 0.0001000
(epoch: 1865, iters: 1280, time: 0.001) pos_err: 10.044 ori_err: 43.375 reproj_err: 6011.865 
End of epoch 1865 / 4000 	 Time Taken: 11 sec
learning rate = 0.0001000
End of epoch 1866 / 4000 	 Time Taken: 10 sec
learning rate = 0.0001000
(epoch: 1867, iters: 320, time: 0.003) pos_err: 12.412 ori_err: 45.548 reproj_err: 1747.951 
End of epoch 1867 / 4000 	 Time Taken: 10 sec
learning rate = 0.0001000
(epoch: 1868, iters: 640, time: 0.001) pos_err: 11.662 ori_err: 42.641 reproj_err: 732.754 
End of epoch 1868 / 4000 	 Time Taken: 10 sec
learning rate = 0.0001000
(epoch: 1869, iters: 960, time: 0.002) pos_err: 11.960 ori_err: 45.038 reproj_err: 1290.690 
End of epoch 1869 / 4000 	 Time Taken: 11 sec
learning rate = 0.0001000
(epoch: 1870, iters: 1280, time: 0.001) pos_err: 13.290 ori_err: 29.876 reproj_err: 242.774 
saving the model at the end of epoch 1870, iters 2393600
End of epoch 1870 / 4000 	 Time Taken: 11 sec
learning rate = 0.0001000
End of epoch 1871 / 4000 	 Time Taken: 10 sec
learning rate = 0.0001000
(epoch: 1872, iters: 320, time: 0.003) pos_err: 13.420 ori_err: 44.142 reproj_err: 2039.840 
End of epoch 1872 / 4000 	 Time Taken: 10 sec
learning rate = 0.0001000
(epoch: 1873, iters: 640, time: 0.002) pos_err: 12.606 ori_err: 43.389 reproj_err: 783.031 
End of epoch 1873 / 4000 	 Time Taken: 9 sec
learning rate = 0.0001000
(epoch: 1874, iters: 960, time: 0.002) pos_err: 12.630 ori_err: 50.631 reproj_err: 1908.120 
End of epoch 1874 / 4000 	 Time Taken: 10 sec
learning rate = 0.0001000
(epoch: 1875, iters: 1280, time: 0.002) pos_err: 12.795 ori_err: 47.661 reproj_err: 403.164 
End of epoch 1875 / 4000 	 Time Taken: 10 sec
learning rate = 0.0001000
End of epoch 1876 / 4000 	 Time Taken: 10 sec
learning rate = 0.0001000
(epoch: 1877, iters: 320, time: 0.002) pos_err: 15.819 ori_err: 43.232 reproj_err: 3742.329 
End of epoch 1877 / 4000 	 Time Taken: 10 sec
learning rate = 0.0001000
(epoch: 1878, iters: 640, time: 0.001) pos_err: 13.078 ori_err: 47.087 reproj_err: 1771.668 
End of epoch 1878 / 4000 	 Time Taken: 11 sec
learning rate = 0.0001000
(epoch: 1879, iters: 960, time: 0.002) pos_err: 13.504 ori_err: 46.478 reproj_err: 1274.331 
End of epoch 1879 / 4000 	 Time Taken: 10 sec
learning rate = 0.0001000
(epoch: 1880, iters: 1280, time: 0.002) pos_err: 11.515 ori_err: 55.207 reproj_err: 384.721 
saving the model at the end of epoch 1880, iters 2406400
End of epoch 1880 / 4000 	 Time Taken: 10 sec
learning rate = 0.0001000
End of epoch 1881 / 4000 	 Time Taken: 10 sec
learning rate = 0.0001000
(epoch: 1882, iters: 320, time: 0.003) pos_err: 12.777 ori_err: 47.394 reproj_err: 1032.255 
End of epoch 1882 / 4000 	 Time Taken: 10 sec
learning rate = 0.0001000
(epoch: 1883, iters: 640, time: 0.002) pos_err: 13.220 ori_err: 46.899 reproj_err: 1722.582 
End of epoch 1883 / 4000 	 Time Taken: 10 sec
learning rate = 0.0001000
(epoch: 1884, iters: 960, time: 0.002) pos_err: 13.299 ori_err: 44.491 reproj_err: 1471.387 
End of epoch 1884 / 4000 	 Time Taken: 10 sec
learning rate = 0.0001000
(epoch: 1885, iters: 1280, time: 0.001) pos_err: 15.871 ori_err: 28.080 reproj_err: 474.217 
End of epoch 1885 / 4000 	 Time Taken: 10 sec
learning rate = 0.0001000
End of epoch 1886 / 4000 	 Time Taken: 10 sec
learning rate = 0.0001000
(epoch: 1887, iters: 320, time: 0.003) pos_err: 13.644 ori_err: 44.746 reproj_err: 1589.217 
End of epoch 1887 / 4000 	 Time Taken: 10 sec
learning rate = 0.0001000
(epoch: 1888, iters: 640, time: 0.001) pos_err: 13.125 ori_err: 43.443 reproj_err: 1800.544 
End of epoch 1888 / 4000 	 Time Taken: 10 sec
learning rate = 0.0001000
(epoch: 1889, iters: 960, time: 0.002) pos_err: 12.915 ori_err: 46.584 reproj_err: 899.294 
End of epoch 1889 / 4000 	 Time Taken: 10 sec
learning rate = 0.0001000
(epoch: 1890, iters: 1280, time: 0.001) pos_err: 11.997 ori_err: 38.259 reproj_err: 617.253 
saving the model at the end of epoch 1890, iters 2419200
End of epoch 1890 / 4000 	 Time Taken: 11 sec
learning rate = 0.0001000
End of epoch 1891 / 4000 	 Time Taken: 10 sec
learning rate = 0.0001000
(epoch: 1892, iters: 320, time: 0.002) pos_err: 13.290 ori_err: 44.798 reproj_err: 1831.129 
End of epoch 1892 / 4000 	 Time Taken: 9 sec
learning rate = 0.0001000
(epoch: 1893, iters: 640, time: 0.001) pos_err: 12.724 ori_err: 45.247 reproj_err: 1686.270 
End of epoch 1893 / 4000 	 Time Taken: 9 sec
learning rate = 0.0001000
(epoch: 1894, iters: 960, time: 0.002) pos_err: 12.961 ori_err: 48.036 reproj_err: 2179.285 
End of epoch 1894 / 4000 	 Time Taken: 9 sec
learning rate = 0.0001000
(epoch: 1895, iters: 1280, time: 0.001) pos_err: 9.746 ori_err: 45.429 reproj_err: 383.005 
End of epoch 1895 / 4000 	 Time Taken: 9 sec
learning rate = 0.0001000
End of epoch 1896 / 4000 	 Time Taken: 10 sec
learning rate = 0.0001000
(epoch: 1897, iters: 320, time: 0.002) pos_err: 11.070 ori_err: 44.585 reproj_err: 913.891 
End of epoch 1897 / 4000 	 Time Taken: 10 sec
learning rate = 0.0001000
(epoch: 1898, iters: 640, time: 0.002) pos_err: 13.637 ori_err: 47.431 reproj_err: 1883.556 
End of epoch 1898 / 4000 	 Time Taken: 10 sec
learning rate = 0.0001000
(epoch: 1899, iters: 960, time: 0.002) pos_err: 12.862 ori_err: 44.040 reproj_err: 1242.583 
End of epoch 1899 / 4000 	 Time Taken: 10 sec
learning rate = 0.0001000
(epoch: 1900, iters: 1280, time: 0.001) pos_err: 7.491 ori_err: 42.010 reproj_err: 185.484 
saving the model at the end of epoch 1900, iters 2432000
End of epoch 1900 / 4000 	 Time Taken: 10 sec
learning rate = 0.0001000
End of epoch 1901 / 4000 	 Time Taken: 10 sec
learning rate = 0.0001000
(epoch: 1902, iters: 320, time: 0.002) pos_err: 11.853 ori_err: 44.694 reproj_err: 1897.941 
End of epoch 1902 / 4000 	 Time Taken: 10 sec
learning rate = 0.0001000
(epoch: 1903, iters: 640, time: 0.001) pos_err: 14.232 ori_err: 43.905 reproj_err: 1973.705 
End of epoch 1903 / 4000 	 Time Taken: 10 sec
learning rate = 0.0001000
(epoch: 1904, iters: 960, time: 0.002) pos_err: 13.444 ori_err: 45.929 reproj_err: 1277.777 
End of epoch 1904 / 4000 	 Time Taken: 9 sec
learning rate = 0.0001000
(epoch: 1905, iters: 1280, time: 0.001) pos_err: 13.138 ori_err: 51.921 reproj_err: 331.278 
End of epoch 1905 / 4000 	 Time Taken: 10 sec
learning rate = 0.0001000
End of epoch 1906 / 4000 	 Time Taken: 10 sec
learning rate = 0.0001000
(epoch: 1907, iters: 320, time: 0.002) pos_err: 11.356 ori_err: 43.890 reproj_err: 1037.005 
End of epoch 1907 / 4000 	 Time Taken: 11 sec
learning rate = 0.0001000
(epoch: 1908, iters: 640, time: 0.001) pos_err: 13.078 ori_err: 42.439 reproj_err: 1745.984 
End of epoch 1908 / 4000 	 Time Taken: 10 sec
learning rate = 0.0001000
(epoch: 1909, iters: 960, time: 0.002) pos_err: 12.465 ori_err: 45.647 reproj_err: 2186.843 
End of epoch 1909 / 4000 	 Time Taken: 11 sec
learning rate = 0.0001000
(epoch: 1910, iters: 1280, time: 0.002) pos_err: 14.908 ori_err: 35.013 reproj_err: 661.310 
saving the model at the end of epoch 1910, iters 2444800
End of epoch 1910 / 4000 	 Time Taken: 10 sec
learning rate = 0.0001000
End of epoch 1911 / 4000 	 Time Taken: 9 sec
learning rate = 0.0001000
(epoch: 1912, iters: 320, time: 0.001) pos_err: 12.897 ori_err: 46.546 reproj_err: 1991.511 
End of epoch 1912 / 4000 	 Time Taken: 10 sec
learning rate = 0.0001000
(epoch: 1913, iters: 640, time: 0.002) pos_err: 14.325 ori_err: 49.481 reproj_err: 2085.049 
End of epoch 1913 / 4000 	 Time Taken: 9 sec
learning rate = 0.0001000
(epoch: 1914, iters: 960, time: 0.002) pos_err: 13.787 ori_err: 44.238 reproj_err: 1440.723 
End of epoch 1914 / 4000 	 Time Taken: 11 sec
learning rate = 0.0001000
(epoch: 1915, iters: 1280, time: 0.001) pos_err: 11.445 ori_err: 35.659 reproj_err: 221.695 
End of epoch 1915 / 4000 	 Time Taken: 10 sec
learning rate = 0.0001000
End of epoch 1916 / 4000 	 Time Taken: 10 sec
learning rate = 0.0001000
(epoch: 1917, iters: 320, time: 0.002) pos_err: 13.892 ori_err: 44.639 reproj_err: 2432.345 
End of epoch 1917 / 4000 	 Time Taken: 11 sec
learning rate = 0.0001000
(epoch: 1918, iters: 640, time: 0.001) pos_err: 12.848 ori_err: 43.922 reproj_err: 679.119 
End of epoch 1918 / 4000 	 Time Taken: 10 sec
learning rate = 0.0001000
(epoch: 1919, iters: 960, time: 0.002) pos_err: 11.078 ori_err: 45.754 reproj_err: 1478.744 
End of epoch 1919 / 4000 	 Time Taken: 11 sec
learning rate = 0.0001000
(epoch: 1920, iters: 1280, time: 0.001) pos_err: 9.797 ori_err: 46.913 reproj_err: 324.202 
saving the model at the end of epoch 1920, iters 2457600
End of epoch 1920 / 4000 	 Time Taken: 10 sec
learning rate = 0.0001000
End of epoch 1921 / 4000 	 Time Taken: 10 sec
learning rate = 0.0001000
(epoch: 1922, iters: 320, time: 0.003) pos_err: 13.108 ori_err: 46.778 reproj_err: 1844.937 
End of epoch 1922 / 4000 	 Time Taken: 9 sec
learning rate = 0.0001000
(epoch: 1923, iters: 640, time: 0.001) pos_err: 13.148 ori_err: 43.469 reproj_err: 1487.892 
End of epoch 1923 / 4000 	 Time Taken: 9 sec
learning rate = 0.0001000
(epoch: 1924, iters: 960, time: 0.002) pos_err: 11.881 ori_err: 47.873 reproj_err: 1527.650 
End of epoch 1924 / 4000 	 Time Taken: 10 sec
learning rate = 0.0001000
(epoch: 1925, iters: 1280, time: 0.001) pos_err: 9.447 ori_err: 46.162 reproj_err: 1179.717 
End of epoch 1925 / 4000 	 Time Taken: 11 sec
learning rate = 0.0001000
End of epoch 1926 / 4000 	 Time Taken: 10 sec
learning rate = 0.0001000
(epoch: 1927, iters: 320, time: 0.002) pos_err: 13.053 ori_err: 44.047 reproj_err: 1378.857 
End of epoch 1927 / 4000 	 Time Taken: 10 sec
learning rate = 0.0001000
(epoch: 1928, iters: 640, time: 0.001) pos_err: 13.633 ori_err: 45.595 reproj_err: 1140.888 
End of epoch 1928 / 4000 	 Time Taken: 10 sec
learning rate = 0.0001000
(epoch: 1929, iters: 960, time: 0.002) pos_err: 12.301 ori_err: 45.760 reproj_err: 1863.596 
End of epoch 1929 / 4000 	 Time Taken: 10 sec
learning rate = 0.0001000
(epoch: 1930, iters: 1280, time: 0.001) pos_err: 9.645 ori_err: 42.707 reproj_err: 180.582 
saving the model at the end of epoch 1930, iters 2470400
End of epoch 1930 / 4000 	 Time Taken: 10 sec
learning rate = 0.0001000
End of epoch 1931 / 4000 	 Time Taken: 9 sec
learning rate = 0.0001000
(epoch: 1932, iters: 320, time: 0.003) pos_err: 12.576 ori_err: 44.864 reproj_err: 1036.551 
End of epoch 1932 / 4000 	 Time Taken: 10 sec
learning rate = 0.0001000
(epoch: 1933, iters: 640, time: 0.002) pos_err: 13.393 ori_err: 44.339 reproj_err: 1181.417 
End of epoch 1933 / 4000 	 Time Taken: 10 sec
learning rate = 0.0001000
(epoch: 1934, iters: 960, time: 0.002) pos_err: 13.098 ori_err: 42.325 reproj_err: 903.201 
End of epoch 1934 / 4000 	 Time Taken: 10 sec
learning rate = 0.0001000
(epoch: 1935, iters: 1280, time: 0.001) pos_err: 16.088 ori_err: 43.320 reproj_err: 9925.835 
End of epoch 1935 / 4000 	 Time Taken: 10 sec
learning rate = 0.0001000
End of epoch 1936 / 4000 	 Time Taken: 11 sec
learning rate = 0.0001000
(epoch: 1937, iters: 320, time: 0.002) pos_err: 11.304 ori_err: 41.037 reproj_err: 580.441 
End of epoch 1937 / 4000 	 Time Taken: 9 sec
learning rate = 0.0001000
(epoch: 1938, iters: 640, time: 0.002) pos_err: 12.287 ori_err: 42.960 reproj_err: 1305.183 
End of epoch 1938 / 4000 	 Time Taken: 10 sec
learning rate = 0.0001000
(epoch: 1939, iters: 960, time: 0.002) pos_err: 14.123 ori_err: 46.356 reproj_err: 2344.725 
End of epoch 1939 / 4000 	 Time Taken: 11 sec
learning rate = 0.0001000
(epoch: 1940, iters: 1280, time: 0.001) pos_err: 10.936 ori_err: 42.105 reproj_err: 723.915 
saving the model at the end of epoch 1940, iters 2483200
End of epoch 1940 / 4000 	 Time Taken: 10 sec
learning rate = 0.0001000
End of epoch 1941 / 4000 	 Time Taken: 10 sec
learning rate = 0.0001000
(epoch: 1942, iters: 320, time: 0.002) pos_err: 11.618 ori_err: 47.142 reproj_err: 1317.095 
End of epoch 1942 / 4000 	 Time Taken: 9 sec
learning rate = 0.0001000
(epoch: 1943, iters: 640, time: 0.002) pos_err: 11.954 ori_err: 44.466 reproj_err: 1469.276 
End of epoch 1943 / 4000 	 Time Taken: 10 sec
learning rate = 0.0001000
(epoch: 1944, iters: 960, time: 0.002) pos_err: 12.924 ori_err: 45.423 reproj_err: 4151.649 
End of epoch 1944 / 4000 	 Time Taken: 10 sec
learning rate = 0.0001000
(epoch: 1945, iters: 1280, time: 0.001) pos_err: 14.029 ori_err: 53.447 reproj_err: 1698.266 
End of epoch 1945 / 4000 	 Time Taken: 11 sec
learning rate = 0.0001000
End of epoch 1946 / 4000 	 Time Taken: 11 sec
learning rate = 0.0001000
(epoch: 1947, iters: 320, time: 0.003) pos_err: 14.522 ori_err: 46.657 reproj_err: 2327.430 
End of epoch 1947 / 4000 	 Time Taken: 10 sec
learning rate = 0.0001000
(epoch: 1948, iters: 640, time: 0.002) pos_err: 13.434 ori_err: 44.836 reproj_err: 2692.808 
End of epoch 1948 / 4000 	 Time Taken: 10 sec
learning rate = 0.0001000
(epoch: 1949, iters: 960, time: 0.002) pos_err: 12.901 ori_err: 43.363 reproj_err: 2514.390 
End of epoch 1949 / 4000 	 Time Taken: 10 sec
learning rate = 0.0001000
(epoch: 1950, iters: 1280, time: 0.001) pos_err: 16.226 ori_err: 45.105 reproj_err: 4179.708 
saving the model at the end of epoch 1950, iters 2496000
End of epoch 1950 / 4000 	 Time Taken: 11 sec
learning rate = 0.0001000
End of epoch 1951 / 4000 	 Time Taken: 10 sec
learning rate = 0.0001000
(epoch: 1952, iters: 320, time: 0.002) pos_err: 12.007 ori_err: 42.112 reproj_err: 1219.026 
End of epoch 1952 / 4000 	 Time Taken: 11 sec
learning rate = 0.0001000
(epoch: 1953, iters: 640, time: 0.002) pos_err: 12.878 ori_err: 49.303 reproj_err: 1573.470 
End of epoch 1953 / 4000 	 Time Taken: 9 sec
learning rate = 0.0001000
(epoch: 1954, iters: 960, time: 0.002) pos_err: 11.774 ori_err: 42.101 reproj_err: 685.679 
End of epoch 1954 / 4000 	 Time Taken: 10 sec
learning rate = 0.0001000
(epoch: 1955, iters: 1280, time: 0.001) pos_err: 11.776 ori_err: 43.110 reproj_err: 373.763 
End of epoch 1955 / 4000 	 Time Taken: 9 sec
learning rate = 0.0001000
End of epoch 1956 / 4000 	 Time Taken: 10 sec
learning rate = 0.0001000
(epoch: 1957, iters: 320, time: 0.002) pos_err: 12.020 ori_err: 44.468 reproj_err: 1187.008 
End of epoch 1957 / 4000 	 Time Taken: 10 sec
learning rate = 0.0001000
(epoch: 1958, iters: 640, time: 0.002) pos_err: 13.895 ori_err: 41.812 reproj_err: 2012.976 
End of epoch 1958 / 4000 	 Time Taken: 11 sec
learning rate = 0.0001000
(epoch: 1959, iters: 960, time: 0.001) pos_err: 12.967 ori_err: 45.448 reproj_err: 2152.221 
End of epoch 1959 / 4000 	 Time Taken: 11 sec
learning rate = 0.0001000
(epoch: 1960, iters: 1280, time: 0.001) pos_err: 16.422 ori_err: 54.134 reproj_err: 374.200 
saving the model at the end of epoch 1960, iters 2508800
End of epoch 1960 / 4000 	 Time Taken: 10 sec
learning rate = 0.0001000
End of epoch 1961 / 4000 	 Time Taken: 10 sec
learning rate = 0.0001000
(epoch: 1962, iters: 320, time: 0.002) pos_err: 14.788 ori_err: 45.331 reproj_err: 1940.336 
End of epoch 1962 / 4000 	 Time Taken: 9 sec
learning rate = 0.0001000
(epoch: 1963, iters: 640, time: 0.002) pos_err: 12.554 ori_err: 43.754 reproj_err: 1270.584 
End of epoch 1963 / 4000 	 Time Taken: 11 sec
learning rate = 0.0001000
(epoch: 1964, iters: 960, time: 0.002) pos_err: 12.758 ori_err: 42.821 reproj_err: 557.435 
End of epoch 1964 / 4000 	 Time Taken: 10 sec
learning rate = 0.0001000
(epoch: 1965, iters: 1280, time: 0.001) pos_err: 14.187 ori_err: 45.467 reproj_err: 286.717 
End of epoch 1965 / 4000 	 Time Taken: 11 sec
learning rate = 0.0001000
End of epoch 1966 / 4000 	 Time Taken: 10 sec
learning rate = 0.0001000
(epoch: 1967, iters: 320, time: 0.002) pos_err: 12.508 ori_err: 40.609 reproj_err: 2162.492 
End of epoch 1967 / 4000 	 Time Taken: 10 sec
learning rate = 0.0001000
(epoch: 1968, iters: 640, time: 0.003) pos_err: 13.672 ori_err: 43.519 reproj_err: 1826.199 
End of epoch 1968 / 4000 	 Time Taken: 9 sec
learning rate = 0.0001000
(epoch: 1969, iters: 960, time: 0.002) pos_err: 14.032 ori_err: 45.573 reproj_err: 2016.433 
End of epoch 1969 / 4000 	 Time Taken: 11 sec
learning rate = 0.0001000
(epoch: 1970, iters: 1280, time: 0.001) pos_err: 10.284 ori_err: 46.029 reproj_err: 225.943 
saving the model at the end of epoch 1970, iters 2521600
End of epoch 1970 / 4000 	 Time Taken: 11 sec
learning rate = 0.0001000
End of epoch 1971 / 4000 	 Time Taken: 9 sec
learning rate = 0.0001000
(epoch: 1972, iters: 320, time: 0.002) pos_err: 13.573 ori_err: 43.697 reproj_err: 967.591 
End of epoch 1972 / 4000 	 Time Taken: 10 sec
learning rate = 0.0001000
(epoch: 1973, iters: 640, time: 0.001) pos_err: 12.357 ori_err: 46.024 reproj_err: 1668.605 
End of epoch 1973 / 4000 	 Time Taken: 10 sec
learning rate = 0.0001000
(epoch: 1974, iters: 960, time: 0.002) pos_err: 12.533 ori_err: 42.858 reproj_err: 1553.507 
End of epoch 1974 / 4000 	 Time Taken: 10 sec
learning rate = 0.0001000
(epoch: 1975, iters: 1280, time: 0.001) pos_err: 14.554 ori_err: 49.535 reproj_err: 349.587 
End of epoch 1975 / 4000 	 Time Taken: 10 sec
learning rate = 0.0001000
End of epoch 1976 / 4000 	 Time Taken: 10 sec
learning rate = 0.0001000
(epoch: 1977, iters: 320, time: 0.002) pos_err: 12.735 ori_err: 45.338 reproj_err: 707.718 
End of epoch 1977 / 4000 	 Time Taken: 11 sec
learning rate = 0.0001000
(epoch: 1978, iters: 640, time: 0.002) pos_err: 12.256 ori_err: 48.974 reproj_err: 972.615 
End of epoch 1978 / 4000 	 Time Taken: 10 sec
learning rate = 0.0001000
(epoch: 1979, iters: 960, time: 0.002) pos_err: 15.164 ori_err: 45.144 reproj_err: 2912.728 
End of epoch 1979 / 4000 	 Time Taken: 10 sec
learning rate = 0.0001000
(epoch: 1980, iters: 1280, time: 0.001) pos_err: 9.661 ori_err: 52.757 reproj_err: 1635.952 
saving the model at the end of epoch 1980, iters 2534400
End of epoch 1980 / 4000 	 Time Taken: 10 sec
learning rate = 0.0001000
End of epoch 1981 / 4000 	 Time Taken: 11 sec
learning rate = 0.0001000
(epoch: 1982, iters: 320, time: 0.002) pos_err: 13.609 ori_err: 44.882 reproj_err: 1079.396 
End of epoch 1982 / 4000 	 Time Taken: 10 sec
learning rate = 0.0001000
(epoch: 1983, iters: 640, time: 0.002) pos_err: 11.624 ori_err: 44.947 reproj_err: 896.018 
End of epoch 1983 / 4000 	 Time Taken: 11 sec
learning rate = 0.0001000
(epoch: 1984, iters: 960, time: 0.002) pos_err: 14.419 ori_err: 41.789 reproj_err: 1922.267 
End of epoch 1984 / 4000 	 Time Taken: 10 sec
learning rate = 0.0001000
(epoch: 1985, iters: 1280, time: 0.001) pos_err: 13.832 ori_err: 45.361 reproj_err: 342.157 
End of epoch 1985 / 4000 	 Time Taken: 10 sec
learning rate = 0.0001000
End of epoch 1986 / 4000 	 Time Taken: 9 sec
learning rate = 0.0001000
(epoch: 1987, iters: 320, time: 0.002) pos_err: 12.102 ori_err: 42.292 reproj_err: 1388.699 
End of epoch 1987 / 4000 	 Time Taken: 10 sec
learning rate = 0.0001000
(epoch: 1988, iters: 640, time: 0.001) pos_err: 12.582 ori_err: 44.746 reproj_err: 1378.041 
End of epoch 1988 / 4000 	 Time Taken: 10 sec
learning rate = 0.0001000
(epoch: 1989, iters: 960, time: 0.002) pos_err: 12.571 ori_err: 45.925 reproj_err: 1002.791 
End of epoch 1989 / 4000 	 Time Taken: 10 sec
learning rate = 0.0001000
(epoch: 1990, iters: 1280, time: 0.001) pos_err: 8.934 ori_err: 41.197 reproj_err: 1513.584 
saving the model at the end of epoch 1990, iters 2547200
End of epoch 1990 / 4000 	 Time Taken: 10 sec
learning rate = 0.0001000
End of epoch 1991 / 4000 	 Time Taken: 10 sec
learning rate = 0.0001000
(epoch: 1992, iters: 320, time: 0.002) pos_err: 12.375 ori_err: 44.541 reproj_err: 1464.973 
End of epoch 1992 / 4000 	 Time Taken: 10 sec
learning rate = 0.0001000
(epoch: 1993, iters: 640, time: 0.002) pos_err: 12.968 ori_err: 42.719 reproj_err: 1956.141 
End of epoch 1993 / 4000 	 Time Taken: 11 sec
learning rate = 0.0001000
(epoch: 1994, iters: 960, time: 0.002) pos_err: 11.373 ori_err: 42.764 reproj_err: 681.011 
End of epoch 1994 / 4000 	 Time Taken: 10 sec
learning rate = 0.0001000
(epoch: 1995, iters: 1280, time: 0.002) pos_err: 11.954 ori_err: 46.353 reproj_err: 210.262 
End of epoch 1995 / 4000 	 Time Taken: 9 sec
learning rate = 0.0001000
End of epoch 1996 / 4000 	 Time Taken: 10 sec
learning rate = 0.0001000
(epoch: 1997, iters: 320, time: 0.003) pos_err: 13.025 ori_err: 45.617 reproj_err: 2153.423 
End of epoch 1997 / 4000 	 Time Taken: 10 sec
learning rate = 0.0001000
(epoch: 1998, iters: 640, time: 0.002) pos_err: 13.719 ori_err: 39.371 reproj_err: 1849.845 
End of epoch 1998 / 4000 	 Time Taken: 11 sec
learning rate = 0.0001000
(epoch: 1999, iters: 960, time: 0.002) pos_err: 11.608 ori_err: 45.006 reproj_err: 692.362 
End of epoch 1999 / 4000 	 Time Taken: 10 sec
learning rate = 0.0001000
(epoch: 2000, iters: 1280, time: 0.001) pos_err: 11.558 ori_err: 51.868 reproj_err: 1504.203 
saving the model at the end of epoch 2000, iters 2560000
End of epoch 2000 / 4000 	 Time Taken: 10 sec
learning rate = 0.0001000
End of epoch 2001 / 4000 	 Time Taken: 11 sec
learning rate = 0.0001000
(epoch: 2002, iters: 320, time: 0.002) pos_err: 12.027 ori_err: 45.236 reproj_err: 1720.772 
End of epoch 2002 / 4000 	 Time Taken: 11 sec
learning rate = 0.0001000
(epoch: 2003, iters: 640, time: 0.001) pos_err: 12.168 ori_err: 41.279 reproj_err: 1526.453 
End of epoch 2003 / 4000 	 Time Taken: 10 sec
learning rate = 0.0001000
(epoch: 2004, iters: 960, time: 0.002) pos_err: 13.707 ori_err: 47.108 reproj_err: 1520.949 
End of epoch 2004 / 4000 	 Time Taken: 11 sec
learning rate = 0.0001000
(epoch: 2005, iters: 1280, time: 0.001) pos_err: 7.690 ori_err: 42.073 reproj_err: 176.988 
End of epoch 2005 / 4000 	 Time Taken: 11 sec
learning rate = 0.0001000
End of epoch 2006 / 4000 	 Time Taken: 10 sec
learning rate = 0.0001000
(epoch: 2007, iters: 320, time: 0.002) pos_err: 12.051 ori_err: 43.446 reproj_err: 1274.318 
End of epoch 2007 / 4000 	 Time Taken: 10 sec
learning rate = 0.0001000
(epoch: 2008, iters: 640, time: 0.002) pos_err: 15.321 ori_err: 45.933 reproj_err: 2841.232 
End of epoch 2008 / 4000 	 Time Taken: 10 sec
learning rate = 0.0001000
(epoch: 2009, iters: 960, time: 0.002) pos_err: 12.990 ori_err: 43.937 reproj_err: 1623.918 
End of epoch 2009 / 4000 	 Time Taken: 9 sec
learning rate = 0.0001000
(epoch: 2010, iters: 1280, time: 0.001) pos_err: 19.966 ori_err: 37.569 reproj_err: 4970.699 
saving the model at the end of epoch 2010, iters 2572800
End of epoch 2010 / 4000 	 Time Taken: 11 sec
learning rate = 0.0001000
End of epoch 2011 / 4000 	 Time Taken: 11 sec
learning rate = 0.0001000
(epoch: 2012, iters: 320, time: 0.002) pos_err: 13.550 ori_err: 45.554 reproj_err: 1898.296 
End of epoch 2012 / 4000 	 Time Taken: 10 sec
learning rate = 0.0001000
(epoch: 2013, iters: 640, time: 0.002) pos_err: 11.825 ori_err: 42.588 reproj_err: 2034.837 
End of epoch 2013 / 4000 	 Time Taken: 10 sec
learning rate = 0.0001000
(epoch: 2014, iters: 960, time: 0.002) pos_err: 12.667 ori_err: 42.137 reproj_err: 1440.097 
End of epoch 2014 / 4000 	 Time Taken: 10 sec
learning rate = 0.0001000
(epoch: 2015, iters: 1280, time: 0.001) pos_err: 8.165 ori_err: 43.556 reproj_err: 1827.743 
End of epoch 2015 / 4000 	 Time Taken: 10 sec
learning rate = 0.0001000
End of epoch 2016 / 4000 	 Time Taken: 10 sec
learning rate = 0.0001000
(epoch: 2017, iters: 320, time: 0.002) pos_err: 11.843 ori_err: 44.579 reproj_err: 1546.520 
End of epoch 2017 / 4000 	 Time Taken: 11 sec
learning rate = 0.0001000
(epoch: 2018, iters: 640, time: 0.002) pos_err: 13.361 ori_err: 48.503 reproj_err: 1052.288 
End of epoch 2018 / 4000 	 Time Taken: 10 sec
learning rate = 0.0001000
(epoch: 2019, iters: 960, time: 0.002) pos_err: 12.104 ori_err: 42.517 reproj_err: 1598.279 
End of epoch 2019 / 4000 	 Time Taken: 10 sec
learning rate = 0.0001000
(epoch: 2020, iters: 1280, time: 0.001) pos_err: 11.102 ori_err: 42.925 reproj_err: 204.173 
saving the model at the end of epoch 2020, iters 2585600
End of epoch 2020 / 4000 	 Time Taken: 12 sec
learning rate = 0.0001000
End of epoch 2021 / 4000 	 Time Taken: 10 sec
learning rate = 0.0001000
(epoch: 2022, iters: 320, time: 0.001) pos_err: 11.700 ori_err: 44.461 reproj_err: 807.718 
End of epoch 2022 / 4000 	 Time Taken: 10 sec
learning rate = 0.0001000
(epoch: 2023, iters: 640, time: 0.001) pos_err: 12.357 ori_err: 43.129 reproj_err: 1270.982 
End of epoch 2023 / 4000 	 Time Taken: 10 sec
learning rate = 0.0001000
(epoch: 2024, iters: 960, time: 0.002) pos_err: 12.020 ori_err: 42.194 reproj_err: 1333.458 
End of epoch 2024 / 4000 	 Time Taken: 10 sec
learning rate = 0.0001000
(epoch: 2025, iters: 1280, time: 0.001) pos_err: 16.484 ori_err: 34.514 reproj_err: 621.306 
End of epoch 2025 / 4000 	 Time Taken: 11 sec
learning rate = 0.0001000
End of epoch 2026 / 4000 	 Time Taken: 10 sec
learning rate = 0.0001000
(epoch: 2027, iters: 320, time: 0.002) pos_err: 15.641 ori_err: 49.593 reproj_err: 2318.872 
End of epoch 2027 / 4000 	 Time Taken: 9 sec
learning rate = 0.0001000
(epoch: 2028, iters: 640, time: 0.002) pos_err: 15.271 ori_err: 46.499 reproj_err: 1085.561 
End of epoch 2028 / 4000 	 Time Taken: 10 sec
learning rate = 0.0001000
(epoch: 2029, iters: 960, time: 0.002) pos_err: 12.283 ori_err: 46.343 reproj_err: 1381.878 
End of epoch 2029 / 4000 	 Time Taken: 10 sec
learning rate = 0.0001000
(epoch: 2030, iters: 1280, time: 0.001) pos_err: 13.048 ori_err: 40.950 reproj_err: 919.516 
saving the model at the end of epoch 2030, iters 2598400
End of epoch 2030 / 4000 	 Time Taken: 11 sec
learning rate = 0.0001000
End of epoch 2031 / 4000 	 Time Taken: 9 sec
learning rate = 0.0001000
(epoch: 2032, iters: 320, time: 0.002) pos_err: 13.123 ori_err: 46.541 reproj_err: 1283.312 
End of epoch 2032 / 4000 	 Time Taken: 10 sec
learning rate = 0.0001000
(epoch: 2033, iters: 640, time: 0.001) pos_err: 12.023 ori_err: 44.708 reproj_err: 1210.202 
End of epoch 2033 / 4000 	 Time Taken: 9 sec
learning rate = 0.0001000
(epoch: 2034, iters: 960, time: 0.002) pos_err: 13.311 ori_err: 45.696 reproj_err: 1324.107 
End of epoch 2034 / 4000 	 Time Taken: 10 sec
learning rate = 0.0001000
(epoch: 2035, iters: 1280, time: 0.001) pos_err: 10.579 ori_err: 36.950 reproj_err: 179.872 
End of epoch 2035 / 4000 	 Time Taken: 11 sec
learning rate = 0.0001000
End of epoch 2036 / 4000 	 Time Taken: 11 sec
learning rate = 0.0001000
(epoch: 2037, iters: 320, time: 0.002) pos_err: 13.655 ori_err: 46.526 reproj_err: 2129.874 
End of epoch 2037 / 4000 	 Time Taken: 10 sec
learning rate = 0.0001000
(epoch: 2038, iters: 640, time: 0.002) pos_err: 12.242 ori_err: 41.139 reproj_err: 1094.928 
End of epoch 2038 / 4000 	 Time Taken: 10 sec
learning rate = 0.0001000
(epoch: 2039, iters: 960, time: 0.002) pos_err: 11.701 ori_err: 45.370 reproj_err: 827.630 
End of epoch 2039 / 4000 	 Time Taken: 10 sec
learning rate = 0.0001000
(epoch: 2040, iters: 1280, time: 0.001) pos_err: 13.511 ori_err: 40.199 reproj_err: 361.006 
saving the model at the end of epoch 2040, iters 2611200
End of epoch 2040 / 4000 	 Time Taken: 11 sec
learning rate = 0.0001000
End of epoch 2041 / 4000 	 Time Taken: 10 sec
learning rate = 0.0001000
(epoch: 2042, iters: 320, time: 0.002) pos_err: 12.677 ori_err: 47.451 reproj_err: 1315.671 
End of epoch 2042 / 4000 	 Time Taken: 11 sec
learning rate = 0.0001000
(epoch: 2043, iters: 640, time: 0.001) pos_err: 12.070 ori_err: 45.639 reproj_err: 868.918 
End of epoch 2043 / 4000 	 Time Taken: 10 sec
learning rate = 0.0001000
(epoch: 2044, iters: 960, time: 0.002) pos_err: 12.283 ori_err: 45.069 reproj_err: 1209.390 
End of epoch 2044 / 4000 	 Time Taken: 10 sec
learning rate = 0.0001000
(epoch: 2045, iters: 1280, time: 0.001) pos_err: 16.633 ori_err: 37.004 reproj_err: 1426.027 
End of epoch 2045 / 4000 	 Time Taken: 11 sec
learning rate = 0.0001000
End of epoch 2046 / 4000 	 Time Taken: 11 sec
learning rate = 0.0001000
(epoch: 2047, iters: 320, time: 0.003) pos_err: 12.066 ori_err: 43.283 reproj_err: 2036.049 
End of epoch 2047 / 4000 	 Time Taken: 10 sec
learning rate = 0.0001000
(epoch: 2048, iters: 640, time: 0.002) pos_err: 12.590 ori_err: 42.955 reproj_err: 1727.743 
End of epoch 2048 / 4000 	 Time Taken: 10 sec
learning rate = 0.0001000
(epoch: 2049, iters: 960, time: 0.002) pos_err: 11.656 ori_err: 47.198 reproj_err: 998.381 
End of epoch 2049 / 4000 	 Time Taken: 10 sec
learning rate = 0.0001000
(epoch: 2050, iters: 1280, time: 0.001) pos_err: 10.048 ori_err: 38.073 reproj_err: 362.095 
saving the model at the end of epoch 2050, iters 2624000
End of epoch 2050 / 4000 	 Time Taken: 10 sec
learning rate = 0.0001000
End of epoch 2051 / 4000 	 Time Taken: 10 sec
learning rate = 0.0001000
(epoch: 2052, iters: 320, time: 0.002) pos_err: 12.082 ori_err: 46.606 reproj_err: 1726.314 
End of epoch 2052 / 4000 	 Time Taken: 11 sec
learning rate = 0.0001000
(epoch: 2053, iters: 640, time: 0.002) pos_err: 12.700 ori_err: 44.123 reproj_err: 963.891 
End of epoch 2053 / 4000 	 Time Taken: 9 sec
learning rate = 0.0001000
(epoch: 2054, iters: 960, time: 0.002) pos_err: 13.964 ori_err: 43.581 reproj_err: 1648.792 
End of epoch 2054 / 4000 	 Time Taken: 10 sec
learning rate = 0.0001000
(epoch: 2055, iters: 1280, time: 0.002) pos_err: 9.274 ori_err: 37.997 reproj_err: 171.475 
End of epoch 2055 / 4000 	 Time Taken: 10 sec
learning rate = 0.0001000
End of epoch 2056 / 4000 	 Time Taken: 10 sec
learning rate = 0.0001000
(epoch: 2057, iters: 320, time: 0.002) pos_err: 15.151 ori_err: 46.750 reproj_err: 1928.296 
End of epoch 2057 / 4000 	 Time Taken: 11 sec
learning rate = 0.0001000
(epoch: 2058, iters: 640, time: 0.001) pos_err: 11.938 ori_err: 44.035 reproj_err: 1329.622 
End of epoch 2058 / 4000 	 Time Taken: 10 sec
learning rate = 0.0001000
(epoch: 2059, iters: 960, time: 0.002) pos_err: 13.503 ori_err: 43.910 reproj_err: 1553.411 
End of epoch 2059 / 4000 	 Time Taken: 10 sec
learning rate = 0.0001000
(epoch: 2060, iters: 1280, time: 0.001) pos_err: 11.267 ori_err: 40.358 reproj_err: 407.188 
saving the model at the end of epoch 2060, iters 2636800
End of epoch 2060 / 4000 	 Time Taken: 11 sec
learning rate = 0.0001000
End of epoch 2061 / 4000 	 Time Taken: 10 sec
learning rate = 0.0001000
(epoch: 2062, iters: 320, time: 0.003) pos_err: 13.221 ori_err: 40.602 reproj_err: 2309.470 
End of epoch 2062 / 4000 	 Time Taken: 10 sec
learning rate = 0.0001000
(epoch: 2063, iters: 640, time: 0.002) pos_err: 13.072 ori_err: 44.680 reproj_err: 1774.010 
End of epoch 2063 / 4000 	 Time Taken: 10 sec
learning rate = 0.0001000
(epoch: 2064, iters: 960, time: 0.002) pos_err: 12.538 ori_err: 42.138 reproj_err: 1546.995 
End of epoch 2064 / 4000 	 Time Taken: 10 sec
learning rate = 0.0001000
(epoch: 2065, iters: 1280, time: 0.001) pos_err: 14.193 ori_err: 39.023 reproj_err: 292.578 
End of epoch 2065 / 4000 	 Time Taken: 11 sec
learning rate = 0.0001000
End of epoch 2066 / 4000 	 Time Taken: 10 sec
learning rate = 0.0001000
(epoch: 2067, iters: 320, time: 0.002) pos_err: 13.544 ori_err: 44.838 reproj_err: 1979.828 
End of epoch 2067 / 4000 	 Time Taken: 10 sec
learning rate = 0.0001000
(epoch: 2068, iters: 640, time: 0.002) pos_err: 12.935 ori_err: 47.791 reproj_err: 1472.173 
End of epoch 2068 / 4000 	 Time Taken: 10 sec
learning rate = 0.0001000
(epoch: 2069, iters: 960, time: 0.002) pos_err: 12.891 ori_err: 46.820 reproj_err: 1811.315 
End of epoch 2069 / 4000 	 Time Taken: 10 sec
learning rate = 0.0001000
(epoch: 2070, iters: 1280, time: 0.001) pos_err: 12.360 ori_err: 40.646 reproj_err: 367.962 
saving the model at the end of epoch 2070, iters 2649600
End of epoch 2070 / 4000 	 Time Taken: 11 sec
learning rate = 0.0001000
End of epoch 2071 / 4000 	 Time Taken: 10 sec
learning rate = 0.0001000
(epoch: 2072, iters: 320, time: 0.002) pos_err: 12.746 ori_err: 42.981 reproj_err: 1090.370 
End of epoch 2072 / 4000 	 Time Taken: 10 sec
learning rate = 0.0001000
(epoch: 2073, iters: 640, time: 0.002) pos_err: 13.656 ori_err: 43.931 reproj_err: 2488.454 
End of epoch 2073 / 4000 	 Time Taken: 10 sec
learning rate = 0.0001000
(epoch: 2074, iters: 960, time: 0.002) pos_err: 13.195 ori_err: 45.152 reproj_err: 902.794 
End of epoch 2074 / 4000 	 Time Taken: 9 sec
learning rate = 0.0001000
(epoch: 2075, iters: 1280, time: 0.001) pos_err: 13.729 ori_err: 48.486 reproj_err: 6123.139 
End of epoch 2075 / 4000 	 Time Taken: 10 sec
learning rate = 0.0001000
End of epoch 2076 / 4000 	 Time Taken: 10 sec
learning rate = 0.0001000
(epoch: 2077, iters: 320, time: 0.003) pos_err: 13.094 ori_err: 42.554 reproj_err: 1758.565 
End of epoch 2077 / 4000 	 Time Taken: 9 sec
learning rate = 0.0001000
(epoch: 2078, iters: 640, time: 0.001) pos_err: 13.846 ori_err: 45.414 reproj_err: 813.784 
End of epoch 2078 / 4000 	 Time Taken: 10 sec
learning rate = 0.0001000
(epoch: 2079, iters: 960, time: 0.002) pos_err: 13.019 ori_err: 45.063 reproj_err: 2163.455 
End of epoch 2079 / 4000 	 Time Taken: 10 sec
learning rate = 0.0001000
(epoch: 2080, iters: 1280, time: 0.001) pos_err: 9.578 ori_err: 42.753 reproj_err: 379.175 
saving the model at the end of epoch 2080, iters 2662400
End of epoch 2080 / 4000 	 Time Taken: 11 sec
learning rate = 0.0001000
End of epoch 2081 / 4000 	 Time Taken: 9 sec
learning rate = 0.0001000
(epoch: 2082, iters: 320, time: 0.002) pos_err: 12.889 ori_err: 42.447 reproj_err: 1262.457 
End of epoch 2082 / 4000 	 Time Taken: 11 sec
learning rate = 0.0001000
(epoch: 2083, iters: 640, time: 0.002) pos_err: 14.602 ori_err: 44.450 reproj_err: 1818.834 
End of epoch 2083 / 4000 	 Time Taken: 10 sec
learning rate = 0.0001000
(epoch: 2084, iters: 960, time: 0.002) pos_err: 13.080 ori_err: 45.243 reproj_err: 1429.111 
End of epoch 2084 / 4000 	 Time Taken: 10 sec
learning rate = 0.0001000
(epoch: 2085, iters: 1280, time: 0.001) pos_err: 11.269 ori_err: 34.725 reproj_err: 251.178 
End of epoch 2085 / 4000 	 Time Taken: 10 sec
learning rate = 0.0001000
End of epoch 2086 / 4000 	 Time Taken: 10 sec
learning rate = 0.0001000
(epoch: 2087, iters: 320, time: 0.002) pos_err: 11.596 ori_err: 47.591 reproj_err: 1372.593 
End of epoch 2087 / 4000 	 Time Taken: 10 sec
learning rate = 0.0001000
(epoch: 2088, iters: 640, time: 0.002) pos_err: 12.959 ori_err: 48.724 reproj_err: 1132.154 
End of epoch 2088 / 4000 	 Time Taken: 12 sec
learning rate = 0.0001000
(epoch: 2089, iters: 960, time: 0.002) pos_err: 12.321 ori_err: 46.696 reproj_err: 865.199 
End of epoch 2089 / 4000 	 Time Taken: 10 sec
learning rate = 0.0001000
(epoch: 2090, iters: 1280, time: 0.001) pos_err: 7.530 ori_err: 38.622 reproj_err: 617.467 
saving the model at the end of epoch 2090, iters 2675200
End of epoch 2090 / 4000 	 Time Taken: 11 sec
learning rate = 0.0001000
End of epoch 2091 / 4000 	 Time Taken: 10 sec
learning rate = 0.0001000
(epoch: 2092, iters: 320, time: 0.003) pos_err: 12.477 ori_err: 48.036 reproj_err: 1003.659 
End of epoch 2092 / 4000 	 Time Taken: 9 sec
learning rate = 0.0001000
(epoch: 2093, iters: 640, time: 0.002) pos_err: 12.640 ori_err: 46.158 reproj_err: 2709.228 
End of epoch 2093 / 4000 	 Time Taken: 10 sec
learning rate = 0.0001000
(epoch: 2094, iters: 960, time: 0.002) pos_err: 13.819 ori_err: 41.164 reproj_err: 1392.053 
End of epoch 2094 / 4000 	 Time Taken: 10 sec
learning rate = 0.0001000
(epoch: 2095, iters: 1280, time: 0.001) pos_err: 8.216 ori_err: 46.757 reproj_err: 1497.910 
End of epoch 2095 / 4000 	 Time Taken: 9 sec
learning rate = 0.0001000
End of epoch 2096 / 4000 	 Time Taken: 9 sec
learning rate = 0.0001000
(epoch: 2097, iters: 320, time: 0.002) pos_err: 13.451 ori_err: 41.438 reproj_err: 2503.063 
End of epoch 2097 / 4000 	 Time Taken: 9 sec
learning rate = 0.0001000
(epoch: 2098, iters: 640, time: 0.002) pos_err: 12.229 ori_err: 42.031 reproj_err: 774.494 
End of epoch 2098 / 4000 	 Time Taken: 9 sec
learning rate = 0.0001000
(epoch: 2099, iters: 960, time: 0.002) pos_err: 12.126 ori_err: 46.851 reproj_err: 850.618 
End of epoch 2099 / 4000 	 Time Taken: 10 sec
learning rate = 0.0001000
(epoch: 2100, iters: 1280, time: 0.001) pos_err: 17.155 ori_err: 37.482 reproj_err: 3129.745 
saving the model at the end of epoch 2100, iters 2688000
End of epoch 2100 / 4000 	 Time Taken: 10 sec
learning rate = 0.0001000
End of epoch 2101 / 4000 	 Time Taken: 10 sec
learning rate = 0.0001000
(epoch: 2102, iters: 320, time: 0.002) pos_err: 12.554 ori_err: 43.209 reproj_err: 1125.020 
End of epoch 2102 / 4000 	 Time Taken: 9 sec
learning rate = 0.0001000
(epoch: 2103, iters: 640, time: 0.002) pos_err: 13.003 ori_err: 43.377 reproj_err: 1728.227 
End of epoch 2103 / 4000 	 Time Taken: 10 sec
learning rate = 0.0001000
(epoch: 2104, iters: 960, time: 0.002) pos_err: 12.214 ori_err: 42.539 reproj_err: 1407.251 
End of epoch 2104 / 4000 	 Time Taken: 10 sec
learning rate = 0.0001000
(epoch: 2105, iters: 1280, time: 0.001) pos_err: 13.131 ori_err: 49.877 reproj_err: 1122.502 
End of epoch 2105 / 4000 	 Time Taken: 10 sec
learning rate = 0.0001000
End of epoch 2106 / 4000 	 Time Taken: 10 sec
learning rate = 0.0001000
(epoch: 2107, iters: 320, time: 0.002) pos_err: 12.620 ori_err: 41.306 reproj_err: 801.906 
End of epoch 2107 / 4000 	 Time Taken: 10 sec
learning rate = 0.0001000
(epoch: 2108, iters: 640, time: 0.001) pos_err: 12.163 ori_err: 44.806 reproj_err: 549.452 
End of epoch 2108 / 4000 	 Time Taken: 10 sec
learning rate = 0.0001000
(epoch: 2109, iters: 960, time: 0.002) pos_err: 12.099 ori_err: 45.217 reproj_err: 1043.158 
End of epoch 2109 / 4000 	 Time Taken: 10 sec
learning rate = 0.0001000
(epoch: 2110, iters: 1280, time: 0.002) pos_err: 12.549 ori_err: 38.782 reproj_err: 4673.665 
saving the model at the end of epoch 2110, iters 2700800
End of epoch 2110 / 4000 	 Time Taken: 10 sec
learning rate = 0.0001000
End of epoch 2111 / 4000 	 Time Taken: 10 sec
learning rate = 0.0001000
(epoch: 2112, iters: 320, time: 0.002) pos_err: 15.132 ori_err: 45.505 reproj_err: 1994.852 
End of epoch 2112 / 4000 	 Time Taken: 10 sec
learning rate = 0.0001000
(epoch: 2113, iters: 640, time: 0.002) pos_err: 11.469 ori_err: 41.336 reproj_err: 2169.841 
End of epoch 2113 / 4000 	 Time Taken: 11 sec
learning rate = 0.0001000
(epoch: 2114, iters: 960, time: 0.002) pos_err: 11.795 ori_err: 40.543 reproj_err: 1273.375 
End of epoch 2114 / 4000 	 Time Taken: 11 sec
learning rate = 0.0001000
(epoch: 2115, iters: 1280, time: 0.001) pos_err: 11.486 ori_err: 38.980 reproj_err: 611.462 
End of epoch 2115 / 4000 	 Time Taken: 9 sec
learning rate = 0.0001000
End of epoch 2116 / 4000 	 Time Taken: 11 sec
learning rate = 0.0001000
(epoch: 2117, iters: 320, time: 0.002) pos_err: 12.946 ori_err: 47.034 reproj_err: 713.214 
End of epoch 2117 / 4000 	 Time Taken: 10 sec
learning rate = 0.0001000
(epoch: 2118, iters: 640, time: 0.001) pos_err: 12.415 ori_err: 46.159 reproj_err: 944.942 
End of epoch 2118 / 4000 	 Time Taken: 10 sec
learning rate = 0.0001000
(epoch: 2119, iters: 960, time: 0.002) pos_err: 14.483 ori_err: 41.357 reproj_err: 2139.879 
End of epoch 2119 / 4000 	 Time Taken: 10 sec
learning rate = 0.0001000
(epoch: 2120, iters: 1280, time: 0.001) pos_err: 11.176 ori_err: 41.380 reproj_err: 337.830 
saving the model at the end of epoch 2120, iters 2713600
End of epoch 2120 / 4000 	 Time Taken: 11 sec
learning rate = 0.0001000
End of epoch 2121 / 4000 	 Time Taken: 10 sec
learning rate = 0.0001000
(epoch: 2122, iters: 320, time: 0.002) pos_err: 11.801 ori_err: 47.976 reproj_err: 2019.332 
End of epoch 2122 / 4000 	 Time Taken: 9 sec
learning rate = 0.0001000
(epoch: 2123, iters: 640, time: 0.002) pos_err: 13.789 ori_err: 41.008 reproj_err: 2366.305 
End of epoch 2123 / 4000 	 Time Taken: 10 sec
learning rate = 0.0001000
(epoch: 2124, iters: 960, time: 0.002) pos_err: 13.228 ori_err: 43.237 reproj_err: 1516.520 
End of epoch 2124 / 4000 	 Time Taken: 11 sec
learning rate = 0.0001000
(epoch: 2125, iters: 1280, time: 0.001) pos_err: 13.314 ori_err: 34.535 reproj_err: 4659.929 
End of epoch 2125 / 4000 	 Time Taken: 9 sec
learning rate = 0.0001000
End of epoch 2126 / 4000 	 Time Taken: 10 sec
learning rate = 0.0001000
(epoch: 2127, iters: 320, time: 0.003) pos_err: 11.971 ori_err: 44.793 reproj_err: 1427.762 
End of epoch 2127 / 4000 	 Time Taken: 10 sec
learning rate = 0.0001000
(epoch: 2128, iters: 640, time: 0.001) pos_err: 12.741 ori_err: 44.748 reproj_err: 2121.194 
End of epoch 2128 / 4000 	 Time Taken: 10 sec
learning rate = 0.0001000
(epoch: 2129, iters: 960, time: 0.002) pos_err: 11.485 ori_err: 41.580 reproj_err: 2036.175 
End of epoch 2129 / 4000 	 Time Taken: 9 sec
learning rate = 0.0001000
(epoch: 2130, iters: 1280, time: 0.001) pos_err: 14.666 ori_err: 47.625 reproj_err: 419.350 
saving the model at the end of epoch 2130, iters 2726400
End of epoch 2130 / 4000 	 Time Taken: 11 sec
learning rate = 0.0001000
End of epoch 2131 / 4000 	 Time Taken: 10 sec
learning rate = 0.0001000
(epoch: 2132, iters: 320, time: 0.002) pos_err: 12.509 ori_err: 40.658 reproj_err: 1250.060 
End of epoch 2132 / 4000 	 Time Taken: 10 sec
learning rate = 0.0001000
(epoch: 2133, iters: 640, time: 0.001) pos_err: 12.125 ori_err: 48.491 reproj_err: 1280.199 
End of epoch 2133 / 4000 	 Time Taken: 11 sec
learning rate = 0.0001000
(epoch: 2134, iters: 960, time: 0.002) pos_err: 12.336 ori_err: 45.938 reproj_err: 2112.193 
End of epoch 2134 / 4000 	 Time Taken: 9 sec
learning rate = 0.0001000
(epoch: 2135, iters: 1280, time: 0.001) pos_err: 25.854 ori_err: 55.655 reproj_err: 3726.893 
End of epoch 2135 / 4000 	 Time Taken: 10 sec
learning rate = 0.0001000
End of epoch 2136 / 4000 	 Time Taken: 11 sec
learning rate = 0.0001000
(epoch: 2137, iters: 320, time: 0.002) pos_err: 14.448 ori_err: 42.383 reproj_err: 3083.097 
End of epoch 2137 / 4000 	 Time Taken: 10 sec
learning rate = 0.0001000
(epoch: 2138, iters: 640, time: 0.002) pos_err: 14.084 ori_err: 47.328 reproj_err: 1072.410 
End of epoch 2138 / 4000 	 Time Taken: 10 sec
learning rate = 0.0001000
(epoch: 2139, iters: 960, time: 0.002) pos_err: 12.575 ori_err: 44.014 reproj_err: 696.691 
End of epoch 2139 / 4000 	 Time Taken: 10 sec
learning rate = 0.0001000
(epoch: 2140, iters: 1280, time: 0.001) pos_err: 12.921 ori_err: 39.126 reproj_err: 868.454 
saving the model at the end of epoch 2140, iters 2739200
End of epoch 2140 / 4000 	 Time Taken: 10 sec
learning rate = 0.0001000
End of epoch 2141 / 4000 	 Time Taken: 10 sec
learning rate = 0.0001000
(epoch: 2142, iters: 320, time: 0.002) pos_err: 12.891 ori_err: 47.290 reproj_err: 2652.979 
End of epoch 2142 / 4000 	 Time Taken: 11 sec
learning rate = 0.0001000
(epoch: 2143, iters: 640, time: 0.001) pos_err: 13.952 ori_err: 46.143 reproj_err: 1588.857 
End of epoch 2143 / 4000 	 Time Taken: 10 sec
learning rate = 0.0001000
(epoch: 2144, iters: 960, time: 0.002) pos_err: 12.676 ori_err: 42.443 reproj_err: 1055.852 
End of epoch 2144 / 4000 	 Time Taken: 9 sec
learning rate = 0.0001000
(epoch: 2145, iters: 1280, time: 0.002) pos_err: 6.902 ori_err: 43.312 reproj_err: 124.168 
End of epoch 2145 / 4000 	 Time Taken: 10 sec
learning rate = 0.0001000
End of epoch 2146 / 4000 	 Time Taken: 10 sec
learning rate = 0.0001000
(epoch: 2147, iters: 320, time: 0.002) pos_err: 13.896 ori_err: 45.914 reproj_err: 1701.249 
End of epoch 2147 / 4000 	 Time Taken: 11 sec
learning rate = 0.0001000
(epoch: 2148, iters: 640, time: 0.002) pos_err: 12.479 ori_err: 42.833 reproj_err: 1862.992 
End of epoch 2148 / 4000 	 Time Taken: 10 sec
learning rate = 0.0001000
(epoch: 2149, iters: 960, time: 0.002) pos_err: 12.068 ori_err: 44.320 reproj_err: 704.609 
End of epoch 2149 / 4000 	 Time Taken: 10 sec
learning rate = 0.0001000
(epoch: 2150, iters: 1280, time: 0.001) pos_err: 14.904 ori_err: 43.816 reproj_err: 2898.063 
saving the model at the end of epoch 2150, iters 2752000
End of epoch 2150 / 4000 	 Time Taken: 11 sec
learning rate = 0.0001000
End of epoch 2151 / 4000 	 Time Taken: 11 sec
learning rate = 0.0001000
(epoch: 2152, iters: 320, time: 0.002) pos_err: 13.071 ori_err: 41.493 reproj_err: 1129.664 
End of epoch 2152 / 4000 	 Time Taken: 10 sec
learning rate = 0.0001000
(epoch: 2153, iters: 640, time: 0.002) pos_err: 12.796 ori_err: 43.679 reproj_err: 2752.136 
End of epoch 2153 / 4000 	 Time Taken: 10 sec
learning rate = 0.0001000
(epoch: 2154, iters: 960, time: 0.001) pos_err: 13.796 ori_err: 41.989 reproj_err: 2234.244 
End of epoch 2154 / 4000 	 Time Taken: 10 sec
learning rate = 0.0001000
(epoch: 2155, iters: 1280, time: 0.001) pos_err: 7.925 ori_err: 44.156 reproj_err: 107.552 
End of epoch 2155 / 4000 	 Time Taken: 10 sec
learning rate = 0.0001000
End of epoch 2156 / 4000 	 Time Taken: 10 sec
learning rate = 0.0001000
(epoch: 2157, iters: 320, time: 0.002) pos_err: 12.627 ori_err: 40.022 reproj_err: 2042.254 
End of epoch 2157 / 4000 	 Time Taken: 10 sec
learning rate = 0.0001000
(epoch: 2158, iters: 640, time: 0.002) pos_err: 10.933 ori_err: 40.580 reproj_err: 1430.959 
End of epoch 2158 / 4000 	 Time Taken: 11 sec
learning rate = 0.0001000
(epoch: 2159, iters: 960, time: 0.002) pos_err: 13.834 ori_err: 42.951 reproj_err: 2138.482 
End of epoch 2159 / 4000 	 Time Taken: 10 sec
learning rate = 0.0001000
(epoch: 2160, iters: 1280, time: 0.002) pos_err: 14.541 ori_err: 33.260 reproj_err: 324.562 
saving the model at the end of epoch 2160, iters 2764800
End of epoch 2160 / 4000 	 Time Taken: 11 sec
learning rate = 0.0001000
End of epoch 2161 / 4000 	 Time Taken: 10 sec
learning rate = 0.0001000
(epoch: 2162, iters: 320, time: 0.002) pos_err: 13.296 ori_err: 41.472 reproj_err: 2293.290 
End of epoch 2162 / 4000 	 Time Taken: 11 sec
learning rate = 0.0001000
(epoch: 2163, iters: 640, time: 0.001) pos_err: 11.714 ori_err: 43.698 reproj_err: 892.981 
End of epoch 2163 / 4000 	 Time Taken: 11 sec
learning rate = 0.0001000
(epoch: 2164, iters: 960, time: 0.002) pos_err: 11.754 ori_err: 41.311 reproj_err: 802.504 
End of epoch 2164 / 4000 	 Time Taken: 9 sec
learning rate = 0.0001000
(epoch: 2165, iters: 1280, time: 0.001) pos_err: 10.920 ori_err: 61.653 reproj_err: 1589.498 
End of epoch 2165 / 4000 	 Time Taken: 11 sec
learning rate = 0.0001000
End of epoch 2166 / 4000 	 Time Taken: 10 sec
learning rate = 0.0001000
(epoch: 2167, iters: 320, time: 0.003) pos_err: 13.701 ori_err: 44.130 reproj_err: 1663.988 
End of epoch 2167 / 4000 	 Time Taken: 10 sec
learning rate = 0.0001000
(epoch: 2168, iters: 640, time: 0.001) pos_err: 12.771 ori_err: 46.322 reproj_err: 1769.215 
End of epoch 2168 / 4000 	 Time Taken: 10 sec
learning rate = 0.0001000
(epoch: 2169, iters: 960, time: 0.001) pos_err: 13.956 ori_err: 43.275 reproj_err: 1712.328 
End of epoch 2169 / 4000 	 Time Taken: 11 sec
learning rate = 0.0001000
(epoch: 2170, iters: 1280, time: 0.001) pos_err: 8.887 ori_err: 40.428 reproj_err: 245.635 
saving the model at the end of epoch 2170, iters 2777600
End of epoch 2170 / 4000 	 Time Taken: 10 sec
learning rate = 0.0001000
End of epoch 2171 / 4000 	 Time Taken: 10 sec
learning rate = 0.0001000
(epoch: 2172, iters: 320, time: 0.003) pos_err: 11.406 ori_err: 47.679 reproj_err: 1339.806 
End of epoch 2172 / 4000 	 Time Taken: 10 sec
learning rate = 0.0001000
(epoch: 2173, iters: 640, time: 0.001) pos_err: 12.752 ori_err: 45.020 reproj_err: 1248.276 
End of epoch 2173 / 4000 	 Time Taken: 9 sec
learning rate = 0.0001000
(epoch: 2174, iters: 960, time: 0.002) pos_err: 13.087 ori_err: 48.859 reproj_err: 2716.951 
End of epoch 2174 / 4000 	 Time Taken: 11 sec
learning rate = 0.0001000
(epoch: 2175, iters: 1280, time: 0.001) pos_err: 18.429 ori_err: 39.668 reproj_err: 340.137 
End of epoch 2175 / 4000 	 Time Taken: 10 sec
learning rate = 0.0001000
End of epoch 2176 / 4000 	 Time Taken: 9 sec
learning rate = 0.0001000
(epoch: 2177, iters: 320, time: 0.002) pos_err: 12.970 ori_err: 45.434 reproj_err: 1676.174 
End of epoch 2177 / 4000 	 Time Taken: 10 sec
learning rate = 0.0001000
(epoch: 2178, iters: 640, time: 0.001) pos_err: 12.875 ori_err: 42.503 reproj_err: 934.050 
End of epoch 2178 / 4000 	 Time Taken: 11 sec
learning rate = 0.0001000
(epoch: 2179, iters: 960, time: 0.002) pos_err: 13.845 ori_err: 41.519 reproj_err: 1943.650 
End of epoch 2179 / 4000 	 Time Taken: 11 sec
learning rate = 0.0001000
(epoch: 2180, iters: 1280, time: 0.001) pos_err: 9.879 ori_err: 41.953 reproj_err: 268.417 
saving the model at the end of epoch 2180, iters 2790400
End of epoch 2180 / 4000 	 Time Taken: 11 sec
learning rate = 0.0001000
End of epoch 2181 / 4000 	 Time Taken: 10 sec
learning rate = 0.0001000
(epoch: 2182, iters: 320, time: 0.003) pos_err: 11.860 ori_err: 44.515 reproj_err: 1810.240 
End of epoch 2182 / 4000 	 Time Taken: 10 sec
learning rate = 0.0001000
(epoch: 2183, iters: 640, time: 0.002) pos_err: 12.976 ori_err: 45.621 reproj_err: 1418.029 
End of epoch 2183 / 4000 	 Time Taken: 10 sec
learning rate = 0.0001000
(epoch: 2184, iters: 960, time: 0.001) pos_err: 12.656 ori_err: 43.286 reproj_err: 1285.205 
End of epoch 2184 / 4000 	 Time Taken: 9 sec
learning rate = 0.0001000
(epoch: 2185, iters: 1280, time: 0.002) pos_err: 7.940 ori_err: 54.828 reproj_err: 146.138 
End of epoch 2185 / 4000 	 Time Taken: 9 sec
learning rate = 0.0001000
End of epoch 2186 / 4000 	 Time Taken: 10 sec
learning rate = 0.0001000
(epoch: 2187, iters: 320, time: 0.002) pos_err: 10.880 ori_err: 41.915 reproj_err: 1722.984 
End of epoch 2187 / 4000 	 Time Taken: 10 sec
learning rate = 0.0001000
(epoch: 2188, iters: 640, time: 0.002) pos_err: 13.268 ori_err: 41.744 reproj_err: 1099.343 
End of epoch 2188 / 4000 	 Time Taken: 12 sec
learning rate = 0.0001000
(epoch: 2189, iters: 960, time: 0.002) pos_err: 12.354 ori_err: 40.722 reproj_err: 1459.146 
End of epoch 2189 / 4000 	 Time Taken: 10 sec
learning rate = 0.0001000
(epoch: 2190, iters: 1280, time: 0.001) pos_err: 8.039 ori_err: 41.524 reproj_err: 150.524 
saving the model at the end of epoch 2190, iters 2803200
End of epoch 2190 / 4000 	 Time Taken: 10 sec
learning rate = 0.0001000
End of epoch 2191 / 4000 	 Time Taken: 10 sec
learning rate = 0.0001000
(epoch: 2192, iters: 320, time: 0.002) pos_err: 12.146 ori_err: 44.610 reproj_err: 1461.430 
End of epoch 2192 / 4000 	 Time Taken: 9 sec
learning rate = 0.0001000
(epoch: 2193, iters: 640, time: 0.001) pos_err: 14.670 ori_err: 43.042 reproj_err: 1695.930 
End of epoch 2193 / 4000 	 Time Taken: 9 sec
learning rate = 0.0001000
(epoch: 2194, iters: 960, time: 0.002) pos_err: 15.196 ori_err: 48.615 reproj_err: 2410.139 
End of epoch 2194 / 4000 	 Time Taken: 10 sec
learning rate = 0.0001000
(epoch: 2195, iters: 1280, time: 0.001) pos_err: 16.517 ori_err: 31.201 reproj_err: 8587.979 
End of epoch 2195 / 4000 	 Time Taken: 10 sec
learning rate = 0.0001000
End of epoch 2196 / 4000 	 Time Taken: 9 sec
learning rate = 0.0001000
(epoch: 2197, iters: 320, time: 0.002) pos_err: 10.239 ori_err: 43.383 reproj_err: 744.322 
End of epoch 2197 / 4000 	 Time Taken: 10 sec
learning rate = 0.0001000
(epoch: 2198, iters: 640, time: 0.002) pos_err: 13.614 ori_err: 43.738 reproj_err: 1748.204 
End of epoch 2198 / 4000 	 Time Taken: 9 sec
learning rate = 0.0001000
(epoch: 2199, iters: 960, time: 0.002) pos_err: 12.645 ori_err: 40.678 reproj_err: 827.099 
End of epoch 2199 / 4000 	 Time Taken: 10 sec
learning rate = 0.0001000
(epoch: 2200, iters: 1280, time: 0.001) pos_err: 5.966 ori_err: 33.342 reproj_err: 89.926 
saving the model at the end of epoch 2200, iters 2816000
End of epoch 2200 / 4000 	 Time Taken: 10 sec
learning rate = 0.0001000
End of epoch 2201 / 4000 	 Time Taken: 11 sec
learning rate = 0.0001000
(epoch: 2202, iters: 320, time: 0.002) pos_err: 12.407 ori_err: 40.022 reproj_err: 1490.366 
End of epoch 2202 / 4000 	 Time Taken: 10 sec
learning rate = 0.0001000
(epoch: 2203, iters: 640, time: 0.001) pos_err: 13.266 ori_err: 43.298 reproj_err: 1946.998 
End of epoch 2203 / 4000 	 Time Taken: 9 sec
learning rate = 0.0001000
(epoch: 2204, iters: 960, time: 0.002) pos_err: 10.858 ori_err: 41.359 reproj_err: 798.505 
End of epoch 2204 / 4000 	 Time Taken: 9 sec
learning rate = 0.0001000
(epoch: 2205, iters: 1280, time: 0.001) pos_err: 14.844 ori_err: 39.026 reproj_err: 215.590 
End of epoch 2205 / 4000 	 Time Taken: 10 sec
learning rate = 0.0001000
End of epoch 2206 / 4000 	 Time Taken: 10 sec
learning rate = 0.0001000
(epoch: 2207, iters: 320, time: 0.002) pos_err: 12.186 ori_err: 44.606 reproj_err: 2144.828 
End of epoch 2207 / 4000 	 Time Taken: 10 sec
learning rate = 0.0001000
(epoch: 2208, iters: 640, time: 0.001) pos_err: 12.998 ori_err: 44.588 reproj_err: 2768.669 
End of epoch 2208 / 4000 	 Time Taken: 10 sec
learning rate = 0.0001000
(epoch: 2209, iters: 960, time: 0.002) pos_err: 12.205 ori_err: 43.158 reproj_err: 1391.548 
End of epoch 2209 / 4000 	 Time Taken: 9 sec
learning rate = 0.0001000
(epoch: 2210, iters: 1280, time: 0.001) pos_err: 15.171 ori_err: 37.755 reproj_err: 172.146 
saving the model at the end of epoch 2210, iters 2828800
End of epoch 2210 / 4000 	 Time Taken: 10 sec
learning rate = 0.0001000
End of epoch 2211 / 4000 	 Time Taken: 10 sec
learning rate = 0.0001000
(epoch: 2212, iters: 320, time: 0.003) pos_err: 12.837 ori_err: 44.445 reproj_err: 1807.303 
End of epoch 2212 / 4000 	 Time Taken: 9 sec
learning rate = 0.0001000
(epoch: 2213, iters: 640, time: 0.001) pos_err: 13.571 ori_err: 41.018 reproj_err: 1370.157 
End of epoch 2213 / 4000 	 Time Taken: 10 sec
learning rate = 0.0001000
(epoch: 2214, iters: 960, time: 0.002) pos_err: 11.525 ori_err: 48.055 reproj_err: 2287.155 
End of epoch 2214 / 4000 	 Time Taken: 9 sec
learning rate = 0.0001000
(epoch: 2215, iters: 1280, time: 0.001) pos_err: 9.984 ori_err: 40.005 reproj_err: 151.508 
End of epoch 2215 / 4000 	 Time Taken: 9 sec
learning rate = 0.0001000
End of epoch 2216 / 4000 	 Time Taken: 9 sec
learning rate = 0.0001000
(epoch: 2217, iters: 320, time: 0.001) pos_err: 12.051 ori_err: 42.222 reproj_err: 1450.082 
End of epoch 2217 / 4000 	 Time Taken: 10 sec
learning rate = 0.0001000
(epoch: 2218, iters: 640, time: 0.001) pos_err: 13.483 ori_err: 46.282 reproj_err: 1112.257 
End of epoch 2218 / 4000 	 Time Taken: 10 sec
learning rate = 0.0001000
(epoch: 2219, iters: 960, time: 0.002) pos_err: 13.288 ori_err: 42.136 reproj_err: 689.963 
End of epoch 2219 / 4000 	 Time Taken: 10 sec
learning rate = 0.0001000
(epoch: 2220, iters: 1280, time: 0.001) pos_err: 13.626 ori_err: 39.424 reproj_err: 178.827 
saving the model at the end of epoch 2220, iters 2841600
End of epoch 2220 / 4000 	 Time Taken: 10 sec
learning rate = 0.0001000
End of epoch 2221 / 4000 	 Time Taken: 10 sec
learning rate = 0.0001000
(epoch: 2222, iters: 320, time: 0.002) pos_err: 12.485 ori_err: 42.503 reproj_err: 1556.872 
End of epoch 2222 / 4000 	 Time Taken: 10 sec
learning rate = 0.0001000
(epoch: 2223, iters: 640, time: 0.002) pos_err: 11.836 ori_err: 40.698 reproj_err: 1861.763 
End of epoch 2223 / 4000 	 Time Taken: 9 sec
learning rate = 0.0001000
(epoch: 2224, iters: 960, time: 0.002) pos_err: 14.047 ori_err: 41.831 reproj_err: 2000.129 
End of epoch 2224 / 4000 	 Time Taken: 10 sec
learning rate = 0.0001000
(epoch: 2225, iters: 1280, time: 0.001) pos_err: 10.234 ori_err: 35.173 reproj_err: 214.488 
End of epoch 2225 / 4000 	 Time Taken: 9 sec
learning rate = 0.0001000
End of epoch 2226 / 4000 	 Time Taken: 11 sec
learning rate = 0.0001000
(epoch: 2227, iters: 320, time: 0.002) pos_err: 11.814 ori_err: 44.282 reproj_err: 1966.804 
End of epoch 2227 / 4000 	 Time Taken: 10 sec
learning rate = 0.0001000
(epoch: 2228, iters: 640, time: 0.002) pos_err: 13.081 ori_err: 44.888 reproj_err: 1059.953 
End of epoch 2228 / 4000 	 Time Taken: 9 sec
learning rate = 0.0001000
(epoch: 2229, iters: 960, time: 0.002) pos_err: 13.202 ori_err: 42.460 reproj_err: 1109.146 
End of epoch 2229 / 4000 	 Time Taken: 9 sec
learning rate = 0.0001000
(epoch: 2230, iters: 1280, time: 0.001) pos_err: 14.466 ori_err: 43.516 reproj_err: 886.766 
saving the model at the end of epoch 2230, iters 2854400
End of epoch 2230 / 4000 	 Time Taken: 10 sec
learning rate = 0.0001000
End of epoch 2231 / 4000 	 Time Taken: 10 sec
learning rate = 0.0001000
(epoch: 2232, iters: 320, time: 0.002) pos_err: 12.455 ori_err: 42.562 reproj_err: 1164.585 
End of epoch 2232 / 4000 	 Time Taken: 10 sec
learning rate = 0.0001000
(epoch: 2233, iters: 640, time: 0.001) pos_err: 13.548 ori_err: 43.335 reproj_err: 1469.438 
End of epoch 2233 / 4000 	 Time Taken: 10 sec
learning rate = 0.0001000
(epoch: 2234, iters: 960, time: 0.002) pos_err: 13.924 ori_err: 43.268 reproj_err: 3014.323 
End of epoch 2234 / 4000 	 Time Taken: 9 sec
learning rate = 0.0001000
(epoch: 2235, iters: 1280, time: 0.002) pos_err: 18.781 ori_err: 49.418 reproj_err: 373.817 
End of epoch 2235 / 4000 	 Time Taken: 10 sec
learning rate = 0.0001000
End of epoch 2236 / 4000 	 Time Taken: 10 sec
learning rate = 0.0001000
(epoch: 2237, iters: 320, time: 0.002) pos_err: 11.137 ori_err: 48.063 reproj_err: 1105.407 
End of epoch 2237 / 4000 	 Time Taken: 9 sec
learning rate = 0.0001000
(epoch: 2238, iters: 640, time: 0.002) pos_err: 13.254 ori_err: 47.799 reproj_err: 1994.181 
End of epoch 2238 / 4000 	 Time Taken: 10 sec
learning rate = 0.0001000
(epoch: 2239, iters: 960, time: 0.002) pos_err: 11.451 ori_err: 44.175 reproj_err: 1239.814 
End of epoch 2239 / 4000 	 Time Taken: 11 sec
learning rate = 0.0001000
(epoch: 2240, iters: 1280, time: 0.001) pos_err: 12.185 ori_err: 33.610 reproj_err: 480.960 
saving the model at the end of epoch 2240, iters 2867200
End of epoch 2240 / 4000 	 Time Taken: 11 sec
learning rate = 0.0001000
End of epoch 2241 / 4000 	 Time Taken: 11 sec
learning rate = 0.0001000
(epoch: 2242, iters: 320, time: 0.002) pos_err: 11.924 ori_err: 45.087 reproj_err: 1365.360 
End of epoch 2242 / 4000 	 Time Taken: 10 sec
learning rate = 0.0001000
(epoch: 2243, iters: 640, time: 0.002) pos_err: 12.719 ori_err: 42.594 reproj_err: 1642.110 
End of epoch 2243 / 4000 	 Time Taken: 11 sec
learning rate = 0.0001000
(epoch: 2244, iters: 960, time: 0.002) pos_err: 13.853 ori_err: 45.155 reproj_err: 1928.681 
End of epoch 2244 / 4000 	 Time Taken: 9 sec
learning rate = 0.0001000
(epoch: 2245, iters: 1280, time: 0.001) pos_err: 17.840 ori_err: 39.877 reproj_err: 534.119 
End of epoch 2245 / 4000 	 Time Taken: 10 sec
learning rate = 0.0001000
End of epoch 2246 / 4000 	 Time Taken: 10 sec
learning rate = 0.0001000
(epoch: 2247, iters: 320, time: 0.002) pos_err: 11.079 ori_err: 45.313 reproj_err: 640.350 
End of epoch 2247 / 4000 	 Time Taken: 10 sec
learning rate = 0.0001000
(epoch: 2248, iters: 640, time: 0.002) pos_err: 12.069 ori_err: 42.201 reproj_err: 1518.814 
End of epoch 2248 / 4000 	 Time Taken: 10 sec
learning rate = 0.0001000
(epoch: 2249, iters: 960, time: 0.002) pos_err: 13.085 ori_err: 44.387 reproj_err: 746.729 
End of epoch 2249 / 4000 	 Time Taken: 10 sec
learning rate = 0.0001000
(epoch: 2250, iters: 1280, time: 0.001) pos_err: 20.517 ori_err: 37.953 reproj_err: 12005.642 
saving the model at the end of epoch 2250, iters 2880000
End of epoch 2250 / 4000 	 Time Taken: 10 sec
learning rate = 0.0001000
End of epoch 2251 / 4000 	 Time Taken: 9 sec
learning rate = 0.0001000
(epoch: 2252, iters: 320, time: 0.002) pos_err: 13.003 ori_err: 45.782 reproj_err: 2021.773 
End of epoch 2252 / 4000 	 Time Taken: 10 sec
learning rate = 0.0001000
(epoch: 2253, iters: 640, time: 0.001) pos_err: 13.696 ori_err: 42.427 reproj_err: 1130.251 
End of epoch 2253 / 4000 	 Time Taken: 10 sec
learning rate = 0.0001000
(epoch: 2254, iters: 960, time: 0.002) pos_err: 13.257 ori_err: 47.101 reproj_err: 2872.802 
End of epoch 2254 / 4000 	 Time Taken: 10 sec
learning rate = 0.0001000
(epoch: 2255, iters: 1280, time: 0.001) pos_err: 10.289 ori_err: 50.213 reproj_err: 231.720 
End of epoch 2255 / 4000 	 Time Taken: 9 sec
learning rate = 0.0001000
End of epoch 2256 / 4000 	 Time Taken: 10 sec
learning rate = 0.0001000
(epoch: 2257, iters: 320, time: 0.003) pos_err: 14.001 ori_err: 44.882 reproj_err: 2400.899 
End of epoch 2257 / 4000 	 Time Taken: 10 sec
learning rate = 0.0001000
(epoch: 2258, iters: 640, time: 0.001) pos_err: 13.083 ori_err: 43.760 reproj_err: 1257.209 
End of epoch 2258 / 4000 	 Time Taken: 9 sec
learning rate = 0.0001000
(epoch: 2259, iters: 960, time: 0.002) pos_err: 12.855 ori_err: 44.866 reproj_err: 2367.369 
End of epoch 2259 / 4000 	 Time Taken: 10 sec
learning rate = 0.0001000
(epoch: 2260, iters: 1280, time: 0.001) pos_err: 13.728 ori_err: 31.757 reproj_err: 432.685 
saving the model at the end of epoch 2260, iters 2892800
End of epoch 2260 / 4000 	 Time Taken: 10 sec
learning rate = 0.0001000
End of epoch 2261 / 4000 	 Time Taken: 10 sec
learning rate = 0.0001000
(epoch: 2262, iters: 320, time: 0.002) pos_err: 12.829 ori_err: 42.321 reproj_err: 2168.224 
End of epoch 2262 / 4000 	 Time Taken: 10 sec
learning rate = 0.0001000
(epoch: 2263, iters: 640, time: 0.001) pos_err: 13.056 ori_err: 43.035 reproj_err: 1569.005 
End of epoch 2263 / 4000 	 Time Taken: 11 sec
learning rate = 0.0001000
(epoch: 2264, iters: 960, time: 0.002) pos_err: 11.786 ori_err: 45.006 reproj_err: 1298.059 
End of epoch 2264 / 4000 	 Time Taken: 9 sec
learning rate = 0.0001000
(epoch: 2265, iters: 1280, time: 0.001) pos_err: 9.578 ori_err: 46.453 reproj_err: 566.491 
End of epoch 2265 / 4000 	 Time Taken: 9 sec
learning rate = 0.0001000
End of epoch 2266 / 4000 	 Time Taken: 11 sec
learning rate = 0.0001000
(epoch: 2267, iters: 320, time: 0.002) pos_err: 13.913 ori_err: 42.604 reproj_err: 2337.363 
End of epoch 2267 / 4000 	 Time Taken: 10 sec
learning rate = 0.0001000
(epoch: 2268, iters: 640, time: 0.001) pos_err: 12.109 ori_err: 46.898 reproj_err: 953.341 
End of epoch 2268 / 4000 	 Time Taken: 10 sec
learning rate = 0.0001000
(epoch: 2269, iters: 960, time: 0.002) pos_err: 12.311 ori_err: 43.853 reproj_err: 905.148 
End of epoch 2269 / 4000 	 Time Taken: 10 sec
learning rate = 0.0001000
(epoch: 2270, iters: 1280, time: 0.002) pos_err: 5.550 ori_err: 35.826 reproj_err: 113.923 
saving the model at the end of epoch 2270, iters 2905600
End of epoch 2270 / 4000 	 Time Taken: 11 sec
learning rate = 0.0001000
End of epoch 2271 / 4000 	 Time Taken: 10 sec
learning rate = 0.0001000
(epoch: 2272, iters: 320, time: 0.002) pos_err: 13.485 ori_err: 41.988 reproj_err: 2227.996 
End of epoch 2272 / 4000 	 Time Taken: 10 sec
learning rate = 0.0001000
(epoch: 2273, iters: 640, time: 0.002) pos_err: 14.005 ori_err: 41.911 reproj_err: 1643.291 
End of epoch 2273 / 4000 	 Time Taken: 10 sec
learning rate = 0.0001000
(epoch: 2274, iters: 960, time: 0.002) pos_err: 12.750 ori_err: 42.733 reproj_err: 767.093 
End of epoch 2274 / 4000 	 Time Taken: 10 sec
learning rate = 0.0001000
(epoch: 2275, iters: 1280, time: 0.001) pos_err: 16.071 ori_err: 47.751 reproj_err: 2050.416 
End of epoch 2275 / 4000 	 Time Taken: 10 sec
learning rate = 0.0001000
End of epoch 2276 / 4000 	 Time Taken: 10 sec
learning rate = 0.0001000
(epoch: 2277, iters: 320, time: 0.002) pos_err: 12.618 ori_err: 43.618 reproj_err: 1732.155 
End of epoch 2277 / 4000 	 Time Taken: 10 sec
learning rate = 0.0001000
(epoch: 2278, iters: 640, time: 0.002) pos_err: 12.615 ori_err: 44.804 reproj_err: 2039.114 
End of epoch 2278 / 4000 	 Time Taken: 10 sec
learning rate = 0.0001000
(epoch: 2279, iters: 960, time: 0.002) pos_err: 12.533 ori_err: 41.343 reproj_err: 1357.178 
End of epoch 2279 / 4000 	 Time Taken: 10 sec
learning rate = 0.0001000
(epoch: 2280, iters: 1280, time: 0.001) pos_err: 11.583 ori_err: 42.887 reproj_err: 409.583 
saving the model at the end of epoch 2280, iters 2918400
End of epoch 2280 / 4000 	 Time Taken: 10 sec
learning rate = 0.0001000
End of epoch 2281 / 4000 	 Time Taken: 10 sec
learning rate = 0.0001000
(epoch: 2282, iters: 320, time: 0.003) pos_err: 11.623 ori_err: 44.803 reproj_err: 1945.476 
End of epoch 2282 / 4000 	 Time Taken: 10 sec
learning rate = 0.0001000
(epoch: 2283, iters: 640, time: 0.002) pos_err: 12.217 ori_err: 40.563 reproj_err: 1540.324 
End of epoch 2283 / 4000 	 Time Taken: 9 sec
learning rate = 0.0001000
(epoch: 2284, iters: 960, time: 0.002) pos_err: 13.192 ori_err: 41.459 reproj_err: 1386.551 
End of epoch 2284 / 4000 	 Time Taken: 10 sec
learning rate = 0.0001000
(epoch: 2285, iters: 1280, time: 0.001) pos_err: 12.324 ori_err: 47.893 reproj_err: 367.224 
End of epoch 2285 / 4000 	 Time Taken: 10 sec
learning rate = 0.0001000
End of epoch 2286 / 4000 	 Time Taken: 10 sec
learning rate = 0.0001000
(epoch: 2287, iters: 320, time: 0.003) pos_err: 12.581 ori_err: 45.381 reproj_err: 1851.578 
End of epoch 2287 / 4000 	 Time Taken: 10 sec
learning rate = 0.0001000
(epoch: 2288, iters: 640, time: 0.001) pos_err: 12.023 ori_err: 44.298 reproj_err: 1213.848 
End of epoch 2288 / 4000 	 Time Taken: 11 sec
learning rate = 0.0001000
(epoch: 2289, iters: 960, time: 0.002) pos_err: 12.635 ori_err: 41.017 reproj_err: 1156.586 
End of epoch 2289 / 4000 	 Time Taken: 11 sec
learning rate = 0.0001000
(epoch: 2290, iters: 1280, time: 0.001) pos_err: 14.838 ori_err: 29.831 reproj_err: 288.449 
saving the model at the end of epoch 2290, iters 2931200
End of epoch 2290 / 4000 	 Time Taken: 10 sec
learning rate = 0.0001000
End of epoch 2291 / 4000 	 Time Taken: 10 sec
learning rate = 0.0001000
(epoch: 2292, iters: 320, time: 0.003) pos_err: 13.024 ori_err: 46.953 reproj_err: 1653.035 
End of epoch 2292 / 4000 	 Time Taken: 9 sec
learning rate = 0.0001000
(epoch: 2293, iters: 640, time: 0.002) pos_err: 14.405 ori_err: 44.717 reproj_err: 2274.288 
End of epoch 2293 / 4000 	 Time Taken: 10 sec
learning rate = 0.0001000
(epoch: 2294, iters: 960, time: 0.002) pos_err: 12.929 ori_err: 42.893 reproj_err: 658.593 
End of epoch 2294 / 4000 	 Time Taken: 10 sec
learning rate = 0.0001000
(epoch: 2295, iters: 1280, time: 0.001) pos_err: 8.572 ori_err: 40.336 reproj_err: 216.911 
End of epoch 2295 / 4000 	 Time Taken: 11 sec
learning rate = 0.0001000
End of epoch 2296 / 4000 	 Time Taken: 10 sec
learning rate = 0.0001000
(epoch: 2297, iters: 320, time: 0.003) pos_err: 11.647 ori_err: 42.289 reproj_err: 1010.557 
End of epoch 2297 / 4000 	 Time Taken: 9 sec
learning rate = 0.0001000
(epoch: 2298, iters: 640, time: 0.002) pos_err: 11.800 ori_err: 43.856 reproj_err: 1387.349 
End of epoch 2298 / 4000 	 Time Taken: 10 sec
learning rate = 0.0001000
(epoch: 2299, iters: 960, time: 0.002) pos_err: 12.983 ori_err: 40.454 reproj_err: 1570.865 
End of epoch 2299 / 4000 	 Time Taken: 10 sec
learning rate = 0.0001000
(epoch: 2300, iters: 1280, time: 0.001) pos_err: 8.884 ori_err: 45.435 reproj_err: 179.372 
saving the model at the end of epoch 2300, iters 2944000
End of epoch 2300 / 4000 	 Time Taken: 10 sec
learning rate = 0.0001000
End of epoch 2301 / 4000 	 Time Taken: 10 sec
learning rate = 0.0001000
(epoch: 2302, iters: 320, time: 0.002) pos_err: 13.696 ori_err: 45.194 reproj_err: 1484.090 
End of epoch 2302 / 4000 	 Time Taken: 10 sec
learning rate = 0.0001000
(epoch: 2303, iters: 640, time: 0.002) pos_err: 11.943 ori_err: 48.055 reproj_err: 1241.313 
End of epoch 2303 / 4000 	 Time Taken: 10 sec
learning rate = 0.0001000
(epoch: 2304, iters: 960, time: 0.002) pos_err: 12.106 ori_err: 42.863 reproj_err: 649.337 
End of epoch 2304 / 4000 	 Time Taken: 9 sec
learning rate = 0.0001000
(epoch: 2305, iters: 1280, time: 0.001) pos_err: 10.333 ori_err: 48.750 reproj_err: 819.288 
End of epoch 2305 / 4000 	 Time Taken: 10 sec
learning rate = 0.0001000
End of epoch 2306 / 4000 	 Time Taken: 10 sec
learning rate = 0.0001000
(epoch: 2307, iters: 320, time: 0.002) pos_err: 14.016 ori_err: 43.234 reproj_err: 2172.200 
End of epoch 2307 / 4000 	 Time Taken: 10 sec
learning rate = 0.0001000
(epoch: 2308, iters: 640, time: 0.002) pos_err: 11.594 ori_err: 42.196 reproj_err: 1296.009 
End of epoch 2308 / 4000 	 Time Taken: 10 sec
learning rate = 0.0001000
(epoch: 2309, iters: 960, time: 0.002) pos_err: 11.584 ori_err: 42.902 reproj_err: 1005.883 
End of epoch 2309 / 4000 	 Time Taken: 10 sec
learning rate = 0.0001000
(epoch: 2310, iters: 1280, time: 0.001) pos_err: 14.777 ori_err: 51.172 reproj_err: 334.430 
saving the model at the end of epoch 2310, iters 2956800
End of epoch 2310 / 4000 	 Time Taken: 10 sec
learning rate = 0.0001000
End of epoch 2311 / 4000 	 Time Taken: 9 sec
learning rate = 0.0001000
(epoch: 2312, iters: 320, time: 0.002) pos_err: 15.302 ori_err: 43.167 reproj_err: 4706.660 
End of epoch 2312 / 4000 	 Time Taken: 11 sec
learning rate = 0.0001000
(epoch: 2313, iters: 640, time: 0.002) pos_err: 12.366 ori_err: 42.264 reproj_err: 1559.060 
End of epoch 2313 / 4000 	 Time Taken: 11 sec
learning rate = 0.0001000
(epoch: 2314, iters: 960, time: 0.001) pos_err: 11.835 ori_err: 42.224 reproj_err: 955.240 
End of epoch 2314 / 4000 	 Time Taken: 10 sec
learning rate = 0.0001000
(epoch: 2315, iters: 1280, time: 0.002) pos_err: 15.101 ori_err: 43.788 reproj_err: 3877.617 
End of epoch 2315 / 4000 	 Time Taken: 11 sec
learning rate = 0.0001000
End of epoch 2316 / 4000 	 Time Taken: 11 sec
learning rate = 0.0001000
(epoch: 2317, iters: 320, time: 0.002) pos_err: 12.472 ori_err: 44.604 reproj_err: 1317.913 
End of epoch 2317 / 4000 	 Time Taken: 10 sec
learning rate = 0.0001000
(epoch: 2318, iters: 640, time: 0.002) pos_err: 13.205 ori_err: 41.820 reproj_err: 3096.154 
End of epoch 2318 / 4000 	 Time Taken: 9 sec
learning rate = 0.0001000
(epoch: 2319, iters: 960, time: 0.002) pos_err: 13.697 ori_err: 41.744 reproj_err: 2000.906 
End of epoch 2319 / 4000 	 Time Taken: 10 sec
learning rate = 0.0001000
(epoch: 2320, iters: 1280, time: 0.002) pos_err: 12.303 ori_err: 55.596 reproj_err: 365.347 
saving the model at the end of epoch 2320, iters 2969600
End of epoch 2320 / 4000 	 Time Taken: 11 sec
learning rate = 0.0001000
End of epoch 2321 / 4000 	 Time Taken: 10 sec
learning rate = 0.0001000
(epoch: 2322, iters: 320, time: 0.001) pos_err: 13.492 ori_err: 45.174 reproj_err: 2952.720 
End of epoch 2322 / 4000 	 Time Taken: 10 sec
learning rate = 0.0001000
(epoch: 2323, iters: 640, time: 0.002) pos_err: 10.879 ori_err: 42.693 reproj_err: 1236.072 
End of epoch 2323 / 4000 	 Time Taken: 10 sec
learning rate = 0.0001000
(epoch: 2324, iters: 960, time: 0.002) pos_err: 12.495 ori_err: 42.393 reproj_err: 1097.170 
End of epoch 2324 / 4000 	 Time Taken: 9 sec
learning rate = 0.0001000
(epoch: 2325, iters: 1280, time: 0.001) pos_err: 6.575 ori_err: 48.032 reproj_err: 120.964 
End of epoch 2325 / 4000 	 Time Taken: 10 sec
learning rate = 0.0001000
End of epoch 2326 / 4000 	 Time Taken: 9 sec
learning rate = 0.0001000
(epoch: 2327, iters: 320, time: 0.002) pos_err: 12.639 ori_err: 45.888 reproj_err: 1527.641 
End of epoch 2327 / 4000 	 Time Taken: 10 sec
learning rate = 0.0001000
(epoch: 2328, iters: 640, time: 0.001) pos_err: 12.725 ori_err: 45.353 reproj_err: 1469.328 
End of epoch 2328 / 4000 	 Time Taken: 11 sec
learning rate = 0.0001000
(epoch: 2329, iters: 960, time: 0.002) pos_err: 12.473 ori_err: 42.867 reproj_err: 1596.359 
End of epoch 2329 / 4000 	 Time Taken: 11 sec
learning rate = 0.0001000
(epoch: 2330, iters: 1280, time: 0.001) pos_err: 15.047 ori_err: 67.275 reproj_err: 339.357 
saving the model at the end of epoch 2330, iters 2982400
End of epoch 2330 / 4000 	 Time Taken: 10 sec
learning rate = 0.0001000
End of epoch 2331 / 4000 	 Time Taken: 10 sec
learning rate = 0.0001000
(epoch: 2332, iters: 320, time: 0.002) pos_err: 13.243 ori_err: 42.141 reproj_err: 1947.525 
End of epoch 2332 / 4000 	 Time Taken: 9 sec
learning rate = 0.0001000
(epoch: 2333, iters: 640, time: 0.001) pos_err: 11.867 ori_err: 43.815 reproj_err: 2952.561 
End of epoch 2333 / 4000 	 Time Taken: 10 sec
learning rate = 0.0001000
(epoch: 2334, iters: 960, time: 0.001) pos_err: 12.030 ori_err: 41.214 reproj_err: 2262.886 
End of epoch 2334 / 4000 	 Time Taken: 10 sec
learning rate = 0.0001000
(epoch: 2335, iters: 1280, time: 0.001) pos_err: 16.525 ori_err: 42.693 reproj_err: 5390.859 
End of epoch 2335 / 4000 	 Time Taken: 9 sec
learning rate = 0.0001000
End of epoch 2336 / 4000 	 Time Taken: 11 sec
learning rate = 0.0001000
(epoch: 2337, iters: 320, time: 0.003) pos_err: 12.243 ori_err: 43.658 reproj_err: 1537.221 
End of epoch 2337 / 4000 	 Time Taken: 9 sec
learning rate = 0.0001000
(epoch: 2338, iters: 640, time: 0.001) pos_err: 13.675 ori_err: 44.353 reproj_err: 1637.265 
End of epoch 2338 / 4000 	 Time Taken: 10 sec
learning rate = 0.0001000
(epoch: 2339, iters: 960, time: 0.001) pos_err: 12.169 ori_err: 42.098 reproj_err: 1204.330 
End of epoch 2339 / 4000 	 Time Taken: 10 sec
learning rate = 0.0001000
(epoch: 2340, iters: 1280, time: 0.001) pos_err: 9.988 ori_err: 54.123 reproj_err: 164.694 
saving the model at the end of epoch 2340, iters 2995200
End of epoch 2340 / 4000 	 Time Taken: 10 sec
learning rate = 0.0001000
End of epoch 2341 / 4000 	 Time Taken: 11 sec
learning rate = 0.0001000
(epoch: 2342, iters: 320, time: 0.002) pos_err: 12.968 ori_err: 47.436 reproj_err: 1206.075 
End of epoch 2342 / 4000 	 Time Taken: 10 sec
learning rate = 0.0001000
(epoch: 2343, iters: 640, time: 0.002) pos_err: 14.215 ori_err: 42.585 reproj_err: 1423.169 
End of epoch 2343 / 4000 	 Time Taken: 10 sec
learning rate = 0.0001000
(epoch: 2344, iters: 960, time: 0.002) pos_err: 12.301 ori_err: 40.372 reproj_err: 464.578 
End of epoch 2344 / 4000 	 Time Taken: 10 sec
learning rate = 0.0001000
(epoch: 2345, iters: 1280, time: 0.001) pos_err: 11.566 ori_err: 42.611 reproj_err: 400.887 
End of epoch 2345 / 4000 	 Time Taken: 10 sec
learning rate = 0.0001000
End of epoch 2346 / 4000 	 Time Taken: 10 sec
learning rate = 0.0001000
(epoch: 2347, iters: 320, time: 0.002) pos_err: 14.196 ori_err: 47.278 reproj_err: 2459.314 
End of epoch 2347 / 4000 	 Time Taken: 10 sec
learning rate = 0.0001000
(epoch: 2348, iters: 640, time: 0.001) pos_err: 13.600 ori_err: 43.271 reproj_err: 1189.527 
End of epoch 2348 / 4000 	 Time Taken: 11 sec
learning rate = 0.0001000
(epoch: 2349, iters: 960, time: 0.002) pos_err: 11.404 ori_err: 41.855 reproj_err: 1683.871 
End of epoch 2349 / 4000 	 Time Taken: 9 sec
learning rate = 0.0001000
(epoch: 2350, iters: 1280, time: 0.001) pos_err: 20.141 ori_err: 34.975 reproj_err: 7550.375 
saving the model at the end of epoch 2350, iters 3008000
End of epoch 2350 / 4000 	 Time Taken: 11 sec
learning rate = 0.0001000
End of epoch 2351 / 4000 	 Time Taken: 11 sec
learning rate = 0.0001000
(epoch: 2352, iters: 320, time: 0.002) pos_err: 12.808 ori_err: 46.133 reproj_err: 1444.041 
End of epoch 2352 / 4000 	 Time Taken: 10 sec
learning rate = 0.0001000
(epoch: 2353, iters: 640, time: 0.002) pos_err: 11.859 ori_err: 45.425 reproj_err: 607.338 
End of epoch 2353 / 4000 	 Time Taken: 12 sec
learning rate = 0.0001000
(epoch: 2354, iters: 960, time: 0.002) pos_err: 11.016 ori_err: 41.560 reproj_err: 1195.985 
End of epoch 2354 / 4000 	 Time Taken: 11 sec
learning rate = 0.0001000
(epoch: 2355, iters: 1280, time: 0.001) pos_err: 8.229 ori_err: 31.514 reproj_err: 216.720 
End of epoch 2355 / 4000 	 Time Taken: 10 sec
learning rate = 0.0001000
End of epoch 2356 / 4000 	 Time Taken: 10 sec
learning rate = 0.0001000
(epoch: 2357, iters: 320, time: 0.002) pos_err: 11.359 ori_err: 40.204 reproj_err: 1297.573 
End of epoch 2357 / 4000 	 Time Taken: 11 sec
learning rate = 0.0001000
(epoch: 2358, iters: 640, time: 0.002) pos_err: 14.323 ori_err: 41.076 reproj_err: 3186.738 
End of epoch 2358 / 4000 	 Time Taken: 10 sec
learning rate = 0.0001000
(epoch: 2359, iters: 960, time: 0.002) pos_err: 13.374 ori_err: 42.780 reproj_err: 1942.297 
End of epoch 2359 / 4000 	 Time Taken: 10 sec
learning rate = 0.0001000
(epoch: 2360, iters: 1280, time: 0.002) pos_err: 15.476 ori_err: 39.083 reproj_err: 386.869 
saving the model at the end of epoch 2360, iters 3020800
End of epoch 2360 / 4000 	 Time Taken: 10 sec
learning rate = 0.0001000
End of epoch 2361 / 4000 	 Time Taken: 9 sec
learning rate = 0.0001000
(epoch: 2362, iters: 320, time: 0.003) pos_err: 13.852 ori_err: 44.306 reproj_err: 1604.652 
End of epoch 2362 / 4000 	 Time Taken: 9 sec
learning rate = 0.0001000
(epoch: 2363, iters: 640, time: 0.001) pos_err: 12.373 ori_err: 39.854 reproj_err: 1841.580 
End of epoch 2363 / 4000 	 Time Taken: 10 sec
learning rate = 0.0001000
(epoch: 2364, iters: 960, time: 0.002) pos_err: 11.526 ori_err: 41.903 reproj_err: 1125.635 
End of epoch 2364 / 4000 	 Time Taken: 11 sec
learning rate = 0.0001000
(epoch: 2365, iters: 1280, time: 0.001) pos_err: 10.931 ori_err: 55.411 reproj_err: 537.232 
End of epoch 2365 / 4000 	 Time Taken: 9 sec
learning rate = 0.0001000
End of epoch 2366 / 4000 	 Time Taken: 10 sec
learning rate = 0.0001000
(epoch: 2367, iters: 320, time: 0.003) pos_err: 12.087 ori_err: 48.280 reproj_err: 1294.520 
End of epoch 2367 / 4000 	 Time Taken: 10 sec
learning rate = 0.0001000
(epoch: 2368, iters: 640, time: 0.002) pos_err: 12.755 ori_err: 43.546 reproj_err: 2100.070 
End of epoch 2368 / 4000 	 Time Taken: 9 sec
learning rate = 0.0001000
(epoch: 2369, iters: 960, time: 0.002) pos_err: 12.321 ori_err: 44.796 reproj_err: 1437.990 
End of epoch 2369 / 4000 	 Time Taken: 11 sec
learning rate = 0.0001000
(epoch: 2370, iters: 1280, time: 0.002) pos_err: 8.625 ori_err: 39.763 reproj_err: 309.241 
saving the model at the end of epoch 2370, iters 3033600
End of epoch 2370 / 4000 	 Time Taken: 10 sec
learning rate = 0.0001000
End of epoch 2371 / 4000 	 Time Taken: 10 sec
learning rate = 0.0001000
(epoch: 2372, iters: 320, time: 0.002) pos_err: 12.563 ori_err: 44.082 reproj_err: 1465.295 
End of epoch 2372 / 4000 	 Time Taken: 10 sec
learning rate = 0.0001000
(epoch: 2373, iters: 640, time: 0.001) pos_err: 13.032 ori_err: 44.366 reproj_err: 1078.140 
End of epoch 2373 / 4000 	 Time Taken: 9 sec
learning rate = 0.0001000
(epoch: 2374, iters: 960, time: 0.002) pos_err: 13.711 ori_err: 46.181 reproj_err: 1928.775 
End of epoch 2374 / 4000 	 Time Taken: 10 sec
learning rate = 0.0001000
(epoch: 2375, iters: 1280, time: 0.001) pos_err: 10.601 ori_err: 68.103 reproj_err: 192.750 
End of epoch 2375 / 4000 	 Time Taken: 10 sec
learning rate = 0.0001000
End of epoch 2376 / 4000 	 Time Taken: 11 sec
learning rate = 0.0001000
(epoch: 2377, iters: 320, time: 0.002) pos_err: 10.155 ori_err: 48.683 reproj_err: 436.090 
End of epoch 2377 / 4000 	 Time Taken: 10 sec
learning rate = 0.0001000
(epoch: 2378, iters: 640, time: 0.002) pos_err: 10.951 ori_err: 45.022 reproj_err: 1105.946 
End of epoch 2378 / 4000 	 Time Taken: 10 sec
learning rate = 0.0001000
(epoch: 2379, iters: 960, time: 0.002) pos_err: 12.131 ori_err: 44.363 reproj_err: 1357.422 
End of epoch 2379 / 4000 	 Time Taken: 9 sec
learning rate = 0.0001000
(epoch: 2380, iters: 1280, time: 0.001) pos_err: 18.458 ori_err: 38.803 reproj_err: 377.367 
saving the model at the end of epoch 2380, iters 3046400
End of epoch 2380 / 4000 	 Time Taken: 11 sec
learning rate = 0.0001000
End of epoch 2381 / 4000 	 Time Taken: 10 sec
learning rate = 0.0001000
(epoch: 2382, iters: 320, time: 0.003) pos_err: 14.698 ori_err: 42.186 reproj_err: 2094.387 
End of epoch 2382 / 4000 	 Time Taken: 9 sec
learning rate = 0.0001000
(epoch: 2383, iters: 640, time: 0.002) pos_err: 11.725 ori_err: 43.253 reproj_err: 1132.830 
End of epoch 2383 / 4000 	 Time Taken: 10 sec
learning rate = 0.0001000
(epoch: 2384, iters: 960, time: 0.002) pos_err: 12.739 ori_err: 45.236 reproj_err: 1108.082 
End of epoch 2384 / 4000 	 Time Taken: 10 sec
learning rate = 0.0001000
(epoch: 2385, iters: 1280, time: 0.001) pos_err: 21.492 ori_err: 39.718 reproj_err: 11649.788 
End of epoch 2385 / 4000 	 Time Taken: 9 sec
learning rate = 0.0001000
End of epoch 2386 / 4000 	 Time Taken: 10 sec
learning rate = 0.0001000
(epoch: 2387, iters: 320, time: 0.001) pos_err: 12.655 ori_err: 40.114 reproj_err: 1702.120 
End of epoch 2387 / 4000 	 Time Taken: 10 sec
learning rate = 0.0001000
(epoch: 2388, iters: 640, time: 0.002) pos_err: 11.163 ori_err: 45.833 reproj_err: 1014.056 
End of epoch 2388 / 4000 	 Time Taken: 10 sec
learning rate = 0.0001000
(epoch: 2389, iters: 960, time: 0.002) pos_err: 11.192 ori_err: 44.804 reproj_err: 1642.829 
End of epoch 2389 / 4000 	 Time Taken: 11 sec
learning rate = 0.0001000
(epoch: 2390, iters: 1280, time: 0.001) pos_err: 12.868 ori_err: 35.776 reproj_err: 363.513 
saving the model at the end of epoch 2390, iters 3059200
End of epoch 2390 / 4000 	 Time Taken: 11 sec
learning rate = 0.0001000
End of epoch 2391 / 4000 	 Time Taken: 9 sec
learning rate = 0.0001000
(epoch: 2392, iters: 320, time: 0.002) pos_err: 11.831 ori_err: 44.248 reproj_err: 1776.852 
End of epoch 2392 / 4000 	 Time Taken: 11 sec
learning rate = 0.0001000
(epoch: 2393, iters: 640, time: 0.001) pos_err: 12.089 ori_err: 42.653 reproj_err: 1417.558 
End of epoch 2393 / 4000 	 Time Taken: 10 sec
learning rate = 0.0001000
(epoch: 2394, iters: 960, time: 0.002) pos_err: 13.368 ori_err: 44.900 reproj_err: 1266.022 
End of epoch 2394 / 4000 	 Time Taken: 9 sec
learning rate = 0.0001000
(epoch: 2395, iters: 1280, time: 0.001) pos_err: 10.734 ori_err: 32.148 reproj_err: 251.117 
End of epoch 2395 / 4000 	 Time Taken: 10 sec
learning rate = 0.0001000
End of epoch 2396 / 4000 	 Time Taken: 9 sec
learning rate = 0.0001000
(epoch: 2397, iters: 320, time: 0.002) pos_err: 12.050 ori_err: 43.062 reproj_err: 1707.232 
End of epoch 2397 / 4000 	 Time Taken: 10 sec
learning rate = 0.0001000
(epoch: 2398, iters: 640, time: 0.002) pos_err: 13.218 ori_err: 42.351 reproj_err: 2511.395 
End of epoch 2398 / 4000 	 Time Taken: 10 sec
learning rate = 0.0001000
(epoch: 2399, iters: 960, time: 0.001) pos_err: 12.367 ori_err: 45.725 reproj_err: 1119.615 
End of epoch 2399 / 4000 	 Time Taken: 10 sec
learning rate = 0.0001000
(epoch: 2400, iters: 1280, time: 0.001) pos_err: 11.486 ori_err: 51.203 reproj_err: 184.829 
saving the model at the end of epoch 2400, iters 3072000
End of epoch 2400 / 4000 	 Time Taken: 10 sec
learning rate = 0.0001000
End of epoch 2401 / 4000 	 Time Taken: 10 sec
learning rate = 0.0001000
(epoch: 2402, iters: 320, time: 0.002) pos_err: 12.067 ori_err: 42.195 reproj_err: 1380.667 
End of epoch 2402 / 4000 	 Time Taken: 10 sec
learning rate = 0.0001000
(epoch: 2403, iters: 640, time: 0.002) pos_err: 13.534 ori_err: 43.893 reproj_err: 1647.935 
End of epoch 2403 / 4000 	 Time Taken: 10 sec
learning rate = 0.0001000
(epoch: 2404, iters: 960, time: 0.002) pos_err: 14.186 ori_err: 43.356 reproj_err: 1015.791 
End of epoch 2404 / 4000 	 Time Taken: 10 sec
learning rate = 0.0001000
(epoch: 2405, iters: 1280, time: 0.001) pos_err: 14.330 ori_err: 50.199 reproj_err: 367.205 
End of epoch 2405 / 4000 	 Time Taken: 10 sec
learning rate = 0.0001000
End of epoch 2406 / 4000 	 Time Taken: 10 sec
learning rate = 0.0001000
(epoch: 2407, iters: 320, time: 0.002) pos_err: 11.356 ori_err: 43.448 reproj_err: 1617.555 
End of epoch 2407 / 4000 	 Time Taken: 10 sec
learning rate = 0.0001000
(epoch: 2408, iters: 640, time: 0.001) pos_err: 12.144 ori_err: 41.226 reproj_err: 755.752 
End of epoch 2408 / 4000 	 Time Taken: 10 sec
learning rate = 0.0001000
(epoch: 2409, iters: 960, time: 0.002) pos_err: 14.487 ori_err: 42.217 reproj_err: 2023.587 
End of epoch 2409 / 4000 	 Time Taken: 9 sec
learning rate = 0.0001000
(epoch: 2410, iters: 1280, time: 0.001) pos_err: 10.460 ori_err: 31.525 reproj_err: 735.556 
saving the model at the end of epoch 2410, iters 3084800
End of epoch 2410 / 4000 	 Time Taken: 11 sec
learning rate = 0.0001000
End of epoch 2411 / 4000 	 Time Taken: 9 sec
learning rate = 0.0001000
(epoch: 2412, iters: 320, time: 0.002) pos_err: 12.776 ori_err: 45.164 reproj_err: 1088.451 
End of epoch 2412 / 4000 	 Time Taken: 10 sec
learning rate = 0.0001000
(epoch: 2413, iters: 640, time: 0.002) pos_err: 11.178 ori_err: 43.560 reproj_err: 871.933 
End of epoch 2413 / 4000 	 Time Taken: 10 sec
learning rate = 0.0001000
(epoch: 2414, iters: 960, time: 0.002) pos_err: 12.345 ori_err: 41.179 reproj_err: 1323.302 
End of epoch 2414 / 4000 	 Time Taken: 10 sec
learning rate = 0.0001000
(epoch: 2415, iters: 1280, time: 0.001) pos_err: 14.365 ori_err: 49.868 reproj_err: 432.052 
End of epoch 2415 / 4000 	 Time Taken: 10 sec
learning rate = 0.0001000
End of epoch 2416 / 4000 	 Time Taken: 9 sec
learning rate = 0.0001000
(epoch: 2417, iters: 320, time: 0.002) pos_err: 12.108 ori_err: 40.550 reproj_err: 1647.476 
End of epoch 2417 / 4000 	 Time Taken: 11 sec
learning rate = 0.0001000
(epoch: 2418, iters: 640, time: 0.002) pos_err: 12.642 ori_err: 44.454 reproj_err: 2356.765 
End of epoch 2418 / 4000 	 Time Taken: 9 sec
learning rate = 0.0001000
(epoch: 2419, iters: 960, time: 0.002) pos_err: 11.650 ori_err: 41.948 reproj_err: 1537.944 
End of epoch 2419 / 4000 	 Time Taken: 10 sec
learning rate = 0.0001000
(epoch: 2420, iters: 1280, time: 0.001) pos_err: 15.647 ori_err: 40.083 reproj_err: 2183.166 
saving the model at the end of epoch 2420, iters 3097600
End of epoch 2420 / 4000 	 Time Taken: 11 sec
learning rate = 0.0001000
End of epoch 2421 / 4000 	 Time Taken: 10 sec
learning rate = 0.0001000
(epoch: 2422, iters: 320, time: 0.003) pos_err: 11.574 ori_err: 42.499 reproj_err: 929.401 
End of epoch 2422 / 4000 	 Time Taken: 10 sec
learning rate = 0.0001000
(epoch: 2423, iters: 640, time: 0.002) pos_err: 13.804 ori_err: 49.423 reproj_err: 1516.658 
End of epoch 2423 / 4000 	 Time Taken: 10 sec
learning rate = 0.0001000
(epoch: 2424, iters: 960, time: 0.002) pos_err: 12.851 ori_err: 42.209 reproj_err: 1229.628 
End of epoch 2424 / 4000 	 Time Taken: 10 sec
learning rate = 0.0001000
(epoch: 2425, iters: 1280, time: 0.001) pos_err: 13.470 ori_err: 34.309 reproj_err: 278.979 
End of epoch 2425 / 4000 	 Time Taken: 10 sec
learning rate = 0.0001000
End of epoch 2426 / 4000 	 Time Taken: 10 sec
learning rate = 0.0001000
(epoch: 2427, iters: 320, time: 0.002) pos_err: 12.054 ori_err: 40.712 reproj_err: 504.816 
End of epoch 2427 / 4000 	 Time Taken: 10 sec
learning rate = 0.0001000
(epoch: 2428, iters: 640, time: 0.002) pos_err: 12.766 ori_err: 44.148 reproj_err: 2270.658 
End of epoch 2428 / 4000 	 Time Taken: 11 sec
learning rate = 0.0001000
(epoch: 2429, iters: 960, time: 0.002) pos_err: 13.231 ori_err: 45.469 reproj_err: 1460.176 
End of epoch 2429 / 4000 	 Time Taken: 10 sec
learning rate = 0.0001000
(epoch: 2430, iters: 1280, time: 0.001) pos_err: 7.125 ori_err: 56.561 reproj_err: 144.613 
saving the model at the end of epoch 2430, iters 3110400
End of epoch 2430 / 4000 	 Time Taken: 10 sec
learning rate = 0.0001000
End of epoch 2431 / 4000 	 Time Taken: 10 sec
learning rate = 0.0001000
(epoch: 2432, iters: 320, time: 0.001) pos_err: 12.511 ori_err: 44.221 reproj_err: 2465.250 
End of epoch 2432 / 4000 	 Time Taken: 11 sec
learning rate = 0.0001000
(epoch: 2433, iters: 640, time: 0.001) pos_err: 12.836 ori_err: 46.079 reproj_err: 1025.090 
End of epoch 2433 / 4000 	 Time Taken: 11 sec
learning rate = 0.0001000
(epoch: 2434, iters: 960, time: 0.002) pos_err: 12.001 ori_err: 44.510 reproj_err: 1422.101 
End of epoch 2434 / 4000 	 Time Taken: 9 sec
learning rate = 0.0001000
(epoch: 2435, iters: 1280, time: 0.001) pos_err: 10.706 ori_err: 38.266 reproj_err: 726.945 
End of epoch 2435 / 4000 	 Time Taken: 9 sec
learning rate = 0.0001000
End of epoch 2436 / 4000 	 Time Taken: 10 sec
learning rate = 0.0001000
(epoch: 2437, iters: 320, time: 0.003) pos_err: 12.265 ori_err: 44.165 reproj_err: 1130.714 
End of epoch 2437 / 4000 	 Time Taken: 10 sec
learning rate = 0.0001000
(epoch: 2438, iters: 640, time: 0.001) pos_err: 13.443 ori_err: 44.635 reproj_err: 1631.025 
End of epoch 2438 / 4000 	 Time Taken: 11 sec
learning rate = 0.0001000
(epoch: 2439, iters: 960, time: 0.002) pos_err: 13.390 ori_err: 40.741 reproj_err: 2436.726 
End of epoch 2439 / 4000 	 Time Taken: 9 sec
learning rate = 0.0001000
(epoch: 2440, iters: 1280, time: 0.001) pos_err: 22.706 ori_err: 36.507 reproj_err: 3836.335 
saving the model at the end of epoch 2440, iters 3123200
End of epoch 2440 / 4000 	 Time Taken: 11 sec
learning rate = 0.0001000
End of epoch 2441 / 4000 	 Time Taken: 10 sec
learning rate = 0.0001000
(epoch: 2442, iters: 320, time: 0.003) pos_err: 11.566 ori_err: 40.543 reproj_err: 810.968 
End of epoch 2442 / 4000 	 Time Taken: 10 sec
learning rate = 0.0001000
(epoch: 2443, iters: 640, time: 0.001) pos_err: 13.513 ori_err: 41.403 reproj_err: 2010.721 
End of epoch 2443 / 4000 	 Time Taken: 11 sec
learning rate = 0.0001000
(epoch: 2444, iters: 960, time: 0.002) pos_err: 12.269 ori_err: 41.702 reproj_err: 1991.812 
End of epoch 2444 / 4000 	 Time Taken: 11 sec
learning rate = 0.0001000
(epoch: 2445, iters: 1280, time: 0.001) pos_err: 13.125 ori_err: 47.498 reproj_err: 287.028 
End of epoch 2445 / 4000 	 Time Taken: 11 sec
learning rate = 0.0001000
End of epoch 2446 / 4000 	 Time Taken: 10 sec
learning rate = 0.0001000
(epoch: 2447, iters: 320, time: 0.001) pos_err: 13.609 ori_err: 44.259 reproj_err: 842.862 
End of epoch 2447 / 4000 	 Time Taken: 10 sec
learning rate = 0.0001000
(epoch: 2448, iters: 640, time: 0.001) pos_err: 12.066 ori_err: 43.624 reproj_err: 1033.976 
End of epoch 2448 / 4000 	 Time Taken: 10 sec
learning rate = 0.0001000
(epoch: 2449, iters: 960, time: 0.002) pos_err: 12.562 ori_err: 43.699 reproj_err: 2615.616 
End of epoch 2449 / 4000 	 Time Taken: 10 sec
learning rate = 0.0001000
(epoch: 2450, iters: 1280, time: 0.001) pos_err: 7.387 ori_err: 32.705 reproj_err: 3443.753 
saving the model at the end of epoch 2450, iters 3136000
End of epoch 2450 / 4000 	 Time Taken: 10 sec
learning rate = 0.0001000
End of epoch 2451 / 4000 	 Time Taken: 10 sec
learning rate = 0.0001000
(epoch: 2452, iters: 320, time: 0.002) pos_err: 11.327 ori_err: 46.563 reproj_err: 672.601 
End of epoch 2452 / 4000 	 Time Taken: 10 sec
learning rate = 0.0001000
(epoch: 2453, iters: 640, time: 0.002) pos_err: 10.840 ori_err: 41.262 reproj_err: 1458.499 
End of epoch 2453 / 4000 	 Time Taken: 10 sec
learning rate = 0.0001000
(epoch: 2454, iters: 960, time: 0.002) pos_err: 11.299 ori_err: 45.520 reproj_err: 1124.043 
End of epoch 2454 / 4000 	 Time Taken: 10 sec
learning rate = 0.0001000
(epoch: 2455, iters: 1280, time: 0.001) pos_err: 7.385 ori_err: 48.544 reproj_err: 642.230 
End of epoch 2455 / 4000 	 Time Taken: 11 sec
learning rate = 0.0001000
End of epoch 2456 / 4000 	 Time Taken: 9 sec
learning rate = 0.0001000
(epoch: 2457, iters: 320, time: 0.003) pos_err: 12.886 ori_err: 47.699 reproj_err: 1062.979 
End of epoch 2457 / 4000 	 Time Taken: 11 sec
learning rate = 0.0001000
(epoch: 2458, iters: 640, time: 0.002) pos_err: 12.870 ori_err: 45.011 reproj_err: 1165.298 
End of epoch 2458 / 4000 	 Time Taken: 10 sec
learning rate = 0.0001000
(epoch: 2459, iters: 960, time: 0.002) pos_err: 11.728 ori_err: 42.344 reproj_err: 1145.851 
End of epoch 2459 / 4000 	 Time Taken: 11 sec
learning rate = 0.0001000
(epoch: 2460, iters: 1280, time: 0.001) pos_err: 15.381 ori_err: 30.600 reproj_err: 4876.578 
saving the model at the end of epoch 2460, iters 3148800
End of epoch 2460 / 4000 	 Time Taken: 10 sec
learning rate = 0.0001000
End of epoch 2461 / 4000 	 Time Taken: 10 sec
learning rate = 0.0001000
(epoch: 2462, iters: 320, time: 0.003) pos_err: 11.016 ori_err: 45.779 reproj_err: 1315.276 
End of epoch 2462 / 4000 	 Time Taken: 10 sec
learning rate = 0.0001000
(epoch: 2463, iters: 640, time: 0.002) pos_err: 12.496 ori_err: 42.455 reproj_err: 850.400 
End of epoch 2463 / 4000 	 Time Taken: 10 sec
learning rate = 0.0001000
(epoch: 2464, iters: 960, time: 0.002) pos_err: 11.638 ori_err: 42.979 reproj_err: 1127.108 
End of epoch 2464 / 4000 	 Time Taken: 10 sec
learning rate = 0.0001000
(epoch: 2465, iters: 1280, time: 0.001) pos_err: 15.077 ori_err: 29.194 reproj_err: 8635.823 
End of epoch 2465 / 4000 	 Time Taken: 9 sec
learning rate = 0.0001000
End of epoch 2466 / 4000 	 Time Taken: 9 sec
learning rate = 0.0001000
(epoch: 2467, iters: 320, time: 0.002) pos_err: 11.527 ori_err: 41.467 reproj_err: 630.283 
End of epoch 2467 / 4000 	 Time Taken: 10 sec
learning rate = 0.0001000
(epoch: 2468, iters: 640, time: 0.001) pos_err: 12.026 ori_err: 42.973 reproj_err: 1117.522 
End of epoch 2468 / 4000 	 Time Taken: 10 sec
learning rate = 0.0001000
(epoch: 2469, iters: 960, time: 0.002) pos_err: 11.852 ori_err: 46.044 reproj_err: 883.570 
End of epoch 2469 / 4000 	 Time Taken: 9 sec
learning rate = 0.0001000
(epoch: 2470, iters: 1280, time: 0.001) pos_err: 18.276 ori_err: 47.783 reproj_err: 736.177 
saving the model at the end of epoch 2470, iters 3161600
End of epoch 2470 / 4000 	 Time Taken: 10 sec
learning rate = 0.0001000
End of epoch 2471 / 4000 	 Time Taken: 10 sec
learning rate = 0.0001000
(epoch: 2472, iters: 320, time: 0.002) pos_err: 13.418 ori_err: 42.830 reproj_err: 1757.024 
End of epoch 2472 / 4000 	 Time Taken: 10 sec
learning rate = 0.0001000
(epoch: 2473, iters: 640, time: 0.002) pos_err: 14.026 ori_err: 50.493 reproj_err: 1870.352 
End of epoch 2473 / 4000 	 Time Taken: 10 sec
learning rate = 0.0001000
(epoch: 2474, iters: 960, time: 0.002) pos_err: 13.987 ori_err: 42.214 reproj_err: 2094.704 
End of epoch 2474 / 4000 	 Time Taken: 11 sec
learning rate = 0.0001000
(epoch: 2475, iters: 1280, time: 0.002) pos_err: 14.908 ori_err: 39.791 reproj_err: 1559.040 
End of epoch 2475 / 4000 	 Time Taken: 10 sec
learning rate = 0.0001000
End of epoch 2476 / 4000 	 Time Taken: 11 sec
learning rate = 0.0001000
(epoch: 2477, iters: 320, time: 0.002) pos_err: 12.024 ori_err: 44.423 reproj_err: 669.942 
End of epoch 2477 / 4000 	 Time Taken: 10 sec
learning rate = 0.0001000
(epoch: 2478, iters: 640, time: 0.001) pos_err: 11.617 ori_err: 39.191 reproj_err: 995.560 
End of epoch 2478 / 4000 	 Time Taken: 10 sec
learning rate = 0.0001000
(epoch: 2479, iters: 960, time: 0.002) pos_err: 14.296 ori_err: 41.199 reproj_err: 3077.236 
End of epoch 2479 / 4000 	 Time Taken: 9 sec
learning rate = 0.0001000
(epoch: 2480, iters: 1280, time: 0.002) pos_err: 12.589 ori_err: 45.124 reproj_err: 632.329 
saving the model at the end of epoch 2480, iters 3174400
End of epoch 2480 / 4000 	 Time Taken: 11 sec
learning rate = 0.0001000
End of epoch 2481 / 4000 	 Time Taken: 10 sec
learning rate = 0.0001000
(epoch: 2482, iters: 320, time: 0.002) pos_err: 11.688 ori_err: 36.840 reproj_err: 1880.455 
End of epoch 2482 / 4000 	 Time Taken: 11 sec
learning rate = 0.0001000
(epoch: 2483, iters: 640, time: 0.001) pos_err: 12.835 ori_err: 45.470 reproj_err: 1644.471 
End of epoch 2483 / 4000 	 Time Taken: 9 sec
learning rate = 0.0001000
(epoch: 2484, iters: 960, time: 0.002) pos_err: 12.815 ori_err: 47.094 reproj_err: 2028.152 
End of epoch 2484 / 4000 	 Time Taken: 11 sec
learning rate = 0.0001000
(epoch: 2485, iters: 1280, time: 0.001) pos_err: 12.939 ori_err: 37.260 reproj_err: 360.320 
End of epoch 2485 / 4000 	 Time Taken: 10 sec
learning rate = 0.0001000
End of epoch 2486 / 4000 	 Time Taken: 10 sec
learning rate = 0.0001000
(epoch: 2487, iters: 320, time: 0.002) pos_err: 10.839 ori_err: 44.764 reproj_err: 612.674 
End of epoch 2487 / 4000 	 Time Taken: 9 sec
learning rate = 0.0001000
(epoch: 2488, iters: 640, time: 0.001) pos_err: 12.822 ori_err: 42.008 reproj_err: 1554.384 
End of epoch 2488 / 4000 	 Time Taken: 9 sec
learning rate = 0.0001000
(epoch: 2489, iters: 960, time: 0.002) pos_err: 10.948 ori_err: 42.093 reproj_err: 1421.654 
End of epoch 2489 / 4000 	 Time Taken: 9 sec
learning rate = 0.0001000
(epoch: 2490, iters: 1280, time: 0.001) pos_err: 14.074 ori_err: 50.979 reproj_err: 3618.058 
saving the model at the end of epoch 2490, iters 3187200
End of epoch 2490 / 4000 	 Time Taken: 10 sec
learning rate = 0.0001000
End of epoch 2491 / 4000 	 Time Taken: 11 sec
learning rate = 0.0001000
(epoch: 2492, iters: 320, time: 0.002) pos_err: 12.580 ori_err: 44.195 reproj_err: 1752.997 
End of epoch 2492 / 4000 	 Time Taken: 10 sec
learning rate = 0.0001000
(epoch: 2493, iters: 640, time: 0.001) pos_err: 12.786 ori_err: 41.946 reproj_err: 2236.877 
End of epoch 2493 / 4000 	 Time Taken: 11 sec
learning rate = 0.0001000
(epoch: 2494, iters: 960, time: 0.002) pos_err: 12.439 ori_err: 44.231 reproj_err: 1432.010 
End of epoch 2494 / 4000 	 Time Taken: 10 sec
learning rate = 0.0001000
(epoch: 2495, iters: 1280, time: 0.001) pos_err: 17.880 ori_err: 46.499 reproj_err: 476.536 
End of epoch 2495 / 4000 	 Time Taken: 9 sec
learning rate = 0.0001000
End of epoch 2496 / 4000 	 Time Taken: 10 sec
learning rate = 0.0001000
(epoch: 2497, iters: 320, time: 0.002) pos_err: 12.628 ori_err: 44.986 reproj_err: 1897.049 
End of epoch 2497 / 4000 	 Time Taken: 10 sec
learning rate = 0.0001000
(epoch: 2498, iters: 640, time: 0.001) pos_err: 12.557 ori_err: 42.317 reproj_err: 517.728 
End of epoch 2498 / 4000 	 Time Taken: 10 sec
learning rate = 0.0001000
(epoch: 2499, iters: 960, time: 0.002) pos_err: 12.186 ori_err: 36.193 reproj_err: 1642.124 
End of epoch 2499 / 4000 	 Time Taken: 11 sec
learning rate = 0.0001000
(epoch: 2500, iters: 1280, time: 0.001) pos_err: 8.951 ori_err: 43.705 reproj_err: 447.671 
saving the model at the end of epoch 2500, iters 3200000
End of epoch 2500 / 4000 	 Time Taken: 10 sec
learning rate = 0.0001000
End of epoch 2501 / 4000 	 Time Taken: 11 sec
learning rate = 0.0001000
(epoch: 2502, iters: 320, time: 0.002) pos_err: 12.576 ori_err: 44.461 reproj_err: 1702.225 
End of epoch 2502 / 4000 	 Time Taken: 9 sec
learning rate = 0.0001000
(epoch: 2503, iters: 640, time: 0.002) pos_err: 11.939 ori_err: 44.104 reproj_err: 1907.165 
End of epoch 2503 / 4000 	 Time Taken: 10 sec
learning rate = 0.0001000
(epoch: 2504, iters: 960, time: 0.002) pos_err: 12.069 ori_err: 45.638 reproj_err: 1123.477 
End of epoch 2504 / 4000 	 Time Taken: 9 sec
learning rate = 0.0001000
(epoch: 2505, iters: 1280, time: 0.001) pos_err: 11.877 ori_err: 55.443 reproj_err: 580.013 
End of epoch 2505 / 4000 	 Time Taken: 10 sec
learning rate = 0.0001000
End of epoch 2506 / 4000 	 Time Taken: 10 sec
learning rate = 0.0001000
(epoch: 2507, iters: 320, time: 0.002) pos_err: 11.974 ori_err: 46.086 reproj_err: 1279.955 
End of epoch 2507 / 4000 	 Time Taken: 10 sec
learning rate = 0.0001000
(epoch: 2508, iters: 640, time: 0.002) pos_err: 11.931 ori_err: 40.826 reproj_err: 1330.921 
End of epoch 2508 / 4000 	 Time Taken: 9 sec
learning rate = 0.0001000
(epoch: 2509, iters: 960, time: 0.002) pos_err: 11.955 ori_err: 44.900 reproj_err: 1427.390 
End of epoch 2509 / 4000 	 Time Taken: 10 sec
learning rate = 0.0001000
(epoch: 2510, iters: 1280, time: 0.001) pos_err: 10.288 ori_err: 54.169 reproj_err: 948.964 
saving the model at the end of epoch 2510, iters 3212800
End of epoch 2510 / 4000 	 Time Taken: 10 sec
learning rate = 0.0001000
End of epoch 2511 / 4000 	 Time Taken: 11 sec
learning rate = 0.0001000
(epoch: 2512, iters: 320, time: 0.003) pos_err: 11.611 ori_err: 41.934 reproj_err: 1565.083 
End of epoch 2512 / 4000 	 Time Taken: 10 sec
learning rate = 0.0001000
(epoch: 2513, iters: 640, time: 0.002) pos_err: 12.172 ori_err: 42.480 reproj_err: 1911.128 
End of epoch 2513 / 4000 	 Time Taken: 9 sec
learning rate = 0.0001000
(epoch: 2514, iters: 960, time: 0.002) pos_err: 12.026 ori_err: 43.453 reproj_err: 1834.077 
End of epoch 2514 / 4000 	 Time Taken: 10 sec
learning rate = 0.0001000
(epoch: 2515, iters: 1280, time: 0.001) pos_err: 15.297 ori_err: 45.041 reproj_err: 3144.597 
End of epoch 2515 / 4000 	 Time Taken: 9 sec
learning rate = 0.0001000
End of epoch 2516 / 4000 	 Time Taken: 10 sec
learning rate = 0.0001000
(epoch: 2517, iters: 320, time: 0.002) pos_err: 11.595 ori_err: 44.491 reproj_err: 1948.505 
End of epoch 2517 / 4000 	 Time Taken: 10 sec
learning rate = 0.0001000
(epoch: 2518, iters: 640, time: 0.002) pos_err: 12.222 ori_err: 42.828 reproj_err: 1708.502 
End of epoch 2518 / 4000 	 Time Taken: 10 sec
learning rate = 0.0001000
(epoch: 2519, iters: 960, time: 0.002) pos_err: 11.978 ori_err: 43.857 reproj_err: 2044.734 
End of epoch 2519 / 4000 	 Time Taken: 10 sec
learning rate = 0.0001000
(epoch: 2520, iters: 1280, time: 0.001) pos_err: 9.796 ori_err: 42.865 reproj_err: 195.584 
saving the model at the end of epoch 2520, iters 3225600
End of epoch 2520 / 4000 	 Time Taken: 10 sec
learning rate = 0.0001000
End of epoch 2521 / 4000 	 Time Taken: 11 sec
learning rate = 0.0001000
(epoch: 2522, iters: 320, time: 0.001) pos_err: 11.970 ori_err: 45.480 reproj_err: 826.171 
End of epoch 2522 / 4000 	 Time Taken: 9 sec
learning rate = 0.0001000
(epoch: 2523, iters: 640, time: 0.002) pos_err: 12.301 ori_err: 40.706 reproj_err: 1911.682 
End of epoch 2523 / 4000 	 Time Taken: 9 sec
learning rate = 0.0001000
(epoch: 2524, iters: 960, time: 0.002) pos_err: 11.342 ori_err: 41.265 reproj_err: 1575.172 
End of epoch 2524 / 4000 	 Time Taken: 11 sec
learning rate = 0.0001000
(epoch: 2525, iters: 1280, time: 0.001) pos_err: 17.683 ori_err: 32.686 reproj_err: 1652.892 
End of epoch 2525 / 4000 	 Time Taken: 10 sec
learning rate = 0.0001000
End of epoch 2526 / 4000 	 Time Taken: 10 sec
learning rate = 0.0001000
(epoch: 2527, iters: 320, time: 0.002) pos_err: 12.944 ori_err: 43.329 reproj_err: 2257.575 
End of epoch 2527 / 4000 	 Time Taken: 11 sec
learning rate = 0.0001000
(epoch: 2528, iters: 640, time: 0.002) pos_err: 12.245 ori_err: 42.535 reproj_err: 1302.091 
End of epoch 2528 / 4000 	 Time Taken: 11 sec
learning rate = 0.0001000
(epoch: 2529, iters: 960, time: 0.002) pos_err: 13.043 ori_err: 42.730 reproj_err: 2173.758 
End of epoch 2529 / 4000 	 Time Taken: 10 sec
learning rate = 0.0001000
(epoch: 2530, iters: 1280, time: 0.001) pos_err: 9.736 ori_err: 48.085 reproj_err: 174.138 
saving the model at the end of epoch 2530, iters 3238400
End of epoch 2530 / 4000 	 Time Taken: 11 sec
learning rate = 0.0001000
End of epoch 2531 / 4000 	 Time Taken: 10 sec
learning rate = 0.0001000
(epoch: 2532, iters: 320, time: 0.002) pos_err: 12.638 ori_err: 43.166 reproj_err: 1207.569 
End of epoch 2532 / 4000 	 Time Taken: 10 sec
learning rate = 0.0001000
(epoch: 2533, iters: 640, time: 0.002) pos_err: 12.272 ori_err: 39.367 reproj_err: 335.451 
End of epoch 2533 / 4000 	 Time Taken: 10 sec
learning rate = 0.0001000
(epoch: 2534, iters: 960, time: 0.002) pos_err: 12.692 ori_err: 42.606 reproj_err: 1545.513 
End of epoch 2534 / 4000 	 Time Taken: 11 sec
learning rate = 0.0001000
(epoch: 2535, iters: 1280, time: 0.001) pos_err: 10.815 ori_err: 41.436 reproj_err: 302.388 
End of epoch 2535 / 4000 	 Time Taken: 10 sec
learning rate = 0.0001000
End of epoch 2536 / 4000 	 Time Taken: 11 sec
learning rate = 0.0001000
(epoch: 2537, iters: 320, time: 0.002) pos_err: 14.054 ori_err: 44.045 reproj_err: 2234.165 
End of epoch 2537 / 4000 	 Time Taken: 10 sec
learning rate = 0.0001000
(epoch: 2538, iters: 640, time: 0.001) pos_err: 14.143 ori_err: 39.407 reproj_err: 2211.485 
End of epoch 2538 / 4000 	 Time Taken: 10 sec
learning rate = 0.0001000
(epoch: 2539, iters: 960, time: 0.002) pos_err: 12.484 ori_err: 42.281 reproj_err: 1221.376 
End of epoch 2539 / 4000 	 Time Taken: 10 sec
learning rate = 0.0001000
(epoch: 2540, iters: 1280, time: 0.002) pos_err: 10.639 ori_err: 53.447 reproj_err: 208.183 
saving the model at the end of epoch 2540, iters 3251200
End of epoch 2540 / 4000 	 Time Taken: 10 sec
learning rate = 0.0001000
End of epoch 2541 / 4000 	 Time Taken: 10 sec
learning rate = 0.0001000
(epoch: 2542, iters: 320, time: 0.002) pos_err: 12.054 ori_err: 46.566 reproj_err: 1150.475 
End of epoch 2542 / 4000 	 Time Taken: 11 sec
learning rate = 0.0001000
(epoch: 2543, iters: 640, time: 0.001) pos_err: 12.828 ori_err: 44.802 reproj_err: 2387.393 
End of epoch 2543 / 4000 	 Time Taken: 11 sec
learning rate = 0.0001000
(epoch: 2544, iters: 960, time: 0.002) pos_err: 12.231 ori_err: 43.892 reproj_err: 1616.883 
End of epoch 2544 / 4000 	 Time Taken: 10 sec
learning rate = 0.0001000
(epoch: 2545, iters: 1280, time: 0.001) pos_err: 11.993 ori_err: 38.979 reproj_err: 480.438 
End of epoch 2545 / 4000 	 Time Taken: 10 sec
learning rate = 0.0001000
End of epoch 2546 / 4000 	 Time Taken: 10 sec
learning rate = 0.0001000
(epoch: 2547, iters: 320, time: 0.002) pos_err: 10.854 ori_err: 40.774 reproj_err: 1642.174 
End of epoch 2547 / 4000 	 Time Taken: 10 sec
learning rate = 0.0001000
(epoch: 2548, iters: 640, time: 0.002) pos_err: 12.273 ori_err: 39.355 reproj_err: 1004.858 
End of epoch 2548 / 4000 	 Time Taken: 9 sec
learning rate = 0.0001000
(epoch: 2549, iters: 960, time: 0.002) pos_err: 12.327 ori_err: 41.059 reproj_err: 946.970 
End of epoch 2549 / 4000 	 Time Taken: 10 sec
learning rate = 0.0001000
(epoch: 2550, iters: 1280, time: 0.001) pos_err: 9.441 ori_err: 49.399 reproj_err: 311.583 
saving the model at the end of epoch 2550, iters 3264000
End of epoch 2550 / 4000 	 Time Taken: 11 sec
learning rate = 0.0001000
End of epoch 2551 / 4000 	 Time Taken: 10 sec
learning rate = 0.0001000
(epoch: 2552, iters: 320, time: 0.003) pos_err: 13.231 ori_err: 39.078 reproj_err: 866.620 
End of epoch 2552 / 4000 	 Time Taken: 9 sec
learning rate = 0.0001000
(epoch: 2553, iters: 640, time: 0.002) pos_err: 13.290 ori_err: 43.147 reproj_err: 1714.450 
End of epoch 2553 / 4000 	 Time Taken: 10 sec
learning rate = 0.0001000
(epoch: 2554, iters: 960, time: 0.002) pos_err: 13.086 ori_err: 41.925 reproj_err: 1852.237 
End of epoch 2554 / 4000 	 Time Taken: 10 sec
learning rate = 0.0001000
(epoch: 2555, iters: 1280, time: 0.001) pos_err: 10.459 ori_err: 49.745 reproj_err: 290.818 
End of epoch 2555 / 4000 	 Time Taken: 11 sec
learning rate = 0.0001000
End of epoch 2556 / 4000 	 Time Taken: 10 sec
learning rate = 0.0001000
(epoch: 2557, iters: 320, time: 0.002) pos_err: 13.223 ori_err: 44.082 reproj_err: 1410.049 
End of epoch 2557 / 4000 	 Time Taken: 10 sec
learning rate = 0.0001000
(epoch: 2558, iters: 640, time: 0.002) pos_err: 12.098 ori_err: 44.092 reproj_err: 1331.537 
End of epoch 2558 / 4000 	 Time Taken: 11 sec
learning rate = 0.0001000
(epoch: 2559, iters: 960, time: 0.002) pos_err: 12.087 ori_err: 43.891 reproj_err: 969.425 
End of epoch 2559 / 4000 	 Time Taken: 11 sec
learning rate = 0.0001000
(epoch: 2560, iters: 1280, time: 0.001) pos_err: 10.623 ori_err: 34.866 reproj_err: 704.218 
saving the model at the end of epoch 2560, iters 3276800
End of epoch 2560 / 4000 	 Time Taken: 10 sec
learning rate = 0.0001000
End of epoch 2561 / 4000 	 Time Taken: 10 sec
learning rate = 0.0001000
(epoch: 2562, iters: 320, time: 0.002) pos_err: 12.336 ori_err: 40.756 reproj_err: 690.123 
End of epoch 2562 / 4000 	 Time Taken: 11 sec
learning rate = 0.0001000
(epoch: 2563, iters: 640, time: 0.002) pos_err: 11.453 ori_err: 41.121 reproj_err: 1770.795 
End of epoch 2563 / 4000 	 Time Taken: 10 sec
learning rate = 0.0001000
(epoch: 2564, iters: 960, time: 0.002) pos_err: 11.503 ori_err: 43.856 reproj_err: 770.630 
End of epoch 2564 / 4000 	 Time Taken: 10 sec
learning rate = 0.0001000
(epoch: 2565, iters: 1280, time: 0.001) pos_err: 18.432 ori_err: 41.692 reproj_err: 15439.282 
End of epoch 2565 / 4000 	 Time Taken: 9 sec
learning rate = 0.0001000
End of epoch 2566 / 4000 	 Time Taken: 9 sec
learning rate = 0.0001000
(epoch: 2567, iters: 320, time: 0.001) pos_err: 10.579 ori_err: 46.109 reproj_err: 821.930 
End of epoch 2567 / 4000 	 Time Taken: 10 sec
learning rate = 0.0001000
(epoch: 2568, iters: 640, time: 0.002) pos_err: 12.263 ori_err: 41.201 reproj_err: 939.855 
End of epoch 2568 / 4000 	 Time Taken: 9 sec
learning rate = 0.0001000
(epoch: 2569, iters: 960, time: 0.002) pos_err: 12.727 ori_err: 42.827 reproj_err: 1877.887 
End of epoch 2569 / 4000 	 Time Taken: 10 sec
learning rate = 0.0001000
(epoch: 2570, iters: 1280, time: 0.001) pos_err: 11.805 ori_err: 39.632 reproj_err: 215.371 
saving the model at the end of epoch 2570, iters 3289600
End of epoch 2570 / 4000 	 Time Taken: 11 sec
learning rate = 0.0001000
End of epoch 2571 / 4000 	 Time Taken: 10 sec
learning rate = 0.0001000
(epoch: 2572, iters: 320, time: 0.002) pos_err: 13.387 ori_err: 39.245 reproj_err: 2193.545 
End of epoch 2572 / 4000 	 Time Taken: 10 sec
learning rate = 0.0001000
(epoch: 2573, iters: 640, time: 0.001) pos_err: 12.925 ori_err: 42.225 reproj_err: 1357.239 
End of epoch 2573 / 4000 	 Time Taken: 11 sec
learning rate = 0.0001000
(epoch: 2574, iters: 960, time: 0.002) pos_err: 13.304 ori_err: 42.725 reproj_err: 857.553 
End of epoch 2574 / 4000 	 Time Taken: 10 sec
learning rate = 0.0001000
(epoch: 2575, iters: 1280, time: 0.001) pos_err: 13.362 ori_err: 40.714 reproj_err: 492.628 
End of epoch 2575 / 4000 	 Time Taken: 10 sec
learning rate = 0.0001000
End of epoch 2576 / 4000 	 Time Taken: 10 sec
learning rate = 0.0001000
(epoch: 2577, iters: 320, time: 0.002) pos_err: 12.971 ori_err: 42.741 reproj_err: 1963.250 
End of epoch 2577 / 4000 	 Time Taken: 10 sec
learning rate = 0.0001000
(epoch: 2578, iters: 640, time: 0.002) pos_err: 12.380 ori_err: 43.050 reproj_err: 1346.195 
End of epoch 2578 / 4000 	 Time Taken: 10 sec
learning rate = 0.0001000
(epoch: 2579, iters: 960, time: 0.002) pos_err: 11.288 ori_err: 41.082 reproj_err: 1295.160 
End of epoch 2579 / 4000 	 Time Taken: 10 sec
learning rate = 0.0001000
(epoch: 2580, iters: 1280, time: 0.001) pos_err: 6.950 ori_err: 36.835 reproj_err: 116.866 
saving the model at the end of epoch 2580, iters 3302400
End of epoch 2580 / 4000 	 Time Taken: 11 sec
learning rate = 0.0001000
End of epoch 2581 / 4000 	 Time Taken: 10 sec
learning rate = 0.0001000
(epoch: 2582, iters: 320, time: 0.002) pos_err: 12.641 ori_err: 41.753 reproj_err: 2015.078 
End of epoch 2582 / 4000 	 Time Taken: 10 sec
learning rate = 0.0001000
(epoch: 2583, iters: 640, time: 0.002) pos_err: 11.689 ori_err: 41.512 reproj_err: 1588.859 
End of epoch 2583 / 4000 	 Time Taken: 9 sec
learning rate = 0.0001000
(epoch: 2584, iters: 960, time: 0.001) pos_err: 12.740 ori_err: 40.502 reproj_err: 1741.645 
End of epoch 2584 / 4000 	 Time Taken: 10 sec
learning rate = 0.0001000
(epoch: 2585, iters: 1280, time: 0.001) pos_err: 18.361 ori_err: 35.861 reproj_err: 4300.408 
End of epoch 2585 / 4000 	 Time Taken: 9 sec
learning rate = 0.0001000
End of epoch 2586 / 4000 	 Time Taken: 11 sec
learning rate = 0.0001000
(epoch: 2587, iters: 320, time: 0.003) pos_err: 12.948 ori_err: 43.734 reproj_err: 1441.336 
End of epoch 2587 / 4000 	 Time Taken: 9 sec
learning rate = 0.0001000
(epoch: 2588, iters: 640, time: 0.002) pos_err: 11.645 ori_err: 39.634 reproj_err: 1094.025 
End of epoch 2588 / 4000 	 Time Taken: 10 sec
learning rate = 0.0001000
(epoch: 2589, iters: 960, time: 0.002) pos_err: 12.160 ori_err: 43.861 reproj_err: 1192.523 
End of epoch 2589 / 4000 	 Time Taken: 9 sec
learning rate = 0.0001000
(epoch: 2590, iters: 1280, time: 0.001) pos_err: 8.534 ori_err: 32.819 reproj_err: 192.128 
saving the model at the end of epoch 2590, iters 3315200
End of epoch 2590 / 4000 	 Time Taken: 10 sec
learning rate = 0.0001000
End of epoch 2591 / 4000 	 Time Taken: 11 sec
learning rate = 0.0001000
(epoch: 2592, iters: 320, time: 0.002) pos_err: 13.274 ori_err: 38.691 reproj_err: 1855.832 
End of epoch 2592 / 4000 	 Time Taken: 11 sec
learning rate = 0.0001000
(epoch: 2593, iters: 640, time: 0.002) pos_err: 13.935 ori_err: 41.661 reproj_err: 2861.534 
End of epoch 2593 / 4000 	 Time Taken: 10 sec
learning rate = 0.0001000
(epoch: 2594, iters: 960, time: 0.002) pos_err: 13.527 ori_err: 39.498 reproj_err: 2265.638 
End of epoch 2594 / 4000 	 Time Taken: 10 sec
learning rate = 0.0001000
(epoch: 2595, iters: 1280, time: 0.001) pos_err: 9.390 ori_err: 35.768 reproj_err: 186.301 
End of epoch 2595 / 4000 	 Time Taken: 11 sec
learning rate = 0.0001000
End of epoch 2596 / 4000 	 Time Taken: 10 sec
learning rate = 0.0001000
(epoch: 2597, iters: 320, time: 0.002) pos_err: 12.825 ori_err: 42.094 reproj_err: 2095.187 
End of epoch 2597 / 4000 	 Time Taken: 11 sec
learning rate = 0.0001000
(epoch: 2598, iters: 640, time: 0.002) pos_err: 11.503 ori_err: 44.202 reproj_err: 1964.971 
End of epoch 2598 / 4000 	 Time Taken: 10 sec
learning rate = 0.0001000
(epoch: 2599, iters: 960, time: 0.002) pos_err: 13.021 ori_err: 43.853 reproj_err: 1371.104 
End of epoch 2599 / 4000 	 Time Taken: 11 sec
learning rate = 0.0001000
(epoch: 2600, iters: 1280, time: 0.001) pos_err: 19.936 ori_err: 28.880 reproj_err: 630.261 
saving the model at the end of epoch 2600, iters 3328000
End of epoch 2600 / 4000 	 Time Taken: 11 sec
learning rate = 0.0001000
End of epoch 2601 / 4000 	 Time Taken: 11 sec
learning rate = 0.0001000
(epoch: 2602, iters: 320, time: 0.003) pos_err: 11.596 ori_err: 41.118 reproj_err: 950.386 
End of epoch 2602 / 4000 	 Time Taken: 10 sec
learning rate = 0.0001000
(epoch: 2603, iters: 640, time: 0.002) pos_err: 12.680 ori_err: 41.296 reproj_err: 1456.713 
End of epoch 2603 / 4000 	 Time Taken: 11 sec
learning rate = 0.0001000
(epoch: 2604, iters: 960, time: 0.002) pos_err: 12.591 ori_err: 44.667 reproj_err: 2304.395 
End of epoch 2604 / 4000 	 Time Taken: 9 sec
learning rate = 0.0001000
(epoch: 2605, iters: 1280, time: 0.002) pos_err: 20.974 ori_err: 39.012 reproj_err: 5628.092 
End of epoch 2605 / 4000 	 Time Taken: 10 sec
learning rate = 0.0001000
End of epoch 2606 / 4000 	 Time Taken: 9 sec
learning rate = 0.0001000
(epoch: 2607, iters: 320, time: 0.002) pos_err: 14.712 ori_err: 40.012 reproj_err: 2283.059 
End of epoch 2607 / 4000 	 Time Taken: 11 sec
learning rate = 0.0001000
(epoch: 2608, iters: 640, time: 0.001) pos_err: 12.257 ori_err: 39.108 reproj_err: 893.559 
End of epoch 2608 / 4000 	 Time Taken: 9 sec
learning rate = 0.0001000
(epoch: 2609, iters: 960, time: 0.002) pos_err: 11.147 ori_err: 41.426 reproj_err: 1283.034 
End of epoch 2609 / 4000 	 Time Taken: 10 sec
learning rate = 0.0001000
(epoch: 2610, iters: 1280, time: 0.001) pos_err: 16.962 ori_err: 51.083 reproj_err: 346.602 
saving the model at the end of epoch 2610, iters 3340800
End of epoch 2610 / 4000 	 Time Taken: 11 sec
learning rate = 0.0001000
End of epoch 2611 / 4000 	 Time Taken: 10 sec
learning rate = 0.0001000
(epoch: 2612, iters: 320, time: 0.001) pos_err: 12.601 ori_err: 43.392 reproj_err: 1678.444 
End of epoch 2612 / 4000 	 Time Taken: 10 sec
learning rate = 0.0001000
(epoch: 2613, iters: 640, time: 0.001) pos_err: 11.819 ori_err: 39.959 reproj_err: 1154.126 
End of epoch 2613 / 4000 	 Time Taken: 10 sec
learning rate = 0.0001000
(epoch: 2614, iters: 960, time: 0.002) pos_err: 11.301 ori_err: 42.446 reproj_err: 1391.958 
End of epoch 2614 / 4000 	 Time Taken: 10 sec
learning rate = 0.0001000
(epoch: 2615, iters: 1280, time: 0.001) pos_err: 5.585 ori_err: 39.683 reproj_err: 114.663 
End of epoch 2615 / 4000 	 Time Taken: 11 sec
learning rate = 0.0001000
End of epoch 2616 / 4000 	 Time Taken: 11 sec
learning rate = 0.0001000
(epoch: 2617, iters: 320, time: 0.002) pos_err: 12.268 ori_err: 40.661 reproj_err: 1641.984 
End of epoch 2617 / 4000 	 Time Taken: 11 sec
learning rate = 0.0001000
(epoch: 2618, iters: 640, time: 0.002) pos_err: 12.670 ori_err: 43.055 reproj_err: 1199.035 
End of epoch 2618 / 4000 	 Time Taken: 10 sec
learning rate = 0.0001000
(epoch: 2619, iters: 960, time: 0.002) pos_err: 11.461 ori_err: 40.932 reproj_err: 643.126 
End of epoch 2619 / 4000 	 Time Taken: 10 sec
learning rate = 0.0001000
(epoch: 2620, iters: 1280, time: 0.001) pos_err: 10.346 ori_err: 47.070 reproj_err: 199.687 
saving the model at the end of epoch 2620, iters 3353600
End of epoch 2620 / 4000 	 Time Taken: 11 sec
learning rate = 0.0001000
End of epoch 2621 / 4000 	 Time Taken: 10 sec
learning rate = 0.0001000
(epoch: 2622, iters: 320, time: 0.003) pos_err: 12.903 ori_err: 44.991 reproj_err: 3305.369 
End of epoch 2622 / 4000 	 Time Taken: 9 sec
learning rate = 0.0001000
(epoch: 2623, iters: 640, time: 0.001) pos_err: 13.015 ori_err: 41.851 reproj_err: 2314.563 
End of epoch 2623 / 4000 	 Time Taken: 10 sec
learning rate = 0.0001000
(epoch: 2624, iters: 960, time: 0.002) pos_err: 11.586 ori_err: 44.678 reproj_err: 784.025 
End of epoch 2624 / 4000 	 Time Taken: 10 sec
learning rate = 0.0001000
(epoch: 2625, iters: 1280, time: 0.001) pos_err: 13.594 ori_err: 51.995 reproj_err: 535.933 
End of epoch 2625 / 4000 	 Time Taken: 9 sec
learning rate = 0.0001000
End of epoch 2626 / 4000 	 Time Taken: 11 sec
learning rate = 0.0001000
(epoch: 2627, iters: 320, time: 0.002) pos_err: 12.869 ori_err: 44.696 reproj_err: 1226.383 
End of epoch 2627 / 4000 	 Time Taken: 11 sec
learning rate = 0.0001000
(epoch: 2628, iters: 640, time: 0.002) pos_err: 12.944 ori_err: 44.211 reproj_err: 1669.427 
End of epoch 2628 / 4000 	 Time Taken: 10 sec
learning rate = 0.0001000
(epoch: 2629, iters: 960, time: 0.002) pos_err: 12.626 ori_err: 41.628 reproj_err: 2125.295 
End of epoch 2629 / 4000 	 Time Taken: 9 sec
learning rate = 0.0001000
(epoch: 2630, iters: 1280, time: 0.001) pos_err: 14.032 ori_err: 46.711 reproj_err: 848.369 
saving the model at the end of epoch 2630, iters 3366400
End of epoch 2630 / 4000 	 Time Taken: 10 sec
learning rate = 0.0001000
End of epoch 2631 / 4000 	 Time Taken: 9 sec
learning rate = 0.0001000
(epoch: 2632, iters: 320, time: 0.002) pos_err: 11.435 ori_err: 43.764 reproj_err: 1261.813 
End of epoch 2632 / 4000 	 Time Taken: 10 sec
learning rate = 0.0001000
(epoch: 2633, iters: 640, time: 0.002) pos_err: 11.638 ori_err: 41.099 reproj_err: 809.394 
End of epoch 2633 / 4000 	 Time Taken: 10 sec
learning rate = 0.0001000
(epoch: 2634, iters: 960, time: 0.002) pos_err: 12.400 ori_err: 38.606 reproj_err: 1516.680 
End of epoch 2634 / 4000 	 Time Taken: 10 sec
learning rate = 0.0001000
(epoch: 2635, iters: 1280, time: 0.001) pos_err: 9.783 ori_err: 59.864 reproj_err: 426.622 
End of epoch 2635 / 4000 	 Time Taken: 11 sec
learning rate = 0.0001000
End of epoch 2636 / 4000 	 Time Taken: 10 sec
learning rate = 0.0001000
(epoch: 2637, iters: 320, time: 0.002) pos_err: 11.418 ori_err: 46.272 reproj_err: 1164.347 
End of epoch 2637 / 4000 	 Time Taken: 10 sec
learning rate = 0.0001000
(epoch: 2638, iters: 640, time: 0.001) pos_err: 12.606 ori_err: 44.050 reproj_err: 959.224 
End of epoch 2638 / 4000 	 Time Taken: 10 sec
learning rate = 0.0001000
(epoch: 2639, iters: 960, time: 0.002) pos_err: 12.586 ori_err: 45.747 reproj_err: 1173.111 
End of epoch 2639 / 4000 	 Time Taken: 10 sec
learning rate = 0.0001000
(epoch: 2640, iters: 1280, time: 0.001) pos_err: 6.703 ori_err: 35.204 reproj_err: 111.652 
saving the model at the end of epoch 2640, iters 3379200
End of epoch 2640 / 4000 	 Time Taken: 11 sec
learning rate = 0.0001000
End of epoch 2641 / 4000 	 Time Taken: 9 sec
learning rate = 0.0001000
(epoch: 2642, iters: 320, time: 0.002) pos_err: 12.146 ori_err: 41.175 reproj_err: 1788.536 
End of epoch 2642 / 4000 	 Time Taken: 10 sec
learning rate = 0.0001000
(epoch: 2643, iters: 640, time: 0.002) pos_err: 12.214 ori_err: 45.276 reproj_err: 1549.537 
End of epoch 2643 / 4000 	 Time Taken: 10 sec
learning rate = 0.0001000
(epoch: 2644, iters: 960, time: 0.002) pos_err: 13.173 ori_err: 44.317 reproj_err: 2463.595 
End of epoch 2644 / 4000 	 Time Taken: 10 sec
learning rate = 0.0001000
(epoch: 2645, iters: 1280, time: 0.001) pos_err: 17.075 ori_err: 43.261 reproj_err: 367.667 
End of epoch 2645 / 4000 	 Time Taken: 9 sec
learning rate = 0.0001000
End of epoch 2646 / 4000 	 Time Taken: 10 sec
learning rate = 0.0001000
(epoch: 2647, iters: 320, time: 0.002) pos_err: 10.366 ori_err: 41.746 reproj_err: 929.609 
End of epoch 2647 / 4000 	 Time Taken: 10 sec
learning rate = 0.0001000
(epoch: 2648, iters: 640, time: 0.002) pos_err: 11.778 ori_err: 41.704 reproj_err: 1260.033 
End of epoch 2648 / 4000 	 Time Taken: 10 sec
learning rate = 0.0001000
(epoch: 2649, iters: 960, time: 0.002) pos_err: 10.992 ori_err: 41.657 reproj_err: 1431.866 
End of epoch 2649 / 4000 	 Time Taken: 10 sec
learning rate = 0.0001000
(epoch: 2650, iters: 1280, time: 0.001) pos_err: 14.244 ori_err: 26.891 reproj_err: 408.450 
saving the model at the end of epoch 2650, iters 3392000
End of epoch 2650 / 4000 	 Time Taken: 10 sec
learning rate = 0.0001000
End of epoch 2651 / 4000 	 Time Taken: 9 sec
learning rate = 0.0001000
(epoch: 2652, iters: 320, time: 0.002) pos_err: 12.707 ori_err: 42.921 reproj_err: 1208.108 
End of epoch 2652 / 4000 	 Time Taken: 10 sec
learning rate = 0.0001000
(epoch: 2653, iters: 640, time: 0.002) pos_err: 11.664 ori_err: 43.318 reproj_err: 982.931 
End of epoch 2653 / 4000 	 Time Taken: 11 sec
learning rate = 0.0001000
(epoch: 2654, iters: 960, time: 0.002) pos_err: 12.644 ori_err: 44.769 reproj_err: 2412.725 
End of epoch 2654 / 4000 	 Time Taken: 10 sec
learning rate = 0.0001000
(epoch: 2655, iters: 1280, time: 0.001) pos_err: 12.885 ori_err: 38.933 reproj_err: 5157.637 
End of epoch 2655 / 4000 	 Time Taken: 10 sec
learning rate = 0.0001000
End of epoch 2656 / 4000 	 Time Taken: 9 sec
learning rate = 0.0001000
(epoch: 2657, iters: 320, time: 0.003) pos_err: 12.147 ori_err: 43.074 reproj_err: 1851.731 
End of epoch 2657 / 4000 	 Time Taken: 9 sec
learning rate = 0.0001000
(epoch: 2658, iters: 640, time: 0.002) pos_err: 13.577 ori_err: 42.903 reproj_err: 2256.274 
End of epoch 2658 / 4000 	 Time Taken: 9 sec
learning rate = 0.0001000
(epoch: 2659, iters: 960, time: 0.002) pos_err: 12.636 ori_err: 44.178 reproj_err: 1805.490 
End of epoch 2659 / 4000 	 Time Taken: 9 sec
learning rate = 0.0001000
(epoch: 2660, iters: 1280, time: 0.001) pos_err: 15.163 ori_err: 48.390 reproj_err: 5528.664 
saving the model at the end of epoch 2660, iters 3404800
End of epoch 2660 / 4000 	 Time Taken: 10 sec
learning rate = 0.0001000
End of epoch 2661 / 4000 	 Time Taken: 11 sec
learning rate = 0.0001000
(epoch: 2662, iters: 320, time: 0.002) pos_err: 11.846 ori_err: 42.697 reproj_err: 1728.275 
End of epoch 2662 / 4000 	 Time Taken: 11 sec
learning rate = 0.0001000
(epoch: 2663, iters: 640, time: 0.002) pos_err: 12.844 ori_err: 40.366 reproj_err: 1911.990 
End of epoch 2663 / 4000 	 Time Taken: 10 sec
learning rate = 0.0001000
(epoch: 2664, iters: 960, time: 0.002) pos_err: 13.490 ori_err: 44.064 reproj_err: 1011.718 
End of epoch 2664 / 4000 	 Time Taken: 10 sec
learning rate = 0.0001000
(epoch: 2665, iters: 1280, time: 0.001) pos_err: 7.463 ori_err: 53.920 reproj_err: 225.842 
End of epoch 2665 / 4000 	 Time Taken: 10 sec
learning rate = 0.0001000
End of epoch 2666 / 4000 	 Time Taken: 11 sec
learning rate = 0.0001000
(epoch: 2667, iters: 320, time: 0.003) pos_err: 12.785 ori_err: 44.858 reproj_err: 2148.741 
End of epoch 2667 / 4000 	 Time Taken: 9 sec
learning rate = 0.0001000
(epoch: 2668, iters: 640, time: 0.002) pos_err: 13.519 ori_err: 42.362 reproj_err: 1196.796 
End of epoch 2668 / 4000 	 Time Taken: 10 sec
learning rate = 0.0001000
(epoch: 2669, iters: 960, time: 0.002) pos_err: 14.136 ori_err: 44.098 reproj_err: 2582.227 
End of epoch 2669 / 4000 	 Time Taken: 11 sec
learning rate = 0.0001000
(epoch: 2670, iters: 1280, time: 0.001) pos_err: 8.628 ori_err: 25.513 reproj_err: 2425.650 
saving the model at the end of epoch 2670, iters 3417600
End of epoch 2670 / 4000 	 Time Taken: 10 sec
learning rate = 0.0001000
End of epoch 2671 / 4000 	 Time Taken: 10 sec
learning rate = 0.0001000
(epoch: 2672, iters: 320, time: 0.002) pos_err: 10.830 ori_err: 45.300 reproj_err: 1390.311 
End of epoch 2672 / 4000 	 Time Taken: 10 sec
learning rate = 0.0001000
(epoch: 2673, iters: 640, time: 0.002) pos_err: 12.276 ori_err: 42.781 reproj_err: 1262.922 
End of epoch 2673 / 4000 	 Time Taken: 10 sec
learning rate = 0.0001000
(epoch: 2674, iters: 960, time: 0.002) pos_err: 12.678 ori_err: 41.487 reproj_err: 1475.308 
End of epoch 2674 / 4000 	 Time Taken: 9 sec
learning rate = 0.0001000
(epoch: 2675, iters: 1280, time: 0.001) pos_err: 14.551 ori_err: 34.374 reproj_err: 576.510 
End of epoch 2675 / 4000 	 Time Taken: 10 sec
learning rate = 0.0001000
End of epoch 2676 / 4000 	 Time Taken: 9 sec
learning rate = 0.0001000
(epoch: 2677, iters: 320, time: 0.002) pos_err: 12.350 ori_err: 42.906 reproj_err: 2870.980 
End of epoch 2677 / 4000 	 Time Taken: 10 sec
learning rate = 0.0001000
(epoch: 2678, iters: 640, time: 0.002) pos_err: 12.808 ori_err: 48.585 reproj_err: 1325.545 
End of epoch 2678 / 4000 	 Time Taken: 10 sec
learning rate = 0.0001000
(epoch: 2679, iters: 960, time: 0.002) pos_err: 13.347 ori_err: 41.948 reproj_err: 1459.192 
End of epoch 2679 / 4000 	 Time Taken: 10 sec
learning rate = 0.0001000
(epoch: 2680, iters: 1280, time: 0.001) pos_err: 8.167 ori_err: 35.895 reproj_err: 160.721 
saving the model at the end of epoch 2680, iters 3430400
End of epoch 2680 / 4000 	 Time Taken: 11 sec
learning rate = 0.0001000
End of epoch 2681 / 4000 	 Time Taken: 9 sec
learning rate = 0.0001000
(epoch: 2682, iters: 320, time: 0.002) pos_err: 13.562 ori_err: 43.132 reproj_err: 2715.727 
End of epoch 2682 / 4000 	 Time Taken: 10 sec
learning rate = 0.0001000
(epoch: 2683, iters: 640, time: 0.002) pos_err: 13.841 ori_err: 41.188 reproj_err: 1968.955 
End of epoch 2683 / 4000 	 Time Taken: 10 sec
learning rate = 0.0001000
(epoch: 2684, iters: 960, time: 0.002) pos_err: 11.632 ori_err: 44.083 reproj_err: 544.512 
End of epoch 2684 / 4000 	 Time Taken: 9 sec
learning rate = 0.0001000
(epoch: 2685, iters: 1280, time: 0.001) pos_err: 10.939 ori_err: 36.747 reproj_err: 344.549 
End of epoch 2685 / 4000 	 Time Taken: 10 sec
learning rate = 0.0001000
End of epoch 2686 / 4000 	 Time Taken: 11 sec
learning rate = 0.0001000
(epoch: 2687, iters: 320, time: 0.002) pos_err: 13.250 ori_err: 38.945 reproj_err: 1497.979 
End of epoch 2687 / 4000 	 Time Taken: 10 sec
learning rate = 0.0001000
(epoch: 2688, iters: 640, time: 0.002) pos_err: 12.601 ori_err: 45.152 reproj_err: 593.743 
End of epoch 2688 / 4000 	 Time Taken: 10 sec
learning rate = 0.0001000
(epoch: 2689, iters: 960, time: 0.002) pos_err: 11.098 ori_err: 41.730 reproj_err: 1377.092 
End of epoch 2689 / 4000 	 Time Taken: 9 sec
learning rate = 0.0001000
(epoch: 2690, iters: 1280, time: 0.002) pos_err: 6.060 ori_err: 40.353 reproj_err: 84.158 
saving the model at the end of epoch 2690, iters 3443200
End of epoch 2690 / 4000 	 Time Taken: 10 sec
learning rate = 0.0001000
End of epoch 2691 / 4000 	 Time Taken: 10 sec
learning rate = 0.0001000
(epoch: 2692, iters: 320, time: 0.002) pos_err: 13.005 ori_err: 42.571 reproj_err: 1508.591 
End of epoch 2692 / 4000 	 Time Taken: 10 sec
learning rate = 0.0001000
(epoch: 2693, iters: 640, time: 0.002) pos_err: 13.181 ori_err: 43.001 reproj_err: 1847.578 
End of epoch 2693 / 4000 	 Time Taken: 10 sec
learning rate = 0.0001000
(epoch: 2694, iters: 960, time: 0.001) pos_err: 12.118 ori_err: 41.051 reproj_err: 2617.594 
End of epoch 2694 / 4000 	 Time Taken: 10 sec
learning rate = 0.0001000
(epoch: 2695, iters: 1280, time: 0.001) pos_err: 7.717 ori_err: 43.837 reproj_err: 170.501 
End of epoch 2695 / 4000 	 Time Taken: 10 sec
learning rate = 0.0001000
End of epoch 2696 / 4000 	 Time Taken: 10 sec
learning rate = 0.0001000
(epoch: 2697, iters: 320, time: 0.002) pos_err: 12.137 ori_err: 42.597 reproj_err: 2035.798 
End of epoch 2697 / 4000 	 Time Taken: 10 sec
learning rate = 0.0001000
(epoch: 2698, iters: 640, time: 0.001) pos_err: 12.725 ori_err: 40.304 reproj_err: 1912.810 
End of epoch 2698 / 4000 	 Time Taken: 10 sec
learning rate = 0.0001000
(epoch: 2699, iters: 960, time: 0.002) pos_err: 11.963 ori_err: 38.828 reproj_err: 2151.870 
End of epoch 2699 / 4000 	 Time Taken: 10 sec
learning rate = 0.0001000
(epoch: 2700, iters: 1280, time: 0.001) pos_err: 10.556 ori_err: 37.671 reproj_err: 3690.932 
saving the model at the end of epoch 2700, iters 3456000
End of epoch 2700 / 4000 	 Time Taken: 11 sec
learning rate = 0.0001000
End of epoch 2701 / 4000 	 Time Taken: 10 sec
learning rate = 0.0001000
(epoch: 2702, iters: 320, time: 0.003) pos_err: 11.770 ori_err: 42.236 reproj_err: 522.482 
End of epoch 2702 / 4000 	 Time Taken: 10 sec
learning rate = 0.0001000
(epoch: 2703, iters: 640, time: 0.002) pos_err: 13.553 ori_err: 39.181 reproj_err: 1260.681 
End of epoch 2703 / 4000 	 Time Taken: 10 sec
learning rate = 0.0001000
(epoch: 2704, iters: 960, time: 0.002) pos_err: 12.674 ori_err: 42.513 reproj_err: 729.336 
End of epoch 2704 / 4000 	 Time Taken: 10 sec
learning rate = 0.0001000
(epoch: 2705, iters: 1280, time: 0.001) pos_err: 11.128 ori_err: 37.416 reproj_err: 227.158 
End of epoch 2705 / 4000 	 Time Taken: 10 sec
learning rate = 0.0001000
End of epoch 2706 / 4000 	 Time Taken: 10 sec
learning rate = 0.0001000
(epoch: 2707, iters: 320, time: 0.002) pos_err: 13.144 ori_err: 42.520 reproj_err: 1535.617 
End of epoch 2707 / 4000 	 Time Taken: 10 sec
learning rate = 0.0001000
(epoch: 2708, iters: 640, time: 0.003) pos_err: 11.496 ori_err: 43.785 reproj_err: 1120.642 
End of epoch 2708 / 4000 	 Time Taken: 10 sec
learning rate = 0.0001000
(epoch: 2709, iters: 960, time: 0.001) pos_err: 12.070 ori_err: 38.957 reproj_err: 1366.053 
End of epoch 2709 / 4000 	 Time Taken: 10 sec
learning rate = 0.0001000
(epoch: 2710, iters: 1280, time: 0.002) pos_err: 10.053 ori_err: 40.259 reproj_err: 168.854 
saving the model at the end of epoch 2710, iters 3468800
End of epoch 2710 / 4000 	 Time Taken: 11 sec
learning rate = 0.0001000
End of epoch 2711 / 4000 	 Time Taken: 11 sec
learning rate = 0.0001000
(epoch: 2712, iters: 320, time: 0.002) pos_err: 12.334 ori_err: 40.740 reproj_err: 2388.528 
End of epoch 2712 / 4000 	 Time Taken: 10 sec
learning rate = 0.0001000
(epoch: 2713, iters: 640, time: 0.002) pos_err: 14.058 ori_err: 41.707 reproj_err: 2087.540 
End of epoch 2713 / 4000 	 Time Taken: 10 sec
learning rate = 0.0001000
(epoch: 2714, iters: 960, time: 0.002) pos_err: 11.906 ori_err: 39.870 reproj_err: 583.230 
End of epoch 2714 / 4000 	 Time Taken: 10 sec
learning rate = 0.0001000
(epoch: 2715, iters: 1280, time: 0.001) pos_err: 16.526 ori_err: 40.221 reproj_err: 5330.379 
End of epoch 2715 / 4000 	 Time Taken: 10 sec
learning rate = 0.0001000
End of epoch 2716 / 4000 	 Time Taken: 11 sec
learning rate = 0.0001000
(epoch: 2717, iters: 320, time: 0.002) pos_err: 12.631 ori_err: 45.766 reproj_err: 1102.566 
End of epoch 2717 / 4000 	 Time Taken: 10 sec
learning rate = 0.0001000
(epoch: 2718, iters: 640, time: 0.001) pos_err: 13.081 ori_err: 37.884 reproj_err: 2038.032 
End of epoch 2718 / 4000 	 Time Taken: 10 sec
learning rate = 0.0001000
(epoch: 2719, iters: 960, time: 0.002) pos_err: 12.446 ori_err: 41.290 reproj_err: 2007.516 
End of epoch 2719 / 4000 	 Time Taken: 10 sec
learning rate = 0.0001000
(epoch: 2720, iters: 1280, time: 0.001) pos_err: 12.611 ori_err: 45.177 reproj_err: 283.900 
saving the model at the end of epoch 2720, iters 3481600
End of epoch 2720 / 4000 	 Time Taken: 10 sec
learning rate = 0.0001000
End of epoch 2721 / 4000 	 Time Taken: 10 sec
learning rate = 0.0001000
(epoch: 2722, iters: 320, time: 0.002) pos_err: 12.363 ori_err: 42.454 reproj_err: 1246.042 
End of epoch 2722 / 4000 	 Time Taken: 11 sec
learning rate = 0.0001000
(epoch: 2723, iters: 640, time: 0.001) pos_err: 12.503 ori_err: 43.100 reproj_err: 605.226 
End of epoch 2723 / 4000 	 Time Taken: 10 sec
learning rate = 0.0001000
(epoch: 2724, iters: 960, time: 0.002) pos_err: 11.950 ori_err: 40.883 reproj_err: 1825.064 
End of epoch 2724 / 4000 	 Time Taken: 9 sec
learning rate = 0.0001000
(epoch: 2725, iters: 1280, time: 0.001) pos_err: 17.113 ori_err: 53.907 reproj_err: 312.091 
End of epoch 2725 / 4000 	 Time Taken: 11 sec
learning rate = 0.0001000
End of epoch 2726 / 4000 	 Time Taken: 11 sec
learning rate = 0.0001000
(epoch: 2727, iters: 320, time: 0.002) pos_err: 13.371 ori_err: 43.784 reproj_err: 2595.915 
End of epoch 2727 / 4000 	 Time Taken: 10 sec
learning rate = 0.0001000
(epoch: 2728, iters: 640, time: 0.002) pos_err: 12.621 ori_err: 40.179 reproj_err: 1502.819 
End of epoch 2728 / 4000 	 Time Taken: 10 sec
learning rate = 0.0001000
(epoch: 2729, iters: 960, time: 0.002) pos_err: 12.874 ori_err: 44.507 reproj_err: 2030.413 
End of epoch 2729 / 4000 	 Time Taken: 10 sec
learning rate = 0.0001000
(epoch: 2730, iters: 1280, time: 0.001) pos_err: 15.148 ori_err: 49.500 reproj_err: 6901.812 
saving the model at the end of epoch 2730, iters 3494400
End of epoch 2730 / 4000 	 Time Taken: 11 sec
learning rate = 0.0001000
End of epoch 2731 / 4000 	 Time Taken: 9 sec
learning rate = 0.0001000
(epoch: 2732, iters: 320, time: 0.002) pos_err: 10.519 ori_err: 44.514 reproj_err: 1317.537 
End of epoch 2732 / 4000 	 Time Taken: 10 sec
learning rate = 0.0001000
(epoch: 2733, iters: 640, time: 0.002) pos_err: 11.820 ori_err: 42.796 reproj_err: 2185.966 
End of epoch 2733 / 4000 	 Time Taken: 10 sec
learning rate = 0.0001000
(epoch: 2734, iters: 960, time: 0.002) pos_err: 11.311 ori_err: 40.971 reproj_err: 1225.021 
End of epoch 2734 / 4000 	 Time Taken: 9 sec
learning rate = 0.0001000
(epoch: 2735, iters: 1280, time: 0.001) pos_err: 14.946 ori_err: 37.712 reproj_err: 4658.910 
End of epoch 2735 / 4000 	 Time Taken: 11 sec
learning rate = 0.0001000
End of epoch 2736 / 4000 	 Time Taken: 10 sec
learning rate = 0.0001000
(epoch: 2737, iters: 320, time: 0.002) pos_err: 11.996 ori_err: 41.850 reproj_err: 1920.615 
End of epoch 2737 / 4000 	 Time Taken: 9 sec
learning rate = 0.0001000
(epoch: 2738, iters: 640, time: 0.002) pos_err: 11.916 ori_err: 39.712 reproj_err: 1150.666 
End of epoch 2738 / 4000 	 Time Taken: 10 sec
learning rate = 0.0001000
(epoch: 2739, iters: 960, time: 0.002) pos_err: 10.813 ori_err: 38.714 reproj_err: 727.804 
End of epoch 2739 / 4000 	 Time Taken: 9 sec
learning rate = 0.0001000
(epoch: 2740, iters: 1280, time: 0.001) pos_err: 6.525 ori_err: 32.968 reproj_err: 145.192 
saving the model at the end of epoch 2740, iters 3507200
End of epoch 2740 / 4000 	 Time Taken: 11 sec
learning rate = 0.0001000
End of epoch 2741 / 4000 	 Time Taken: 12 sec
learning rate = 0.0001000
(epoch: 2742, iters: 320, time: 0.002) pos_err: 12.651 ori_err: 43.149 reproj_err: 1486.836 
End of epoch 2742 / 4000 	 Time Taken: 11 sec
learning rate = 0.0001000
(epoch: 2743, iters: 640, time: 0.001) pos_err: 11.233 ori_err: 44.226 reproj_err: 1895.153 
End of epoch 2743 / 4000 	 Time Taken: 9 sec
learning rate = 0.0001000
(epoch: 2744, iters: 960, time: 0.002) pos_err: 11.112 ori_err: 42.395 reproj_err: 1463.286 
End of epoch 2744 / 4000 	 Time Taken: 11 sec
learning rate = 0.0001000
(epoch: 2745, iters: 1280, time: 0.001) pos_err: 11.891 ori_err: 42.891 reproj_err: 3050.220 
End of epoch 2745 / 4000 	 Time Taken: 11 sec
learning rate = 0.0001000
End of epoch 2746 / 4000 	 Time Taken: 10 sec
learning rate = 0.0001000
(epoch: 2747, iters: 320, time: 0.002) pos_err: 10.910 ori_err: 42.899 reproj_err: 723.464 
End of epoch 2747 / 4000 	 Time Taken: 10 sec
learning rate = 0.0001000
(epoch: 2748, iters: 640, time: 0.002) pos_err: 12.872 ori_err: 44.927 reproj_err: 1935.733 
End of epoch 2748 / 4000 	 Time Taken: 10 sec
learning rate = 0.0001000
(epoch: 2749, iters: 960, time: 0.002) pos_err: 12.583 ori_err: 43.299 reproj_err: 1444.970 
End of epoch 2749 / 4000 	 Time Taken: 10 sec
learning rate = 0.0001000
(epoch: 2750, iters: 1280, time: 0.001) pos_err: 12.475 ori_err: 41.993 reproj_err: 987.478 
saving the model at the end of epoch 2750, iters 3520000
End of epoch 2750 / 4000 	 Time Taken: 10 sec
learning rate = 0.0001000
End of epoch 2751 / 4000 	 Time Taken: 10 sec
learning rate = 0.0001000
(epoch: 2752, iters: 320, time: 0.002) pos_err: 11.711 ori_err: 38.982 reproj_err: 1657.345 
End of epoch 2752 / 4000 	 Time Taken: 10 sec
learning rate = 0.0001000
(epoch: 2753, iters: 640, time: 0.002) pos_err: 12.033 ori_err: 44.363 reproj_err: 929.685 
End of epoch 2753 / 4000 	 Time Taken: 10 sec
learning rate = 0.0001000
(epoch: 2754, iters: 960, time: 0.002) pos_err: 12.570 ori_err: 42.029 reproj_err: 1736.279 
End of epoch 2754 / 4000 	 Time Taken: 10 sec
learning rate = 0.0001000
(epoch: 2755, iters: 1280, time: 0.001) pos_err: 10.775 ori_err: 45.986 reproj_err: 3041.675 
End of epoch 2755 / 4000 	 Time Taken: 10 sec
learning rate = 0.0001000
End of epoch 2756 / 4000 	 Time Taken: 11 sec
learning rate = 0.0001000
(epoch: 2757, iters: 320, time: 0.002) pos_err: 12.555 ori_err: 40.748 reproj_err: 1195.756 
End of epoch 2757 / 4000 	 Time Taken: 10 sec
learning rate = 0.0001000
(epoch: 2758, iters: 640, time: 0.001) pos_err: 11.059 ori_err: 44.631 reproj_err: 1109.774 
End of epoch 2758 / 4000 	 Time Taken: 10 sec
learning rate = 0.0001000
(epoch: 2759, iters: 960, time: 0.002) pos_err: 11.578 ori_err: 42.860 reproj_err: 1057.163 
End of epoch 2759 / 4000 	 Time Taken: 10 sec
learning rate = 0.0001000
(epoch: 2760, iters: 1280, time: 0.002) pos_err: 9.355 ori_err: 28.998 reproj_err: 148.664 
saving the model at the end of epoch 2760, iters 3532800
End of epoch 2760 / 4000 	 Time Taken: 10 sec
learning rate = 0.0001000
End of epoch 2761 / 4000 	 Time Taken: 10 sec
learning rate = 0.0001000
(epoch: 2762, iters: 320, time: 0.003) pos_err: 12.926 ori_err: 43.408 reproj_err: 1374.498 
End of epoch 2762 / 4000 	 Time Taken: 9 sec
learning rate = 0.0001000
(epoch: 2763, iters: 640, time: 0.001) pos_err: 13.087 ori_err: 41.689 reproj_err: 2528.753 
End of epoch 2763 / 4000 	 Time Taken: 10 sec
learning rate = 0.0001000
(epoch: 2764, iters: 960, time: 0.002) pos_err: 12.963 ori_err: 39.024 reproj_err: 1371.188 
End of epoch 2764 / 4000 	 Time Taken: 11 sec
learning rate = 0.0001000
(epoch: 2765, iters: 1280, time: 0.002) pos_err: 15.866 ori_err: 46.567 reproj_err: 567.531 
End of epoch 2765 / 4000 	 Time Taken: 10 sec
learning rate = 0.0001000
End of epoch 2766 / 4000 	 Time Taken: 10 sec
learning rate = 0.0001000
(epoch: 2767, iters: 320, time: 0.002) pos_err: 12.607 ori_err: 43.469 reproj_err: 1609.308 
End of epoch 2767 / 4000 	 Time Taken: 9 sec
learning rate = 0.0001000
(epoch: 2768, iters: 640, time: 0.002) pos_err: 11.372 ori_err: 43.502 reproj_err: 953.579 
End of epoch 2768 / 4000 	 Time Taken: 10 sec
learning rate = 0.0001000
(epoch: 2769, iters: 960, time: 0.002) pos_err: 11.743 ori_err: 40.247 reproj_err: 1351.610 
End of epoch 2769 / 4000 	 Time Taken: 10 sec
learning rate = 0.0001000
(epoch: 2770, iters: 1280, time: 0.001) pos_err: 12.067 ori_err: 48.424 reproj_err: 415.480 
saving the model at the end of epoch 2770, iters 3545600
End of epoch 2770 / 4000 	 Time Taken: 10 sec
learning rate = 0.0001000
End of epoch 2771 / 4000 	 Time Taken: 10 sec
learning rate = 0.0001000
(epoch: 2772, iters: 320, time: 0.002) pos_err: 14.303 ori_err: 40.823 reproj_err: 3277.674 
End of epoch 2772 / 4000 	 Time Taken: 10 sec
learning rate = 0.0001000
(epoch: 2773, iters: 640, time: 0.001) pos_err: 12.522 ori_err: 41.033 reproj_err: 674.246 
End of epoch 2773 / 4000 	 Time Taken: 10 sec
learning rate = 0.0001000
(epoch: 2774, iters: 960, time: 0.002) pos_err: 11.489 ori_err: 41.873 reproj_err: 816.925 
End of epoch 2774 / 4000 	 Time Taken: 11 sec
learning rate = 0.0001000
(epoch: 2775, iters: 1280, time: 0.001) pos_err: 11.647 ori_err: 45.546 reproj_err: 331.373 
End of epoch 2775 / 4000 	 Time Taken: 10 sec
learning rate = 0.0001000
End of epoch 2776 / 4000 	 Time Taken: 9 sec
learning rate = 0.0001000
(epoch: 2777, iters: 320, time: 0.002) pos_err: 12.460 ori_err: 41.756 reproj_err: 2040.791 
End of epoch 2777 / 4000 	 Time Taken: 11 sec
learning rate = 0.0001000
(epoch: 2778, iters: 640, time: 0.001) pos_err: 11.447 ori_err: 44.963 reproj_err: 535.465 
End of epoch 2778 / 4000 	 Time Taken: 11 sec
learning rate = 0.0001000
(epoch: 2779, iters: 960, time: 0.002) pos_err: 12.876 ori_err: 40.876 reproj_err: 1692.166 
End of epoch 2779 / 4000 	 Time Taken: 10 sec
learning rate = 0.0001000
(epoch: 2780, iters: 1280, time: 0.001) pos_err: 12.058 ori_err: 48.179 reproj_err: 517.595 
saving the model at the end of epoch 2780, iters 3558400
End of epoch 2780 / 4000 	 Time Taken: 10 sec
learning rate = 0.0001000
End of epoch 2781 / 4000 	 Time Taken: 10 sec
learning rate = 0.0001000
(epoch: 2782, iters: 320, time: 0.002) pos_err: 12.073 ori_err: 42.282 reproj_err: 817.162 
End of epoch 2782 / 4000 	 Time Taken: 10 sec
learning rate = 0.0001000
(epoch: 2783, iters: 640, time: 0.001) pos_err: 12.180 ori_err: 41.530 reproj_err: 1448.893 
End of epoch 2783 / 4000 	 Time Taken: 10 sec
learning rate = 0.0001000
(epoch: 2784, iters: 960, time: 0.002) pos_err: 13.468 ori_err: 42.428 reproj_err: 700.159 
End of epoch 2784 / 4000 	 Time Taken: 11 sec
learning rate = 0.0001000
(epoch: 2785, iters: 1280, time: 0.001) pos_err: 12.593 ori_err: 53.255 reproj_err: 1322.072 
End of epoch 2785 / 4000 	 Time Taken: 10 sec
learning rate = 0.0001000
End of epoch 2786 / 4000 	 Time Taken: 10 sec
learning rate = 0.0001000
(epoch: 2787, iters: 320, time: 0.002) pos_err: 11.471 ori_err: 41.417 reproj_err: 1058.720 
End of epoch 2787 / 4000 	 Time Taken: 10 sec
learning rate = 0.0001000
(epoch: 2788, iters: 640, time: 0.002) pos_err: 13.331 ori_err: 39.448 reproj_err: 1541.536 
End of epoch 2788 / 4000 	 Time Taken: 9 sec
learning rate = 0.0001000
(epoch: 2789, iters: 960, time: 0.002) pos_err: 12.347 ori_err: 41.405 reproj_err: 2630.963 
End of epoch 2789 / 4000 	 Time Taken: 10 sec
learning rate = 0.0001000
(epoch: 2790, iters: 1280, time: 0.001) pos_err: 14.862 ori_err: 40.415 reproj_err: 4171.942 
saving the model at the end of epoch 2790, iters 3571200
End of epoch 2790 / 4000 	 Time Taken: 10 sec
learning rate = 0.0001000
End of epoch 2791 / 4000 	 Time Taken: 10 sec
learning rate = 0.0001000
(epoch: 2792, iters: 320, time: 0.002) pos_err: 14.011 ori_err: 42.686 reproj_err: 2007.379 
End of epoch 2792 / 4000 	 Time Taken: 10 sec
learning rate = 0.0001000
(epoch: 2793, iters: 640, time: 0.001) pos_err: 13.410 ori_err: 53.324 reproj_err: 2601.319 
End of epoch 2793 / 4000 	 Time Taken: 10 sec
learning rate = 0.0001000
(epoch: 2794, iters: 960, time: 0.002) pos_err: 10.153 ori_err: 40.572 reproj_err: 632.369 
End of epoch 2794 / 4000 	 Time Taken: 10 sec
learning rate = 0.0001000
(epoch: 2795, iters: 1280, time: 0.001) pos_err: 13.283 ori_err: 33.639 reproj_err: 268.379 
End of epoch 2795 / 4000 	 Time Taken: 10 sec
learning rate = 0.0001000
End of epoch 2796 / 4000 	 Time Taken: 10 sec
learning rate = 0.0001000
(epoch: 2797, iters: 320, time: 0.002) pos_err: 12.598 ori_err: 38.573 reproj_err: 1475.696 
End of epoch 2797 / 4000 	 Time Taken: 10 sec
learning rate = 0.0001000
(epoch: 2798, iters: 640, time: 0.002) pos_err: 12.812 ori_err: 40.838 reproj_err: 1763.786 
End of epoch 2798 / 4000 	 Time Taken: 10 sec
learning rate = 0.0001000
(epoch: 2799, iters: 960, time: 0.002) pos_err: 12.894 ori_err: 40.111 reproj_err: 1079.717 
End of epoch 2799 / 4000 	 Time Taken: 11 sec
learning rate = 0.0001000
(epoch: 2800, iters: 1280, time: 0.001) pos_err: 9.830 ori_err: 33.266 reproj_err: 1545.232 
saving the model at the end of epoch 2800, iters 3584000
End of epoch 2800 / 4000 	 Time Taken: 11 sec
learning rate = 0.0001000
End of epoch 2801 / 4000 	 Time Taken: 10 sec
learning rate = 0.0001000
(epoch: 2802, iters: 320, time: 0.002) pos_err: 13.345 ori_err: 41.434 reproj_err: 3743.192 
End of epoch 2802 / 4000 	 Time Taken: 10 sec
learning rate = 0.0001000
(epoch: 2803, iters: 640, time: 0.001) pos_err: 12.476 ori_err: 43.793 reproj_err: 1429.996 
End of epoch 2803 / 4000 	 Time Taken: 11 sec
learning rate = 0.0001000
(epoch: 2804, iters: 960, time: 0.002) pos_err: 12.483 ori_err: 41.291 reproj_err: 1997.891 
End of epoch 2804 / 4000 	 Time Taken: 10 sec
learning rate = 0.0001000
(epoch: 2805, iters: 1280, time: 0.001) pos_err: 17.021 ori_err: 27.711 reproj_err: 326.038 
End of epoch 2805 / 4000 	 Time Taken: 10 sec
learning rate = 0.0001000
End of epoch 2806 / 4000 	 Time Taken: 10 sec
learning rate = 0.0001000
(epoch: 2807, iters: 320, time: 0.002) pos_err: 12.975 ori_err: 42.495 reproj_err: 2506.805 
End of epoch 2807 / 4000 	 Time Taken: 10 sec
learning rate = 0.0001000
(epoch: 2808, iters: 640, time: 0.003) pos_err: 12.740 ori_err: 42.730 reproj_err: 2522.948 
End of epoch 2808 / 4000 	 Time Taken: 9 sec
learning rate = 0.0001000
(epoch: 2809, iters: 960, time: 0.002) pos_err: 12.659 ori_err: 39.032 reproj_err: 1271.971 
End of epoch 2809 / 4000 	 Time Taken: 11 sec
learning rate = 0.0001000
(epoch: 2810, iters: 1280, time: 0.002) pos_err: 12.922 ori_err: 43.745 reproj_err: 1171.139 
saving the model at the end of epoch 2810, iters 3596800
End of epoch 2810 / 4000 	 Time Taken: 11 sec
learning rate = 0.0001000
End of epoch 2811 / 4000 	 Time Taken: 10 sec
learning rate = 0.0001000
(epoch: 2812, iters: 320, time: 0.002) pos_err: 10.539 ori_err: 40.879 reproj_err: 705.389 
End of epoch 2812 / 4000 	 Time Taken: 11 sec
learning rate = 0.0001000
(epoch: 2813, iters: 640, time: 0.002) pos_err: 12.485 ori_err: 41.463 reproj_err: 1360.716 
End of epoch 2813 / 4000 	 Time Taken: 11 sec
learning rate = 0.0001000
(epoch: 2814, iters: 960, time: 0.002) pos_err: 11.542 ori_err: 42.619 reproj_err: 1472.091 
End of epoch 2814 / 4000 	 Time Taken: 9 sec
learning rate = 0.0001000
(epoch: 2815, iters: 1280, time: 0.001) pos_err: 9.998 ori_err: 42.815 reproj_err: 142.202 
End of epoch 2815 / 4000 	 Time Taken: 10 sec
learning rate = 0.0001000
End of epoch 2816 / 4000 	 Time Taken: 10 sec
learning rate = 0.0001000
(epoch: 2817, iters: 320, time: 0.002) pos_err: 12.577 ori_err: 44.438 reproj_err: 1996.095 
End of epoch 2817 / 4000 	 Time Taken: 9 sec
learning rate = 0.0001000
(epoch: 2818, iters: 640, time: 0.003) pos_err: 11.151 ori_err: 41.318 reproj_err: 894.794 
End of epoch 2818 / 4000 	 Time Taken: 9 sec
learning rate = 0.0001000
(epoch: 2819, iters: 960, time: 0.002) pos_err: 11.860 ori_err: 44.204 reproj_err: 915.117 
End of epoch 2819 / 4000 	 Time Taken: 10 sec
learning rate = 0.0001000
(epoch: 2820, iters: 1280, time: 0.001) pos_err: 11.352 ori_err: 45.035 reproj_err: 418.402 
saving the model at the end of epoch 2820, iters 3609600
End of epoch 2820 / 4000 	 Time Taken: 10 sec
learning rate = 0.0001000
End of epoch 2821 / 4000 	 Time Taken: 9 sec
learning rate = 0.0001000
(epoch: 2822, iters: 320, time: 0.002) pos_err: 12.595 ori_err: 41.788 reproj_err: 1394.291 
End of epoch 2822 / 4000 	 Time Taken: 10 sec
learning rate = 0.0001000
(epoch: 2823, iters: 640, time: 0.001) pos_err: 13.692 ori_err: 42.145 reproj_err: 2123.051 
End of epoch 2823 / 4000 	 Time Taken: 11 sec
learning rate = 0.0001000
(epoch: 2824, iters: 960, time: 0.002) pos_err: 11.680 ori_err: 39.591 reproj_err: 1359.814 
End of epoch 2824 / 4000 	 Time Taken: 10 sec
learning rate = 0.0001000
(epoch: 2825, iters: 1280, time: 0.001) pos_err: 11.022 ori_err: 65.380 reproj_err: 249.060 
End of epoch 2825 / 4000 	 Time Taken: 10 sec
learning rate = 0.0001000
End of epoch 2826 / 4000 	 Time Taken: 10 sec
learning rate = 0.0001000
(epoch: 2827, iters: 320, time: 0.002) pos_err: 11.571 ori_err: 43.311 reproj_err: 905.083 
End of epoch 2827 / 4000 	 Time Taken: 10 sec
learning rate = 0.0001000
(epoch: 2828, iters: 640, time: 0.001) pos_err: 12.226 ori_err: 41.911 reproj_err: 2587.962 
End of epoch 2828 / 4000 	 Time Taken: 10 sec
learning rate = 0.0001000
(epoch: 2829, iters: 960, time: 0.002) pos_err: 10.922 ori_err: 41.529 reproj_err: 700.489 
End of epoch 2829 / 4000 	 Time Taken: 10 sec
learning rate = 0.0001000
(epoch: 2830, iters: 1280, time: 0.001) pos_err: 8.135 ori_err: 49.908 reproj_err: 5249.262 
saving the model at the end of epoch 2830, iters 3622400
End of epoch 2830 / 4000 	 Time Taken: 10 sec
learning rate = 0.0001000
End of epoch 2831 / 4000 	 Time Taken: 9 sec
learning rate = 0.0001000
(epoch: 2832, iters: 320, time: 0.002) pos_err: 12.146 ori_err: 41.979 reproj_err: 1341.970 
End of epoch 2832 / 4000 	 Time Taken: 10 sec
learning rate = 0.0001000
(epoch: 2833, iters: 640, time: 0.002) pos_err: 11.092 ori_err: 40.219 reproj_err: 1631.120 
End of epoch 2833 / 4000 	 Time Taken: 9 sec
learning rate = 0.0001000
(epoch: 2834, iters: 960, time: 0.002) pos_err: 11.956 ori_err: 42.051 reproj_err: 1073.083 
End of epoch 2834 / 4000 	 Time Taken: 10 sec
learning rate = 0.0001000
(epoch: 2835, iters: 1280, time: 0.002) pos_err: 11.316 ori_err: 45.254 reproj_err: 324.155 
End of epoch 2835 / 4000 	 Time Taken: 10 sec
learning rate = 0.0001000
End of epoch 2836 / 4000 	 Time Taken: 11 sec
learning rate = 0.0001000
(epoch: 2837, iters: 320, time: 0.002) pos_err: 13.917 ori_err: 41.375 reproj_err: 2086.653 
End of epoch 2837 / 4000 	 Time Taken: 10 sec
learning rate = 0.0001000
(epoch: 2838, iters: 640, time: 0.001) pos_err: 11.954 ori_err: 43.467 reproj_err: 480.146 
End of epoch 2838 / 4000 	 Time Taken: 10 sec
learning rate = 0.0001000
(epoch: 2839, iters: 960, time: 0.002) pos_err: 13.298 ori_err: 42.296 reproj_err: 1721.098 
End of epoch 2839 / 4000 	 Time Taken: 10 sec
learning rate = 0.0001000
(epoch: 2840, iters: 1280, time: 0.001) pos_err: 16.102 ori_err: 32.757 reproj_err: 7162.646 
saving the model at the end of epoch 2840, iters 3635200
End of epoch 2840 / 4000 	 Time Taken: 10 sec
learning rate = 0.0001000
End of epoch 2841 / 4000 	 Time Taken: 10 sec
learning rate = 0.0001000
(epoch: 2842, iters: 320, time: 0.002) pos_err: 13.208 ori_err: 46.139 reproj_err: 1048.838 
End of epoch 2842 / 4000 	 Time Taken: 10 sec
learning rate = 0.0001000
(epoch: 2843, iters: 640, time: 0.001) pos_err: 13.003 ori_err: 44.172 reproj_err: 1289.472 
End of epoch 2843 / 4000 	 Time Taken: 11 sec
learning rate = 0.0001000
(epoch: 2844, iters: 960, time: 0.002) pos_err: 12.095 ori_err: 38.143 reproj_err: 863.245 
End of epoch 2844 / 4000 	 Time Taken: 9 sec
learning rate = 0.0001000
(epoch: 2845, iters: 1280, time: 0.001) pos_err: 14.852 ori_err: 40.930 reproj_err: 237.575 
End of epoch 2845 / 4000 	 Time Taken: 10 sec
learning rate = 0.0001000
End of epoch 2846 / 4000 	 Time Taken: 10 sec
learning rate = 0.0001000
(epoch: 2847, iters: 320, time: 0.002) pos_err: 13.887 ori_err: 42.249 reproj_err: 2463.753 
End of epoch 2847 / 4000 	 Time Taken: 10 sec
learning rate = 0.0001000
(epoch: 2848, iters: 640, time: 0.001) pos_err: 13.524 ori_err: 39.733 reproj_err: 1482.636 
End of epoch 2848 / 4000 	 Time Taken: 10 sec
learning rate = 0.0001000
(epoch: 2849, iters: 960, time: 0.002) pos_err: 12.003 ori_err: 41.082 reproj_err: 1261.105 
End of epoch 2849 / 4000 	 Time Taken: 10 sec
learning rate = 0.0001000
(epoch: 2850, iters: 1280, time: 0.001) pos_err: 7.800 ori_err: 44.979 reproj_err: 136.715 
saving the model at the end of epoch 2850, iters 3648000
End of epoch 2850 / 4000 	 Time Taken: 10 sec
learning rate = 0.0001000
End of epoch 2851 / 4000 	 Time Taken: 10 sec
learning rate = 0.0001000
(epoch: 2852, iters: 320, time: 0.001) pos_err: 13.427 ori_err: 39.154 reproj_err: 1783.023 
End of epoch 2852 / 4000 	 Time Taken: 10 sec
learning rate = 0.0001000
(epoch: 2853, iters: 640, time: 0.001) pos_err: 12.573 ori_err: 38.644 reproj_err: 1967.514 
End of epoch 2853 / 4000 	 Time Taken: 10 sec
learning rate = 0.0001000
(epoch: 2854, iters: 960, time: 0.002) pos_err: 11.151 ori_err: 39.263 reproj_err: 1446.330 
End of epoch 2854 / 4000 	 Time Taken: 10 sec
learning rate = 0.0001000
(epoch: 2855, iters: 1280, time: 0.001) pos_err: 13.478 ori_err: 42.069 reproj_err: 167.067 
End of epoch 2855 / 4000 	 Time Taken: 11 sec
learning rate = 0.0001000
End of epoch 2856 / 4000 	 Time Taken: 10 sec
learning rate = 0.0001000
(epoch: 2857, iters: 320, time: 0.002) pos_err: 12.675 ori_err: 41.936 reproj_err: 793.372 
End of epoch 2857 / 4000 	 Time Taken: 10 sec
learning rate = 0.0001000
(epoch: 2858, iters: 640, time: 0.001) pos_err: 13.832 ori_err: 41.962 reproj_err: 2160.612 
End of epoch 2858 / 4000 	 Time Taken: 11 sec
learning rate = 0.0001000
(epoch: 2859, iters: 960, time: 0.002) pos_err: 12.797 ori_err: 39.699 reproj_err: 2108.065 
End of epoch 2859 / 4000 	 Time Taken: 10 sec
learning rate = 0.0001000
(epoch: 2860, iters: 1280, time: 0.001) pos_err: 8.696 ori_err: 44.850 reproj_err: 138.844 
saving the model at the end of epoch 2860, iters 3660800
End of epoch 2860 / 4000 	 Time Taken: 11 sec
learning rate = 0.0001000
End of epoch 2861 / 4000 	 Time Taken: 9 sec
learning rate = 0.0001000
(epoch: 2862, iters: 320, time: 0.003) pos_err: 13.107 ori_err: 46.907 reproj_err: 2349.065 
End of epoch 2862 / 4000 	 Time Taken: 10 sec
learning rate = 0.0001000
(epoch: 2863, iters: 640, time: 0.002) pos_err: 14.115 ori_err: 39.954 reproj_err: 2236.688 
End of epoch 2863 / 4000 	 Time Taken: 10 sec
learning rate = 0.0001000
(epoch: 2864, iters: 960, time: 0.002) pos_err: 11.622 ori_err: 41.369 reproj_err: 970.876 
End of epoch 2864 / 4000 	 Time Taken: 11 sec
learning rate = 0.0001000
(epoch: 2865, iters: 1280, time: 0.001) pos_err: 10.131 ori_err: 46.700 reproj_err: 2368.043 
End of epoch 2865 / 4000 	 Time Taken: 10 sec
learning rate = 0.0001000
End of epoch 2866 / 4000 	 Time Taken: 11 sec
learning rate = 0.0001000
(epoch: 2867, iters: 320, time: 0.002) pos_err: 13.391 ori_err: 43.699 reproj_err: 1963.510 
End of epoch 2867 / 4000 	 Time Taken: 11 sec
learning rate = 0.0001000
(epoch: 2868, iters: 640, time: 0.002) pos_err: 12.155 ori_err: 42.928 reproj_err: 2556.066 
End of epoch 2868 / 4000 	 Time Taken: 10 sec
learning rate = 0.0001000
(epoch: 2869, iters: 960, time: 0.002) pos_err: 11.423 ori_err: 37.030 reproj_err: 1444.647 
End of epoch 2869 / 4000 	 Time Taken: 9 sec
learning rate = 0.0001000
(epoch: 2870, iters: 1280, time: 0.001) pos_err: 14.434 ori_err: 39.797 reproj_err: 3279.036 
saving the model at the end of epoch 2870, iters 3673600
End of epoch 2870 / 4000 	 Time Taken: 10 sec
learning rate = 0.0001000
End of epoch 2871 / 4000 	 Time Taken: 10 sec
learning rate = 0.0001000
(epoch: 2872, iters: 320, time: 0.002) pos_err: 11.278 ori_err: 39.876 reproj_err: 1109.393 
End of epoch 2872 / 4000 	 Time Taken: 10 sec
learning rate = 0.0001000
(epoch: 2873, iters: 640, time: 0.002) pos_err: 11.228 ori_err: 43.603 reproj_err: 854.746 
End of epoch 2873 / 4000 	 Time Taken: 10 sec
learning rate = 0.0001000
(epoch: 2874, iters: 960, time: 0.002) pos_err: 12.303 ori_err: 42.136 reproj_err: 1319.020 
End of epoch 2874 / 4000 	 Time Taken: 10 sec
learning rate = 0.0001000
(epoch: 2875, iters: 1280, time: 0.001) pos_err: 10.117 ori_err: 47.419 reproj_err: 1275.252 
End of epoch 2875 / 4000 	 Time Taken: 10 sec
learning rate = 0.0001000
End of epoch 2876 / 4000 	 Time Taken: 11 sec
learning rate = 0.0001000
(epoch: 2877, iters: 320, time: 0.003) pos_err: 11.586 ori_err: 41.668 reproj_err: 1349.292 
End of epoch 2877 / 4000 	 Time Taken: 10 sec
learning rate = 0.0001000
(epoch: 2878, iters: 640, time: 0.002) pos_err: 12.103 ori_err: 39.488 reproj_err: 1241.649 
End of epoch 2878 / 4000 	 Time Taken: 9 sec
learning rate = 0.0001000
(epoch: 2879, iters: 960, time: 0.002) pos_err: 11.605 ori_err: 41.759 reproj_err: 1664.855 
End of epoch 2879 / 4000 	 Time Taken: 10 sec
learning rate = 0.0001000
(epoch: 2880, iters: 1280, time: 0.001) pos_err: 18.263 ori_err: 48.988 reproj_err: 1504.811 
saving the model at the end of epoch 2880, iters 3686400
End of epoch 2880 / 4000 	 Time Taken: 10 sec
learning rate = 0.0001000
End of epoch 2881 / 4000 	 Time Taken: 10 sec
learning rate = 0.0001000
(epoch: 2882, iters: 320, time: 0.003) pos_err: 11.095 ori_err: 40.530 reproj_err: 2417.103 
End of epoch 2882 / 4000 	 Time Taken: 10 sec
learning rate = 0.0001000
(epoch: 2883, iters: 640, time: 0.002) pos_err: 11.846 ori_err: 39.960 reproj_err: 1250.933 
End of epoch 2883 / 4000 	 Time Taken: 11 sec
learning rate = 0.0001000
(epoch: 2884, iters: 960, time: 0.002) pos_err: 11.613 ori_err: 41.667 reproj_err: 2692.630 
End of epoch 2884 / 4000 	 Time Taken: 11 sec
learning rate = 0.0001000
(epoch: 2885, iters: 1280, time: 0.001) pos_err: 14.063 ori_err: 33.322 reproj_err: 415.176 
End of epoch 2885 / 4000 	 Time Taken: 10 sec
learning rate = 0.0001000
End of epoch 2886 / 4000 	 Time Taken: 9 sec
learning rate = 0.0001000
(epoch: 2887, iters: 320, time: 0.002) pos_err: 12.471 ori_err: 40.108 reproj_err: 1931.412 
End of epoch 2887 / 4000 	 Time Taken: 10 sec
learning rate = 0.0001000
(epoch: 2888, iters: 640, time: 0.002) pos_err: 11.006 ori_err: 40.282 reproj_err: 818.984 
End of epoch 2888 / 4000 	 Time Taken: 10 sec
learning rate = 0.0001000
(epoch: 2889, iters: 960, time: 0.002) pos_err: 11.199 ori_err: 43.982 reproj_err: 1379.747 
End of epoch 2889 / 4000 	 Time Taken: 10 sec
learning rate = 0.0001000
(epoch: 2890, iters: 1280, time: 0.001) pos_err: 12.434 ori_err: 40.304 reproj_err: 290.809 
saving the model at the end of epoch 2890, iters 3699200
End of epoch 2890 / 4000 	 Time Taken: 10 sec
learning rate = 0.0001000
End of epoch 2891 / 4000 	 Time Taken: 10 sec
learning rate = 0.0001000
(epoch: 2892, iters: 320, time: 0.002) pos_err: 11.726 ori_err: 43.607 reproj_err: 1966.355 
End of epoch 2892 / 4000 	 Time Taken: 10 sec
learning rate = 0.0001000
(epoch: 2893, iters: 640, time: 0.002) pos_err: 13.427 ori_err: 43.828 reproj_err: 1294.129 
End of epoch 2893 / 4000 	 Time Taken: 11 sec
learning rate = 0.0001000
(epoch: 2894, iters: 960, time: 0.002) pos_err: 12.350 ori_err: 44.072 reproj_err: 936.225 
End of epoch 2894 / 4000 	 Time Taken: 10 sec
learning rate = 0.0001000
(epoch: 2895, iters: 1280, time: 0.001) pos_err: 14.745 ori_err: 41.110 reproj_err: 1401.765 
End of epoch 2895 / 4000 	 Time Taken: 10 sec
learning rate = 0.0001000
End of epoch 2896 / 4000 	 Time Taken: 10 sec
learning rate = 0.0001000
(epoch: 2897, iters: 320, time: 0.003) pos_err: 11.553 ori_err: 38.790 reproj_err: 1811.996 
End of epoch 2897 / 4000 	 Time Taken: 10 sec
learning rate = 0.0001000
(epoch: 2898, iters: 640, time: 0.002) pos_err: 12.673 ori_err: 42.395 reproj_err: 1921.550 
End of epoch 2898 / 4000 	 Time Taken: 10 sec
learning rate = 0.0001000
(epoch: 2899, iters: 960, time: 0.002) pos_err: 12.063 ori_err: 39.666 reproj_err: 1567.783 
End of epoch 2899 / 4000 	 Time Taken: 10 sec
learning rate = 0.0001000
(epoch: 2900, iters: 1280, time: 0.001) pos_err: 14.284 ori_err: 34.765 reproj_err: 2130.457 
saving the model at the end of epoch 2900, iters 3712000
End of epoch 2900 / 4000 	 Time Taken: 10 sec
learning rate = 0.0001000
End of epoch 2901 / 4000 	 Time Taken: 10 sec
learning rate = 0.0001000
(epoch: 2902, iters: 320, time: 0.002) pos_err: 12.221 ori_err: 38.966 reproj_err: 1584.318 
End of epoch 2902 / 4000 	 Time Taken: 10 sec
learning rate = 0.0001000
(epoch: 2903, iters: 640, time: 0.002) pos_err: 11.726 ori_err: 45.407 reproj_err: 1599.969 
End of epoch 2903 / 4000 	 Time Taken: 11 sec
learning rate = 0.0001000
(epoch: 2904, iters: 960, time: 0.002) pos_err: 10.327 ori_err: 40.946 reproj_err: 752.860 
End of epoch 2904 / 4000 	 Time Taken: 10 sec
learning rate = 0.0001000
(epoch: 2905, iters: 1280, time: 0.001) pos_err: 10.820 ori_err: 39.516 reproj_err: 1134.447 
End of epoch 2905 / 4000 	 Time Taken: 10 sec
learning rate = 0.0001000
End of epoch 2906 / 4000 	 Time Taken: 10 sec
learning rate = 0.0001000
(epoch: 2907, iters: 320, time: 0.002) pos_err: 13.755 ori_err: 44.076 reproj_err: 1803.813 
End of epoch 2907 / 4000 	 Time Taken: 10 sec
learning rate = 0.0001000
(epoch: 2908, iters: 640, time: 0.001) pos_err: 12.969 ori_err: 41.244 reproj_err: 1397.147 
End of epoch 2908 / 4000 	 Time Taken: 10 sec
learning rate = 0.0001000
(epoch: 2909, iters: 960, time: 0.002) pos_err: 13.461 ori_err: 43.637 reproj_err: 1382.329 
End of epoch 2909 / 4000 	 Time Taken: 10 sec
learning rate = 0.0001000
(epoch: 2910, iters: 1280, time: 0.001) pos_err: 9.220 ori_err: 38.234 reproj_err: 169.323 
saving the model at the end of epoch 2910, iters 3724800
End of epoch 2910 / 4000 	 Time Taken: 12 sec
learning rate = 0.0001000
End of epoch 2911 / 4000 	 Time Taken: 10 sec
learning rate = 0.0001000
(epoch: 2912, iters: 320, time: 0.003) pos_err: 13.776 ori_err: 40.973 reproj_err: 2397.348 
End of epoch 2912 / 4000 	 Time Taken: 10 sec
learning rate = 0.0001000
(epoch: 2913, iters: 640, time: 0.002) pos_err: 11.261 ori_err: 43.253 reproj_err: 1414.000 
End of epoch 2913 / 4000 	 Time Taken: 11 sec
learning rate = 0.0001000
(epoch: 2914, iters: 960, time: 0.002) pos_err: 11.232 ori_err: 42.265 reproj_err: 1312.919 
End of epoch 2914 / 4000 	 Time Taken: 11 sec
learning rate = 0.0001000
(epoch: 2915, iters: 1280, time: 0.001) pos_err: 14.173 ori_err: 39.560 reproj_err: 1729.606 
End of epoch 2915 / 4000 	 Time Taken: 11 sec
learning rate = 0.0001000
End of epoch 2916 / 4000 	 Time Taken: 10 sec
learning rate = 0.0001000
(epoch: 2917, iters: 320, time: 0.002) pos_err: 11.643 ori_err: 40.810 reproj_err: 1449.571 
End of epoch 2917 / 4000 	 Time Taken: 10 sec
learning rate = 0.0001000
(epoch: 2918, iters: 640, time: 0.002) pos_err: 11.423 ori_err: 40.639 reproj_err: 1224.542 
End of epoch 2918 / 4000 	 Time Taken: 10 sec
learning rate = 0.0001000
(epoch: 2919, iters: 960, time: 0.002) pos_err: 11.461 ori_err: 44.101 reproj_err: 861.426 
End of epoch 2919 / 4000 	 Time Taken: 10 sec
learning rate = 0.0001000
(epoch: 2920, iters: 1280, time: 0.001) pos_err: 9.515 ori_err: 49.324 reproj_err: 183.472 
saving the model at the end of epoch 2920, iters 3737600
End of epoch 2920 / 4000 	 Time Taken: 11 sec
learning rate = 0.0001000
End of epoch 2921 / 4000 	 Time Taken: 10 sec
learning rate = 0.0001000
(epoch: 2922, iters: 320, time: 0.003) pos_err: 10.632 ori_err: 42.892 reproj_err: 479.216 
End of epoch 2922 / 4000 	 Time Taken: 9 sec
learning rate = 0.0001000
(epoch: 2923, iters: 640, time: 0.002) pos_err: 10.421 ori_err: 43.293 reproj_err: 891.921 
End of epoch 2923 / 4000 	 Time Taken: 10 sec
learning rate = 0.0001000
(epoch: 2924, iters: 960, time: 0.002) pos_err: 11.501 ori_err: 42.250 reproj_err: 759.266 
End of epoch 2924 / 4000 	 Time Taken: 10 sec
learning rate = 0.0001000
(epoch: 2925, iters: 1280, time: 0.001) pos_err: 8.311 ori_err: 38.930 reproj_err: 782.603 
End of epoch 2925 / 4000 	 Time Taken: 10 sec
learning rate = 0.0001000
End of epoch 2926 / 4000 	 Time Taken: 11 sec
learning rate = 0.0001000
(epoch: 2927, iters: 320, time: 0.003) pos_err: 14.563 ori_err: 41.811 reproj_err: 2525.340 
End of epoch 2927 / 4000 	 Time Taken: 10 sec
learning rate = 0.0001000
(epoch: 2928, iters: 640, time: 0.001) pos_err: 11.186 ori_err: 43.248 reproj_err: 2450.532 
End of epoch 2928 / 4000 	 Time Taken: 10 sec
learning rate = 0.0001000
(epoch: 2929, iters: 960, time: 0.002) pos_err: 12.573 ori_err: 39.642 reproj_err: 1184.202 
End of epoch 2929 / 4000 	 Time Taken: 9 sec
learning rate = 0.0001000
(epoch: 2930, iters: 1280, time: 0.001) pos_err: 8.587 ori_err: 33.180 reproj_err: 201.248 
saving the model at the end of epoch 2930, iters 3750400
End of epoch 2930 / 4000 	 Time Taken: 11 sec
learning rate = 0.0001000
End of epoch 2931 / 4000 	 Time Taken: 10 sec
learning rate = 0.0001000
(epoch: 2932, iters: 320, time: 0.002) pos_err: 12.925 ori_err: 42.172 reproj_err: 1168.625 
End of epoch 2932 / 4000 	 Time Taken: 10 sec
learning rate = 0.0001000
(epoch: 2933, iters: 640, time: 0.002) pos_err: 11.936 ori_err: 44.866 reproj_err: 1494.281 
End of epoch 2933 / 4000 	 Time Taken: 10 sec
learning rate = 0.0001000
(epoch: 2934, iters: 960, time: 0.002) pos_err: 11.985 ori_err: 43.678 reproj_err: 709.076 
End of epoch 2934 / 4000 	 Time Taken: 10 sec
learning rate = 0.0001000
(epoch: 2935, iters: 1280, time: 0.001) pos_err: 8.240 ori_err: 44.194 reproj_err: 191.204 
End of epoch 2935 / 4000 	 Time Taken: 11 sec
learning rate = 0.0001000
End of epoch 2936 / 4000 	 Time Taken: 10 sec
learning rate = 0.0001000
(epoch: 2937, iters: 320, time: 0.002) pos_err: 12.915 ori_err: 41.632 reproj_err: 1977.437 
End of epoch 2937 / 4000 	 Time Taken: 9 sec
learning rate = 0.0001000
(epoch: 2938, iters: 640, time: 0.001) pos_err: 12.011 ori_err: 45.787 reproj_err: 881.958 
End of epoch 2938 / 4000 	 Time Taken: 10 sec
learning rate = 0.0001000
(epoch: 2939, iters: 960, time: 0.002) pos_err: 13.767 ori_err: 38.715 reproj_err: 1103.240 
End of epoch 2939 / 4000 	 Time Taken: 9 sec
learning rate = 0.0001000
(epoch: 2940, iters: 1280, time: 0.001) pos_err: 11.212 ori_err: 55.624 reproj_err: 198.202 
saving the model at the end of epoch 2940, iters 3763200
End of epoch 2940 / 4000 	 Time Taken: 10 sec
learning rate = 0.0001000
End of epoch 2941 / 4000 	 Time Taken: 9 sec
learning rate = 0.0001000
(epoch: 2942, iters: 320, time: 0.002) pos_err: 13.067 ori_err: 41.390 reproj_err: 2062.278 
End of epoch 2942 / 4000 	 Time Taken: 10 sec
learning rate = 0.0001000
(epoch: 2943, iters: 640, time: 0.001) pos_err: 11.782 ori_err: 44.846 reproj_err: 1408.985 
End of epoch 2943 / 4000 	 Time Taken: 11 sec
learning rate = 0.0001000
(epoch: 2944, iters: 960, time: 0.002) pos_err: 10.873 ori_err: 39.450 reproj_err: 1776.709 
End of epoch 2944 / 4000 	 Time Taken: 10 sec
learning rate = 0.0001000
(epoch: 2945, iters: 1280, time: 0.001) pos_err: 16.604 ori_err: 46.589 reproj_err: 815.776 
End of epoch 2945 / 4000 	 Time Taken: 10 sec
learning rate = 0.0001000
End of epoch 2946 / 4000 	 Time Taken: 10 sec
learning rate = 0.0001000
(epoch: 2947, iters: 320, time: 0.002) pos_err: 12.795 ori_err: 40.649 reproj_err: 1011.749 
End of epoch 2947 / 4000 	 Time Taken: 10 sec
learning rate = 0.0001000
(epoch: 2948, iters: 640, time: 0.002) pos_err: 11.257 ori_err: 40.755 reproj_err: 754.694 
End of epoch 2948 / 4000 	 Time Taken: 9 sec
learning rate = 0.0001000
(epoch: 2949, iters: 960, time: 0.002) pos_err: 11.640 ori_err: 40.211 reproj_err: 848.860 
End of epoch 2949 / 4000 	 Time Taken: 10 sec
learning rate = 0.0001000
(epoch: 2950, iters: 1280, time: 0.001) pos_err: 10.917 ori_err: 50.282 reproj_err: 196.957 
saving the model at the end of epoch 2950, iters 3776000
End of epoch 2950 / 4000 	 Time Taken: 10 sec
learning rate = 0.0001000
End of epoch 2951 / 4000 	 Time Taken: 9 sec
learning rate = 0.0001000
(epoch: 2952, iters: 320, time: 0.002) pos_err: 12.703 ori_err: 43.824 reproj_err: 2432.488 
End of epoch 2952 / 4000 	 Time Taken: 11 sec
learning rate = 0.0001000
(epoch: 2953, iters: 640, time: 0.001) pos_err: 12.736 ori_err: 42.219 reproj_err: 2772.519 
End of epoch 2953 / 4000 	 Time Taken: 11 sec
learning rate = 0.0001000
(epoch: 2954, iters: 960, time: 0.002) pos_err: 11.689 ori_err: 39.707 reproj_err: 501.523 
End of epoch 2954 / 4000 	 Time Taken: 10 sec
learning rate = 0.0001000
(epoch: 2955, iters: 1280, time: 0.001) pos_err: 5.526 ori_err: 34.500 reproj_err: 96.134 
End of epoch 2955 / 4000 	 Time Taken: 11 sec
learning rate = 0.0001000
End of epoch 2956 / 4000 	 Time Taken: 10 sec
learning rate = 0.0001000
(epoch: 2957, iters: 320, time: 0.002) pos_err: 13.411 ori_err: 39.722 reproj_err: 2232.684 
End of epoch 2957 / 4000 	 Time Taken: 10 sec
learning rate = 0.0001000
(epoch: 2958, iters: 640, time: 0.002) pos_err: 11.924 ori_err: 43.523 reproj_err: 959.858 
End of epoch 2958 / 4000 	 Time Taken: 10 sec
learning rate = 0.0001000
(epoch: 2959, iters: 960, time: 0.001) pos_err: 11.867 ori_err: 40.589 reproj_err: 1642.781 
End of epoch 2959 / 4000 	 Time Taken: 10 sec
learning rate = 0.0001000
(epoch: 2960, iters: 1280, time: 0.002) pos_err: 7.067 ori_err: 38.117 reproj_err: 145.906 
saving the model at the end of epoch 2960, iters 3788800
End of epoch 2960 / 4000 	 Time Taken: 10 sec
learning rate = 0.0001000
End of epoch 2961 / 4000 	 Time Taken: 10 sec
learning rate = 0.0001000
(epoch: 2962, iters: 320, time: 0.003) pos_err: 12.865 ori_err: 42.061 reproj_err: 1931.191 
End of epoch 2962 / 4000 	 Time Taken: 9 sec
learning rate = 0.0001000
(epoch: 2963, iters: 640, time: 0.002) pos_err: 12.853 ori_err: 43.344 reproj_err: 1557.006 
End of epoch 2963 / 4000 	 Time Taken: 11 sec
learning rate = 0.0001000
(epoch: 2964, iters: 960, time: 0.002) pos_err: 12.438 ori_err: 44.497 reproj_err: 916.324 
End of epoch 2964 / 4000 	 Time Taken: 10 sec
learning rate = 0.0001000
(epoch: 2965, iters: 1280, time: 0.002) pos_err: 13.581 ori_err: 42.407 reproj_err: 763.934 
End of epoch 2965 / 4000 	 Time Taken: 11 sec
learning rate = 0.0001000
End of epoch 2966 / 4000 	 Time Taken: 9 sec
learning rate = 0.0001000
(epoch: 2967, iters: 320, time: 0.003) pos_err: 13.482 ori_err: 45.164 reproj_err: 3023.573 
End of epoch 2967 / 4000 	 Time Taken: 9 sec
learning rate = 0.0001000
(epoch: 2968, iters: 640, time: 0.002) pos_err: 13.108 ori_err: 41.083 reproj_err: 626.197 
End of epoch 2968 / 4000 	 Time Taken: 10 sec
learning rate = 0.0001000
(epoch: 2969, iters: 960, time: 0.002) pos_err: 10.638 ori_err: 39.254 reproj_err: 554.913 
End of epoch 2969 / 4000 	 Time Taken: 10 sec
learning rate = 0.0001000
(epoch: 2970, iters: 1280, time: 0.002) pos_err: 14.622 ori_err: 35.074 reproj_err: 273.861 
saving the model at the end of epoch 2970, iters 3801600
End of epoch 2970 / 4000 	 Time Taken: 10 sec
learning rate = 0.0001000
End of epoch 2971 / 4000 	 Time Taken: 10 sec
learning rate = 0.0001000
(epoch: 2972, iters: 320, time: 0.002) pos_err: 13.634 ori_err: 39.000 reproj_err: 2233.596 
End of epoch 2972 / 4000 	 Time Taken: 9 sec
learning rate = 0.0001000
(epoch: 2973, iters: 640, time: 0.001) pos_err: 12.797 ori_err: 41.204 reproj_err: 1212.786 
End of epoch 2973 / 4000 	 Time Taken: 10 sec
learning rate = 0.0001000
(epoch: 2974, iters: 960, time: 0.001) pos_err: 12.763 ori_err: 43.504 reproj_err: 1708.883 
End of epoch 2974 / 4000 	 Time Taken: 11 sec
learning rate = 0.0001000
(epoch: 2975, iters: 1280, time: 0.001) pos_err: 10.354 ori_err: 35.547 reproj_err: 114.245 
End of epoch 2975 / 4000 	 Time Taken: 9 sec
learning rate = 0.0001000
End of epoch 2976 / 4000 	 Time Taken: 10 sec
learning rate = 0.0001000
(epoch: 2977, iters: 320, time: 0.002) pos_err: 12.190 ori_err: 41.928 reproj_err: 1394.741 
End of epoch 2977 / 4000 	 Time Taken: 10 sec
learning rate = 0.0001000
(epoch: 2978, iters: 640, time: 0.003) pos_err: 10.643 ori_err: 40.270 reproj_err: 1549.871 
End of epoch 2978 / 4000 	 Time Taken: 9 sec
learning rate = 0.0001000
(epoch: 2979, iters: 960, time: 0.002) pos_err: 12.073 ori_err: 41.147 reproj_err: 1528.287 
End of epoch 2979 / 4000 	 Time Taken: 11 sec
learning rate = 0.0001000
(epoch: 2980, iters: 1280, time: 0.002) pos_err: 10.410 ori_err: 86.716 reproj_err: 347.263 
saving the model at the end of epoch 2980, iters 3814400
End of epoch 2980 / 4000 	 Time Taken: 10 sec
learning rate = 0.0001000
End of epoch 2981 / 4000 	 Time Taken: 11 sec
learning rate = 0.0001000
(epoch: 2982, iters: 320, time: 0.002) pos_err: 10.515 ori_err: 43.691 reproj_err: 1019.613 
End of epoch 2982 / 4000 	 Time Taken: 10 sec
learning rate = 0.0001000
(epoch: 2983, iters: 640, time: 0.002) pos_err: 11.780 ori_err: 41.556 reproj_err: 503.141 
End of epoch 2983 / 4000 	 Time Taken: 9 sec
learning rate = 0.0001000
(epoch: 2984, iters: 960, time: 0.002) pos_err: 11.541 ori_err: 38.586 reproj_err: 2002.763 
End of epoch 2984 / 4000 	 Time Taken: 10 sec
learning rate = 0.0001000
(epoch: 2985, iters: 1280, time: 0.001) pos_err: 7.548 ori_err: 36.885 reproj_err: 148.088 
End of epoch 2985 / 4000 	 Time Taken: 10 sec
learning rate = 0.0001000
End of epoch 2986 / 4000 	 Time Taken: 10 sec
learning rate = 0.0001000
(epoch: 2987, iters: 320, time: 0.003) pos_err: 10.472 ori_err: 40.275 reproj_err: 719.110 
End of epoch 2987 / 4000 	 Time Taken: 10 sec
learning rate = 0.0001000
(epoch: 2988, iters: 640, time: 0.002) pos_err: 12.338 ori_err: 43.779 reproj_err: 1248.467 
End of epoch 2988 / 4000 	 Time Taken: 10 sec
learning rate = 0.0001000
(epoch: 2989, iters: 960, time: 0.002) pos_err: 11.929 ori_err: 41.233 reproj_err: 832.737 
End of epoch 2989 / 4000 	 Time Taken: 10 sec
learning rate = 0.0001000
(epoch: 2990, iters: 1280, time: 0.001) pos_err: 11.367 ori_err: 28.973 reproj_err: 2382.035 
saving the model at the end of epoch 2990, iters 3827200
End of epoch 2990 / 4000 	 Time Taken: 10 sec
learning rate = 0.0001000
End of epoch 2991 / 4000 	 Time Taken: 9 sec
learning rate = 0.0001000
(epoch: 2992, iters: 320, time: 0.002) pos_err: 13.371 ori_err: 41.104 reproj_err: 2992.269 
End of epoch 2992 / 4000 	 Time Taken: 10 sec
learning rate = 0.0001000
(epoch: 2993, iters: 640, time: 0.002) pos_err: 13.498 ori_err: 39.478 reproj_err: 3315.717 
End of epoch 2993 / 4000 	 Time Taken: 10 sec
learning rate = 0.0001000
(epoch: 2994, iters: 960, time: 0.002) pos_err: 12.922 ori_err: 38.645 reproj_err: 1663.722 
End of epoch 2994 / 4000 	 Time Taken: 10 sec
learning rate = 0.0001000
(epoch: 2995, iters: 1280, time: 0.001) pos_err: 9.868 ori_err: 37.611 reproj_err: 232.051 
End of epoch 2995 / 4000 	 Time Taken: 10 sec
learning rate = 0.0001000
End of epoch 2996 / 4000 	 Time Taken: 10 sec
learning rate = 0.0001000
(epoch: 2997, iters: 320, time: 0.002) pos_err: 11.470 ori_err: 42.045 reproj_err: 1030.054 
End of epoch 2997 / 4000 	 Time Taken: 10 sec
learning rate = 0.0001000
(epoch: 2998, iters: 640, time: 0.002) pos_err: 11.222 ori_err: 43.540 reproj_err: 1097.020 
End of epoch 2998 / 4000 	 Time Taken: 9 sec
learning rate = 0.0001000
(epoch: 2999, iters: 960, time: 0.002) pos_err: 11.985 ori_err: 41.605 reproj_err: 2352.521 
End of epoch 2999 / 4000 	 Time Taken: 9 sec
learning rate = 0.0001000
(epoch: 3000, iters: 1280, time: 0.001) pos_err: 8.787 ori_err: 33.161 reproj_err: 208.480 
saving the model at the end of epoch 3000, iters 3840000
End of epoch 3000 / 4000 	 Time Taken: 10 sec
learning rate = 0.0001000
End of epoch 3001 / 4000 	 Time Taken: 10 sec
learning rate = 0.0001000
(epoch: 3002, iters: 320, time: 0.002) pos_err: 12.625 ori_err: 38.633 reproj_err: 1242.980 
End of epoch 3002 / 4000 	 Time Taken: 9 sec
learning rate = 0.0001000
(epoch: 3003, iters: 640, time: 0.002) pos_err: 13.758 ori_err: 41.439 reproj_err: 2441.118 
End of epoch 3003 / 4000 	 Time Taken: 10 sec
learning rate = 0.0001000
(epoch: 3004, iters: 960, time: 0.002) pos_err: 11.746 ori_err: 38.934 reproj_err: 1080.256 
End of epoch 3004 / 4000 	 Time Taken: 9 sec
learning rate = 0.0001000
(epoch: 3005, iters: 1280, time: 0.001) pos_err: 8.230 ori_err: 54.146 reproj_err: 200.171 
End of epoch 3005 / 4000 	 Time Taken: 10 sec
learning rate = 0.0001000
End of epoch 3006 / 4000 	 Time Taken: 10 sec
learning rate = 0.0001000
(epoch: 3007, iters: 320, time: 0.002) pos_err: 12.149 ori_err: 43.225 reproj_err: 1186.992 
End of epoch 3007 / 4000 	 Time Taken: 10 sec
learning rate = 0.0001000
(epoch: 3008, iters: 640, time: 0.001) pos_err: 11.859 ori_err: 39.594 reproj_err: 1796.304 
End of epoch 3008 / 4000 	 Time Taken: 11 sec
learning rate = 0.0001000
(epoch: 3009, iters: 960, time: 0.002) pos_err: 12.804 ori_err: 44.587 reproj_err: 577.570 
End of epoch 3009 / 4000 	 Time Taken: 10 sec
learning rate = 0.0001000
(epoch: 3010, iters: 1280, time: 0.001) pos_err: 18.474 ori_err: 49.266 reproj_err: 3769.128 
saving the model at the end of epoch 3010, iters 3852800
End of epoch 3010 / 4000 	 Time Taken: 10 sec
learning rate = 0.0001000
End of epoch 3011 / 4000 	 Time Taken: 10 sec
learning rate = 0.0001000
(epoch: 3012, iters: 320, time: 0.002) pos_err: 12.411 ori_err: 41.056 reproj_err: 1122.012 
End of epoch 3012 / 4000 	 Time Taken: 10 sec
learning rate = 0.0001000
(epoch: 3013, iters: 640, time: 0.002) pos_err: 12.493 ori_err: 43.164 reproj_err: 1123.389 
End of epoch 3013 / 4000 	 Time Taken: 10 sec
learning rate = 0.0001000
(epoch: 3014, iters: 960, time: 0.002) pos_err: 11.532 ori_err: 42.472 reproj_err: 1140.109 
End of epoch 3014 / 4000 	 Time Taken: 9 sec
learning rate = 0.0001000
(epoch: 3015, iters: 1280, time: 0.001) pos_err: 7.766 ori_err: 53.801 reproj_err: 178.788 
End of epoch 3015 / 4000 	 Time Taken: 9 sec
learning rate = 0.0001000
End of epoch 3016 / 4000 	 Time Taken: 10 sec
learning rate = 0.0001000
(epoch: 3017, iters: 320, time: 0.002) pos_err: 11.966 ori_err: 43.255 reproj_err: 1825.640 
End of epoch 3017 / 4000 	 Time Taken: 11 sec
learning rate = 0.0001000
(epoch: 3018, iters: 640, time: 0.002) pos_err: 12.998 ori_err: 42.485 reproj_err: 2164.778 
End of epoch 3018 / 4000 	 Time Taken: 10 sec
learning rate = 0.0001000
(epoch: 3019, iters: 960, time: 0.002) pos_err: 13.208 ori_err: 38.093 reproj_err: 2684.577 
End of epoch 3019 / 4000 	 Time Taken: 10 sec
learning rate = 0.0001000
(epoch: 3020, iters: 1280, time: 0.002) pos_err: 14.386 ori_err: 38.361 reproj_err: 315.041 
saving the model at the end of epoch 3020, iters 3865600
End of epoch 3020 / 4000 	 Time Taken: 10 sec
learning rate = 0.0001000
End of epoch 3021 / 4000 	 Time Taken: 10 sec
learning rate = 0.0001000
(epoch: 3022, iters: 320, time: 0.002) pos_err: 14.102 ori_err: 40.673 reproj_err: 2235.406 
End of epoch 3022 / 4000 	 Time Taken: 11 sec
learning rate = 0.0001000
(epoch: 3023, iters: 640, time: 0.002) pos_err: 11.621 ori_err: 41.151 reproj_err: 2057.953 
End of epoch 3023 / 4000 	 Time Taken: 11 sec
learning rate = 0.0001000
(epoch: 3024, iters: 960, time: 0.002) pos_err: 12.341 ori_err: 42.157 reproj_err: 1618.630 
End of epoch 3024 / 4000 	 Time Taken: 9 sec
learning rate = 0.0001000
(epoch: 3025, iters: 1280, time: 0.001) pos_err: 9.222 ori_err: 48.691 reproj_err: 468.435 
End of epoch 3025 / 4000 	 Time Taken: 10 sec
learning rate = 0.0001000
End of epoch 3026 / 4000 	 Time Taken: 10 sec
learning rate = 0.0001000
(epoch: 3027, iters: 320, time: 0.003) pos_err: 12.021 ori_err: 41.955 reproj_err: 1201.298 
End of epoch 3027 / 4000 	 Time Taken: 10 sec
learning rate = 0.0001000
(epoch: 3028, iters: 640, time: 0.001) pos_err: 11.715 ori_err: 41.101 reproj_err: 626.746 
End of epoch 3028 / 4000 	 Time Taken: 10 sec
learning rate = 0.0001000
(epoch: 3029, iters: 960, time: 0.002) pos_err: 11.466 ori_err: 40.096 reproj_err: 1461.946 
End of epoch 3029 / 4000 	 Time Taken: 9 sec
learning rate = 0.0001000
(epoch: 3030, iters: 1280, time: 0.001) pos_err: 12.080 ori_err: 41.644 reproj_err: 257.033 
saving the model at the end of epoch 3030, iters 3878400
End of epoch 3030 / 4000 	 Time Taken: 10 sec
learning rate = 0.0001000
End of epoch 3031 / 4000 	 Time Taken: 9 sec
learning rate = 0.0001000
(epoch: 3032, iters: 320, time: 0.001) pos_err: 10.650 ori_err: 40.977 reproj_err: 1104.120 
End of epoch 3032 / 4000 	 Time Taken: 10 sec
learning rate = 0.0001000
(epoch: 3033, iters: 640, time: 0.001) pos_err: 13.942 ori_err: 42.419 reproj_err: 1976.991 
End of epoch 3033 / 4000 	 Time Taken: 11 sec
learning rate = 0.0001000
(epoch: 3034, iters: 960, time: 0.002) pos_err: 11.326 ori_err: 41.447 reproj_err: 1274.289 
End of epoch 3034 / 4000 	 Time Taken: 11 sec
learning rate = 0.0001000
(epoch: 3035, iters: 1280, time: 0.002) pos_err: 12.364 ori_err: 51.518 reproj_err: 249.230 
End of epoch 3035 / 4000 	 Time Taken: 10 sec
learning rate = 0.0001000
End of epoch 3036 / 4000 	 Time Taken: 10 sec
learning rate = 0.0001000
(epoch: 3037, iters: 320, time: 0.002) pos_err: 12.728 ori_err: 40.409 reproj_err: 984.747 
End of epoch 3037 / 4000 	 Time Taken: 10 sec
learning rate = 0.0001000
(epoch: 3038, iters: 640, time: 0.002) pos_err: 11.539 ori_err: 39.910 reproj_err: 1192.592 
End of epoch 3038 / 4000 	 Time Taken: 10 sec
learning rate = 0.0001000
(epoch: 3039, iters: 960, time: 0.002) pos_err: 9.988 ori_err: 41.037 reproj_err: 668.034 
End of epoch 3039 / 4000 	 Time Taken: 11 sec
learning rate = 0.0001000
(epoch: 3040, iters: 1280, time: 0.001) pos_err: 14.159 ori_err: 48.609 reproj_err: 407.837 
saving the model at the end of epoch 3040, iters 3891200
End of epoch 3040 / 4000 	 Time Taken: 11 sec
learning rate = 0.0001000
End of epoch 3041 / 4000 	 Time Taken: 11 sec
learning rate = 0.0001000
(epoch: 3042, iters: 320, time: 0.001) pos_err: 13.552 ori_err: 39.679 reproj_err: 1714.524 
End of epoch 3042 / 4000 	 Time Taken: 10 sec
learning rate = 0.0001000
(epoch: 3043, iters: 640, time: 0.002) pos_err: 11.386 ori_err: 42.715 reproj_err: 745.621 
End of epoch 3043 / 4000 	 Time Taken: 10 sec
learning rate = 0.0001000
(epoch: 3044, iters: 960, time: 0.002) pos_err: 11.632 ori_err: 41.384 reproj_err: 1859.545 
End of epoch 3044 / 4000 	 Time Taken: 10 sec
learning rate = 0.0001000
(epoch: 3045, iters: 1280, time: 0.001) pos_err: 14.907 ori_err: 31.491 reproj_err: 346.329 
End of epoch 3045 / 4000 	 Time Taken: 11 sec
learning rate = 0.0001000
End of epoch 3046 / 4000 	 Time Taken: 10 sec
learning rate = 0.0001000
(epoch: 3047, iters: 320, time: 0.001) pos_err: 11.195 ori_err: 44.529 reproj_err: 1656.812 
End of epoch 3047 / 4000 	 Time Taken: 10 sec
learning rate = 0.0001000
(epoch: 3048, iters: 640, time: 0.002) pos_err: 11.005 ori_err: 41.900 reproj_err: 1160.035 
End of epoch 3048 / 4000 	 Time Taken: 10 sec
learning rate = 0.0001000
(epoch: 3049, iters: 960, time: 0.002) pos_err: 11.722 ori_err: 40.238 reproj_err: 1444.339 
End of epoch 3049 / 4000 	 Time Taken: 10 sec
learning rate = 0.0001000
(epoch: 3050, iters: 1280, time: 0.001) pos_err: 13.955 ori_err: 44.670 reproj_err: 5221.658 
saving the model at the end of epoch 3050, iters 3904000
End of epoch 3050 / 4000 	 Time Taken: 10 sec
learning rate = 0.0001000
End of epoch 3051 / 4000 	 Time Taken: 10 sec
learning rate = 0.0001000
(epoch: 3052, iters: 320, time: 0.002) pos_err: 10.824 ori_err: 36.990 reproj_err: 1055.673 
End of epoch 3052 / 4000 	 Time Taken: 11 sec
learning rate = 0.0001000
(epoch: 3053, iters: 640, time: 0.001) pos_err: 10.324 ori_err: 42.113 reproj_err: 889.248 
End of epoch 3053 / 4000 	 Time Taken: 11 sec
learning rate = 0.0001000
(epoch: 3054, iters: 960, time: 0.002) pos_err: 11.818 ori_err: 41.417 reproj_err: 1387.624 
End of epoch 3054 / 4000 	 Time Taken: 10 sec
learning rate = 0.0001000
(epoch: 3055, iters: 1280, time: 0.001) pos_err: 13.861 ori_err: 43.075 reproj_err: 2937.982 
End of epoch 3055 / 4000 	 Time Taken: 10 sec
learning rate = 0.0001000
End of epoch 3056 / 4000 	 Time Taken: 9 sec
learning rate = 0.0001000
(epoch: 3057, iters: 320, time: 0.002) pos_err: 12.517 ori_err: 41.631 reproj_err: 1936.130 
End of epoch 3057 / 4000 	 Time Taken: 11 sec
learning rate = 0.0001000
(epoch: 3058, iters: 640, time: 0.002) pos_err: 12.745 ori_err: 43.976 reproj_err: 2349.305 
End of epoch 3058 / 4000 	 Time Taken: 10 sec
learning rate = 0.0001000
(epoch: 3059, iters: 960, time: 0.002) pos_err: 12.988 ori_err: 40.725 reproj_err: 987.703 
End of epoch 3059 / 4000 	 Time Taken: 10 sec
learning rate = 0.0001000
(epoch: 3060, iters: 1280, time: 0.001) pos_err: 17.623 ori_err: 40.056 reproj_err: 4043.044 
saving the model at the end of epoch 3060, iters 3916800
End of epoch 3060 / 4000 	 Time Taken: 10 sec
learning rate = 0.0001000
End of epoch 3061 / 4000 	 Time Taken: 10 sec
learning rate = 0.0001000
(epoch: 3062, iters: 320, time: 0.002) pos_err: 14.177 ori_err: 41.965 reproj_err: 2040.085 
End of epoch 3062 / 4000 	 Time Taken: 10 sec
learning rate = 0.0001000
(epoch: 3063, iters: 640, time: 0.002) pos_err: 11.731 ori_err: 40.477 reproj_err: 929.826 
End of epoch 3063 / 4000 	 Time Taken: 10 sec
learning rate = 0.0001000
(epoch: 3064, iters: 960, time: 0.002) pos_err: 11.470 ori_err: 36.574 reproj_err: 1776.435 
End of epoch 3064 / 4000 	 Time Taken: 11 sec
learning rate = 0.0001000
(epoch: 3065, iters: 1280, time: 0.001) pos_err: 11.027 ori_err: 47.724 reproj_err: 2035.484 
End of epoch 3065 / 4000 	 Time Taken: 10 sec
learning rate = 0.0001000
End of epoch 3066 / 4000 	 Time Taken: 10 sec
learning rate = 0.0001000
(epoch: 3067, iters: 320, time: 0.002) pos_err: 12.291 ori_err: 40.571 reproj_err: 1915.808 
End of epoch 3067 / 4000 	 Time Taken: 10 sec
learning rate = 0.0001000
(epoch: 3068, iters: 640, time: 0.002) pos_err: 11.712 ori_err: 39.707 reproj_err: 1087.844 
End of epoch 3068 / 4000 	 Time Taken: 10 sec
learning rate = 0.0001000
(epoch: 3069, iters: 960, time: 0.002) pos_err: 11.919 ori_err: 40.455 reproj_err: 616.027 
End of epoch 3069 / 4000 	 Time Taken: 10 sec
learning rate = 0.0001000
(epoch: 3070, iters: 1280, time: 0.001) pos_err: 15.438 ori_err: 46.733 reproj_err: 5575.157 
saving the model at the end of epoch 3070, iters 3929600
End of epoch 3070 / 4000 	 Time Taken: 10 sec
learning rate = 0.0001000
End of epoch 3071 / 4000 	 Time Taken: 10 sec
learning rate = 0.0001000
(epoch: 3072, iters: 320, time: 0.002) pos_err: 13.756 ori_err: 40.060 reproj_err: 1355.260 
End of epoch 3072 / 4000 	 Time Taken: 10 sec
learning rate = 0.0001000
(epoch: 3073, iters: 640, time: 0.002) pos_err: 11.790 ori_err: 39.660 reproj_err: 1152.614 
End of epoch 3073 / 4000 	 Time Taken: 9 sec
learning rate = 0.0001000
(epoch: 3074, iters: 960, time: 0.002) pos_err: 12.400 ori_err: 40.935 reproj_err: 1583.212 
End of epoch 3074 / 4000 	 Time Taken: 11 sec
learning rate = 0.0001000
(epoch: 3075, iters: 1280, time: 0.001) pos_err: 13.951 ori_err: 42.714 reproj_err: 305.778 
End of epoch 3075 / 4000 	 Time Taken: 10 sec
learning rate = 0.0001000
End of epoch 3076 / 4000 	 Time Taken: 10 sec
learning rate = 0.0001000
(epoch: 3077, iters: 320, time: 0.003) pos_err: 12.706 ori_err: 42.608 reproj_err: 1636.369 
End of epoch 3077 / 4000 	 Time Taken: 9 sec
learning rate = 0.0001000
(epoch: 3078, iters: 640, time: 0.002) pos_err: 12.454 ori_err: 37.887 reproj_err: 1966.784 
End of epoch 3078 / 4000 	 Time Taken: 10 sec
learning rate = 0.0001000
(epoch: 3079, iters: 960, time: 0.002) pos_err: 11.069 ori_err: 42.538 reproj_err: 1200.769 
End of epoch 3079 / 4000 	 Time Taken: 10 sec
learning rate = 0.0001000
(epoch: 3080, iters: 1280, time: 0.001) pos_err: 10.897 ori_err: 40.956 reproj_err: 2059.773 
saving the model at the end of epoch 3080, iters 3942400
End of epoch 3080 / 4000 	 Time Taken: 10 sec
learning rate = 0.0001000
End of epoch 3081 / 4000 	 Time Taken: 10 sec
learning rate = 0.0001000
(epoch: 3082, iters: 320, time: 0.002) pos_err: 11.821 ori_err: 37.842 reproj_err: 1341.912 
End of epoch 3082 / 4000 	 Time Taken: 10 sec
learning rate = 0.0001000
(epoch: 3083, iters: 640, time: 0.002) pos_err: 11.593 ori_err: 42.711 reproj_err: 1282.459 
End of epoch 3083 / 4000 	 Time Taken: 10 sec
learning rate = 0.0001000
(epoch: 3084, iters: 960, time: 0.002) pos_err: 12.660 ori_err: 40.318 reproj_err: 1538.002 
End of epoch 3084 / 4000 	 Time Taken: 10 sec
learning rate = 0.0001000
(epoch: 3085, iters: 1280, time: 0.001) pos_err: 6.424 ori_err: 36.618 reproj_err: 131.709 
End of epoch 3085 / 4000 	 Time Taken: 10 sec
learning rate = 0.0001000
End of epoch 3086 / 4000 	 Time Taken: 10 sec
learning rate = 0.0001000
(epoch: 3087, iters: 320, time: 0.002) pos_err: 13.587 ori_err: 44.131 reproj_err: 1038.058 
End of epoch 3087 / 4000 	 Time Taken: 10 sec
learning rate = 0.0001000
(epoch: 3088, iters: 640, time: 0.003) pos_err: 11.382 ori_err: 43.659 reproj_err: 1043.917 
End of epoch 3088 / 4000 	 Time Taken: 9 sec
learning rate = 0.0001000
(epoch: 3089, iters: 960, time: 0.002) pos_err: 12.437 ori_err: 42.654 reproj_err: 1424.913 
End of epoch 3089 / 4000 	 Time Taken: 10 sec
learning rate = 0.0001000
(epoch: 3090, iters: 1280, time: 0.001) pos_err: 14.597 ori_err: 63.697 reproj_err: 272.979 
saving the model at the end of epoch 3090, iters 3955200
End of epoch 3090 / 4000 	 Time Taken: 10 sec
learning rate = 0.0001000
End of epoch 3091 / 4000 	 Time Taken: 10 sec
learning rate = 0.0001000
(epoch: 3092, iters: 320, time: 0.003) pos_err: 10.857 ori_err: 40.660 reproj_err: 1102.688 
End of epoch 3092 / 4000 	 Time Taken: 10 sec
learning rate = 0.0001000
(epoch: 3093, iters: 640, time: 0.001) pos_err: 11.600 ori_err: 40.709 reproj_err: 1824.600 
End of epoch 3093 / 4000 	 Time Taken: 10 sec
learning rate = 0.0001000
(epoch: 3094, iters: 960, time: 0.002) pos_err: 13.800 ori_err: 39.617 reproj_err: 1888.258 
End of epoch 3094 / 4000 	 Time Taken: 10 sec
learning rate = 0.0001000
(epoch: 3095, iters: 1280, time: 0.002) pos_err: 21.375 ori_err: 41.784 reproj_err: 3015.216 
End of epoch 3095 / 4000 	 Time Taken: 10 sec
learning rate = 0.0001000
End of epoch 3096 / 4000 	 Time Taken: 11 sec
learning rate = 0.0001000
(epoch: 3097, iters: 320, time: 0.002) pos_err: 11.843 ori_err: 41.490 reproj_err: 622.454 
End of epoch 3097 / 4000 	 Time Taken: 10 sec
learning rate = 0.0001000
(epoch: 3098, iters: 640, time: 0.001) pos_err: 10.613 ori_err: 37.336 reproj_err: 981.883 
End of epoch 3098 / 4000 	 Time Taken: 10 sec
learning rate = 0.0001000
(epoch: 3099, iters: 960, time: 0.002) pos_err: 11.261 ori_err: 41.193 reproj_err: 924.763 
End of epoch 3099 / 4000 	 Time Taken: 10 sec
learning rate = 0.0001000
(epoch: 3100, iters: 1280, time: 0.002) pos_err: 9.741 ori_err: 39.811 reproj_err: 181.841 
saving the model at the end of epoch 3100, iters 3968000
End of epoch 3100 / 4000 	 Time Taken: 10 sec
learning rate = 0.0001000
End of epoch 3101 / 4000 	 Time Taken: 10 sec
learning rate = 0.0001000
(epoch: 3102, iters: 320, time: 0.002) pos_err: 11.244 ori_err: 42.145 reproj_err: 295.007 
End of epoch 3102 / 4000 	 Time Taken: 11 sec
learning rate = 0.0001000
(epoch: 3103, iters: 640, time: 0.001) pos_err: 10.075 ori_err: 39.371 reproj_err: 874.795 
End of epoch 3103 / 4000 	 Time Taken: 10 sec
learning rate = 0.0001000
(epoch: 3104, iters: 960, time: 0.002) pos_err: 12.633 ori_err: 41.896 reproj_err: 932.173 
End of epoch 3104 / 4000 	 Time Taken: 10 sec
learning rate = 0.0001000
(epoch: 3105, iters: 1280, time: 0.001) pos_err: 17.653 ori_err: 46.366 reproj_err: 3536.816 
End of epoch 3105 / 4000 	 Time Taken: 10 sec
learning rate = 0.0001000
End of epoch 3106 / 4000 	 Time Taken: 10 sec
learning rate = 0.0001000
(epoch: 3107, iters: 320, time: 0.002) pos_err: 12.215 ori_err: 39.965 reproj_err: 1060.002 
End of epoch 3107 / 4000 	 Time Taken: 10 sec
learning rate = 0.0001000
(epoch: 3108, iters: 640, time: 0.002) pos_err: 12.782 ori_err: 38.958 reproj_err: 1484.068 
End of epoch 3108 / 4000 	 Time Taken: 11 sec
learning rate = 0.0001000
(epoch: 3109, iters: 960, time: 0.002) pos_err: 11.086 ori_err: 40.777 reproj_err: 971.449 
End of epoch 3109 / 4000 	 Time Taken: 11 sec
learning rate = 0.0001000
(epoch: 3110, iters: 1280, time: 0.001) pos_err: 14.166 ori_err: 26.875 reproj_err: 1445.681 
saving the model at the end of epoch 3110, iters 3980800
End of epoch 3110 / 4000 	 Time Taken: 10 sec
learning rate = 0.0001000
End of epoch 3111 / 4000 	 Time Taken: 10 sec
learning rate = 0.0001000
(epoch: 3112, iters: 320, time: 0.003) pos_err: 11.801 ori_err: 40.023 reproj_err: 1290.804 
End of epoch 3112 / 4000 	 Time Taken: 10 sec
learning rate = 0.0001000
(epoch: 3113, iters: 640, time: 0.002) pos_err: 10.599 ori_err: 42.735 reproj_err: 1528.439 
End of epoch 3113 / 4000 	 Time Taken: 10 sec
learning rate = 0.0001000
(epoch: 3114, iters: 960, time: 0.002) pos_err: 10.541 ori_err: 42.775 reproj_err: 366.845 
End of epoch 3114 / 4000 	 Time Taken: 10 sec
learning rate = 0.0001000
(epoch: 3115, iters: 1280, time: 0.001) pos_err: 7.386 ori_err: 44.544 reproj_err: 176.593 
End of epoch 3115 / 4000 	 Time Taken: 10 sec
learning rate = 0.0001000
End of epoch 3116 / 4000 	 Time Taken: 10 sec
learning rate = 0.0001000
(epoch: 3117, iters: 320, time: 0.002) pos_err: 14.210 ori_err: 46.466 reproj_err: 1962.891 
End of epoch 3117 / 4000 	 Time Taken: 10 sec
learning rate = 0.0001000
(epoch: 3118, iters: 640, time: 0.002) pos_err: 12.160 ori_err: 40.847 reproj_err: 785.905 
End of epoch 3118 / 4000 	 Time Taken: 10 sec
learning rate = 0.0001000
(epoch: 3119, iters: 960, time: 0.001) pos_err: 11.120 ori_err: 43.689 reproj_err: 1252.605 
End of epoch 3119 / 4000 	 Time Taken: 10 sec
learning rate = 0.0001000
(epoch: 3120, iters: 1280, time: 0.001) pos_err: 16.413 ori_err: 36.203 reproj_err: 1108.708 
saving the model at the end of epoch 3120, iters 3993600
End of epoch 3120 / 4000 	 Time Taken: 10 sec
learning rate = 0.0001000
End of epoch 3121 / 4000 	 Time Taken: 10 sec
learning rate = 0.0001000
(epoch: 3122, iters: 320, time: 0.002) pos_err: 11.936 ori_err: 43.652 reproj_err: 699.431 
End of epoch 3122 / 4000 	 Time Taken: 10 sec
learning rate = 0.0001000
(epoch: 3123, iters: 640, time: 0.001) pos_err: 13.564 ori_err: 40.434 reproj_err: 1490.260 
End of epoch 3123 / 4000 	 Time Taken: 9 sec
learning rate = 0.0001000
(epoch: 3124, iters: 960, time: 0.002) pos_err: 10.685 ori_err: 42.543 reproj_err: 367.996 
End of epoch 3124 / 4000 	 Time Taken: 10 sec
learning rate = 0.0001000
(epoch: 3125, iters: 1280, time: 0.001) pos_err: 18.676 ori_err: 37.404 reproj_err: 14954.300 
End of epoch 3125 / 4000 	 Time Taken: 10 sec
learning rate = 0.0001000
End of epoch 3126 / 4000 	 Time Taken: 9 sec
learning rate = 0.0001000
(epoch: 3127, iters: 320, time: 0.002) pos_err: 13.312 ori_err: 38.104 reproj_err: 1976.102 
End of epoch 3127 / 4000 	 Time Taken: 9 sec
learning rate = 0.0001000
(epoch: 3128, iters: 640, time: 0.002) pos_err: 11.756 ori_err: 43.369 reproj_err: 1760.236 
End of epoch 3128 / 4000 	 Time Taken: 11 sec
learning rate = 0.0001000
(epoch: 3129, iters: 960, time: 0.002) pos_err: 12.712 ori_err: 42.709 reproj_err: 1373.835 
End of epoch 3129 / 4000 	 Time Taken: 10 sec
learning rate = 0.0001000
(epoch: 3130, iters: 1280, time: 0.001) pos_err: 10.135 ori_err: 48.385 reproj_err: 339.582 
saving the model at the end of epoch 3130, iters 4006400
End of epoch 3130 / 4000 	 Time Taken: 10 sec
learning rate = 0.0001000
End of epoch 3131 / 4000 	 Time Taken: 11 sec
learning rate = 0.0001000
(epoch: 3132, iters: 320, time: 0.002) pos_err: 11.907 ori_err: 40.125 reproj_err: 1242.826 
End of epoch 3132 / 4000 	 Time Taken: 10 sec
learning rate = 0.0001000
(epoch: 3133, iters: 640, time: 0.001) pos_err: 11.862 ori_err: 37.573 reproj_err: 1162.881 
End of epoch 3133 / 4000 	 Time Taken: 10 sec
learning rate = 0.0001000
(epoch: 3134, iters: 960, time: 0.001) pos_err: 11.057 ori_err: 42.291 reproj_err: 1076.504 
End of epoch 3134 / 4000 	 Time Taken: 10 sec
learning rate = 0.0001000
(epoch: 3135, iters: 1280, time: 0.001) pos_err: 12.329 ori_err: 34.920 reproj_err: 328.686 
End of epoch 3135 / 4000 	 Time Taken: 11 sec
learning rate = 0.0001000
End of epoch 3136 / 4000 	 Time Taken: 10 sec
learning rate = 0.0001000
(epoch: 3137, iters: 320, time: 0.002) pos_err: 11.005 ori_err: 37.876 reproj_err: 924.819 
End of epoch 3137 / 4000 	 Time Taken: 10 sec
learning rate = 0.0001000
(epoch: 3138, iters: 640, time: 0.002) pos_err: 13.675 ori_err: 40.544 reproj_err: 2310.757 
End of epoch 3138 / 4000 	 Time Taken: 11 sec
learning rate = 0.0001000
(epoch: 3139, iters: 960, time: 0.002) pos_err: 13.277 ori_err: 39.487 reproj_err: 2213.884 
End of epoch 3139 / 4000 	 Time Taken: 10 sec
learning rate = 0.0001000
(epoch: 3140, iters: 1280, time: 0.001) pos_err: 12.916 ori_err: 45.806 reproj_err: 3615.898 
saving the model at the end of epoch 3140, iters 4019200
End of epoch 3140 / 4000 	 Time Taken: 10 sec
learning rate = 0.0001000
End of epoch 3141 / 4000 	 Time Taken: 10 sec
learning rate = 0.0001000
(epoch: 3142, iters: 320, time: 0.002) pos_err: 11.053 ori_err: 42.495 reproj_err: 928.523 
End of epoch 3142 / 4000 	 Time Taken: 10 sec
learning rate = 0.0001000
(epoch: 3143, iters: 640, time: 0.002) pos_err: 12.175 ori_err: 40.702 reproj_err: 1322.959 
End of epoch 3143 / 4000 	 Time Taken: 10 sec
learning rate = 0.0001000
(epoch: 3144, iters: 960, time: 0.002) pos_err: 11.569 ori_err: 41.017 reproj_err: 1190.601 
End of epoch 3144 / 4000 	 Time Taken: 10 sec
learning rate = 0.0001000
(epoch: 3145, iters: 1280, time: 0.001) pos_err: 13.494 ori_err: 32.279 reproj_err: 1604.363 
End of epoch 3145 / 4000 	 Time Taken: 10 sec
learning rate = 0.0001000
End of epoch 3146 / 4000 	 Time Taken: 10 sec
learning rate = 0.0001000
(epoch: 3147, iters: 320, time: 0.003) pos_err: 13.160 ori_err: 41.246 reproj_err: 1068.360 
End of epoch 3147 / 4000 	 Time Taken: 10 sec
learning rate = 0.0001000
(epoch: 3148, iters: 640, time: 0.002) pos_err: 14.235 ori_err: 39.903 reproj_err: 1977.870 
End of epoch 3148 / 4000 	 Time Taken: 9 sec
learning rate = 0.0001000
(epoch: 3149, iters: 960, time: 0.002) pos_err: 11.913 ori_err: 43.090 reproj_err: 1961.540 
End of epoch 3149 / 4000 	 Time Taken: 11 sec
learning rate = 0.0001000
(epoch: 3150, iters: 1280, time: 0.001) pos_err: 13.802 ori_err: 30.299 reproj_err: 4930.836 
saving the model at the end of epoch 3150, iters 4032000
End of epoch 3150 / 4000 	 Time Taken: 10 sec
learning rate = 0.0001000
End of epoch 3151 / 4000 	 Time Taken: 9 sec
learning rate = 0.0001000
(epoch: 3152, iters: 320, time: 0.002) pos_err: 12.643 ori_err: 37.334 reproj_err: 823.691 
End of epoch 3152 / 4000 	 Time Taken: 9 sec
learning rate = 0.0001000
(epoch: 3153, iters: 640, time: 0.001) pos_err: 12.441 ori_err: 42.464 reproj_err: 1439.845 
End of epoch 3153 / 4000 	 Time Taken: 10 sec
learning rate = 0.0001000
(epoch: 3154, iters: 960, time: 0.002) pos_err: 13.199 ori_err: 40.961 reproj_err: 2263.882 
End of epoch 3154 / 4000 	 Time Taken: 10 sec
learning rate = 0.0001000
(epoch: 3155, iters: 1280, time: 0.001) pos_err: 15.537 ori_err: 32.199 reproj_err: 1676.825 
End of epoch 3155 / 4000 	 Time Taken: 10 sec
learning rate = 0.0001000
End of epoch 3156 / 4000 	 Time Taken: 11 sec
learning rate = 0.0001000
(epoch: 3157, iters: 320, time: 0.002) pos_err: 12.511 ori_err: 44.374 reproj_err: 1105.242 
End of epoch 3157 / 4000 	 Time Taken: 11 sec
learning rate = 0.0001000
(epoch: 3158, iters: 640, time: 0.002) pos_err: 12.665 ori_err: 40.120 reproj_err: 1871.406 
End of epoch 3158 / 4000 	 Time Taken: 11 sec
learning rate = 0.0001000
(epoch: 3159, iters: 960, time: 0.002) pos_err: 11.493 ori_err: 41.106 reproj_err: 1185.867 
End of epoch 3159 / 4000 	 Time Taken: 11 sec
learning rate = 0.0001000
(epoch: 3160, iters: 1280, time: 0.001) pos_err: 13.394 ori_err: 49.308 reproj_err: 399.557 
saving the model at the end of epoch 3160, iters 4044800
End of epoch 3160 / 4000 	 Time Taken: 11 sec
learning rate = 0.0001000
End of epoch 3161 / 4000 	 Time Taken: 11 sec
learning rate = 0.0001000
(epoch: 3162, iters: 320, time: 0.003) pos_err: 12.785 ori_err: 43.091 reproj_err: 1225.124 
End of epoch 3162 / 4000 	 Time Taken: 9 sec
learning rate = 0.0001000
(epoch: 3163, iters: 640, time: 0.002) pos_err: 12.761 ori_err: 41.505 reproj_err: 1259.664 
End of epoch 3163 / 4000 	 Time Taken: 11 sec
learning rate = 0.0001000
(epoch: 3164, iters: 960, time: 0.002) pos_err: 11.776 ori_err: 43.501 reproj_err: 1418.570 
End of epoch 3164 / 4000 	 Time Taken: 10 sec
learning rate = 0.0001000
(epoch: 3165, iters: 1280, time: 0.001) pos_err: 10.795 ori_err: 27.282 reproj_err: 1561.110 
End of epoch 3165 / 4000 	 Time Taken: 10 sec
learning rate = 0.0001000
End of epoch 3166 / 4000 	 Time Taken: 10 sec
learning rate = 0.0001000
(epoch: 3167, iters: 320, time: 0.002) pos_err: 11.598 ori_err: 40.332 reproj_err: 1509.676 
End of epoch 3167 / 4000 	 Time Taken: 9 sec
learning rate = 0.0001000
(epoch: 3168, iters: 640, time: 0.001) pos_err: 14.927 ori_err: 35.911 reproj_err: 3572.953 
End of epoch 3168 / 4000 	 Time Taken: 9 sec
learning rate = 0.0001000
(epoch: 3169, iters: 960, time: 0.002) pos_err: 12.450 ori_err: 42.448 reproj_err: 1406.556 
End of epoch 3169 / 4000 	 Time Taken: 11 sec
learning rate = 0.0001000
(epoch: 3170, iters: 1280, time: 0.001) pos_err: 12.850 ori_err: 37.874 reproj_err: 1973.080 
saving the model at the end of epoch 3170, iters 4057600
End of epoch 3170 / 4000 	 Time Taken: 10 sec
learning rate = 0.0001000
End of epoch 3171 / 4000 	 Time Taken: 10 sec
learning rate = 0.0001000
(epoch: 3172, iters: 320, time: 0.003) pos_err: 13.057 ori_err: 42.182 reproj_err: 1332.162 
End of epoch 3172 / 4000 	 Time Taken: 10 sec
learning rate = 0.0001000
(epoch: 3173, iters: 640, time: 0.002) pos_err: 11.335 ori_err: 44.464 reproj_err: 402.469 
End of epoch 3173 / 4000 	 Time Taken: 11 sec
learning rate = 0.0001000
(epoch: 3174, iters: 960, time: 0.002) pos_err: 11.830 ori_err: 42.562 reproj_err: 929.584 
End of epoch 3174 / 4000 	 Time Taken: 10 sec
learning rate = 0.0001000
(epoch: 3175, iters: 1280, time: 0.002) pos_err: 9.515 ori_err: 42.337 reproj_err: 378.216 
End of epoch 3175 / 4000 	 Time Taken: 10 sec
learning rate = 0.0001000
End of epoch 3176 / 4000 	 Time Taken: 9 sec
learning rate = 0.0001000
(epoch: 3177, iters: 320, time: 0.003) pos_err: 12.779 ori_err: 42.664 reproj_err: 698.868 
End of epoch 3177 / 4000 	 Time Taken: 10 sec
learning rate = 0.0001000
(epoch: 3178, iters: 640, time: 0.001) pos_err: 11.420 ori_err: 38.099 reproj_err: 842.174 
End of epoch 3178 / 4000 	 Time Taken: 11 sec
learning rate = 0.0001000
(epoch: 3179, iters: 960, time: 0.002) pos_err: 11.210 ori_err: 44.245 reproj_err: 1424.263 
End of epoch 3179 / 4000 	 Time Taken: 10 sec
learning rate = 0.0001000
(epoch: 3180, iters: 1280, time: 0.001) pos_err: 11.144 ori_err: 49.580 reproj_err: 302.539 
saving the model at the end of epoch 3180, iters 4070400
End of epoch 3180 / 4000 	 Time Taken: 11 sec
learning rate = 0.0001000
End of epoch 3181 / 4000 	 Time Taken: 10 sec
learning rate = 0.0001000
(epoch: 3182, iters: 320, time: 0.003) pos_err: 12.216 ori_err: 38.192 reproj_err: 1277.654 
End of epoch 3182 / 4000 	 Time Taken: 9 sec
learning rate = 0.0001000
(epoch: 3183, iters: 640, time: 0.002) pos_err: 12.368 ori_err: 44.097 reproj_err: 1301.647 
End of epoch 3183 / 4000 	 Time Taken: 11 sec
learning rate = 0.0001000
(epoch: 3184, iters: 960, time: 0.002) pos_err: 14.149 ori_err: 37.842 reproj_err: 1438.033 
End of epoch 3184 / 4000 	 Time Taken: 10 sec
learning rate = 0.0001000
(epoch: 3185, iters: 1280, time: 0.001) pos_err: 8.058 ori_err: 40.483 reproj_err: 217.247 
End of epoch 3185 / 4000 	 Time Taken: 11 sec
learning rate = 0.0001000
End of epoch 3186 / 4000 	 Time Taken: 10 sec
learning rate = 0.0001000
(epoch: 3187, iters: 320, time: 0.002) pos_err: 11.331 ori_err: 40.093 reproj_err: 1405.542 
End of epoch 3187 / 4000 	 Time Taken: 11 sec
learning rate = 0.0001000
(epoch: 3188, iters: 640, time: 0.001) pos_err: 12.308 ori_err: 40.049 reproj_err: 2086.137 
End of epoch 3188 / 4000 	 Time Taken: 10 sec
learning rate = 0.0001000
(epoch: 3189, iters: 960, time: 0.001) pos_err: 12.670 ori_err: 38.730 reproj_err: 1485.902 
End of epoch 3189 / 4000 	 Time Taken: 10 sec
learning rate = 0.0001000
(epoch: 3190, iters: 1280, time: 0.001) pos_err: 12.826 ori_err: 32.574 reproj_err: 413.964 
saving the model at the end of epoch 3190, iters 4083200
End of epoch 3190 / 4000 	 Time Taken: 11 sec
learning rate = 0.0001000
End of epoch 3191 / 4000 	 Time Taken: 9 sec
learning rate = 0.0001000
(epoch: 3192, iters: 320, time: 0.002) pos_err: 11.727 ori_err: 41.711 reproj_err: 1777.632 
End of epoch 3192 / 4000 	 Time Taken: 9 sec
learning rate = 0.0001000
(epoch: 3193, iters: 640, time: 0.002) pos_err: 13.321 ori_err: 40.845 reproj_err: 1969.807 
End of epoch 3193 / 4000 	 Time Taken: 10 sec
learning rate = 0.0001000
(epoch: 3194, iters: 960, time: 0.002) pos_err: 13.237 ori_err: 44.231 reproj_err: 832.457 
End of epoch 3194 / 4000 	 Time Taken: 11 sec
learning rate = 0.0001000
(epoch: 3195, iters: 1280, time: 0.001) pos_err: 8.422 ori_err: 49.556 reproj_err: 255.953 
End of epoch 3195 / 4000 	 Time Taken: 11 sec
learning rate = 0.0001000
End of epoch 3196 / 4000 	 Time Taken: 9 sec
learning rate = 0.0001000
(epoch: 3197, iters: 320, time: 0.002) pos_err: 12.593 ori_err: 41.544 reproj_err: 1679.284 
End of epoch 3197 / 4000 	 Time Taken: 11 sec
learning rate = 0.0001000
(epoch: 3198, iters: 640, time: 0.002) pos_err: 12.822 ori_err: 43.043 reproj_err: 855.847 
End of epoch 3198 / 4000 	 Time Taken: 9 sec
learning rate = 0.0001000
(epoch: 3199, iters: 960, time: 0.002) pos_err: 11.205 ori_err: 41.039 reproj_err: 1268.736 
End of epoch 3199 / 4000 	 Time Taken: 10 sec
learning rate = 0.0001000
(epoch: 3200, iters: 1280, time: 0.001) pos_err: 11.576 ori_err: 40.597 reproj_err: 1013.692 
saving the model at the end of epoch 3200, iters 4096000
End of epoch 3200 / 4000 	 Time Taken: 10 sec
learning rate = 0.0001000
End of epoch 3201 / 4000 	 Time Taken: 10 sec
learning rate = 0.0001000
(epoch: 3202, iters: 320, time: 0.002) pos_err: 12.206 ori_err: 44.748 reproj_err: 1830.118 
End of epoch 3202 / 4000 	 Time Taken: 11 sec
learning rate = 0.0001000
(epoch: 3203, iters: 640, time: 0.001) pos_err: 13.609 ori_err: 38.845 reproj_err: 1347.516 
End of epoch 3203 / 4000 	 Time Taken: 10 sec
learning rate = 0.0001000
(epoch: 3204, iters: 960, time: 0.002) pos_err: 11.443 ori_err: 38.538 reproj_err: 1503.976 
End of epoch 3204 / 4000 	 Time Taken: 10 sec
learning rate = 0.0001000
(epoch: 3205, iters: 1280, time: 0.001) pos_err: 15.815 ori_err: 49.997 reproj_err: 310.537 
End of epoch 3205 / 4000 	 Time Taken: 11 sec
learning rate = 0.0001000
End of epoch 3206 / 4000 	 Time Taken: 10 sec
learning rate = 0.0001000
(epoch: 3207, iters: 320, time: 0.002) pos_err: 11.256 ori_err: 40.063 reproj_err: 2227.464 
End of epoch 3207 / 4000 	 Time Taken: 10 sec
learning rate = 0.0001000
(epoch: 3208, iters: 640, time: 0.002) pos_err: 10.151 ori_err: 43.852 reproj_err: 1129.173 
End of epoch 3208 / 4000 	 Time Taken: 10 sec
learning rate = 0.0001000
(epoch: 3209, iters: 960, time: 0.002) pos_err: 10.860 ori_err: 37.202 reproj_err: 1660.501 
End of epoch 3209 / 4000 	 Time Taken: 10 sec
learning rate = 0.0001000
(epoch: 3210, iters: 1280, time: 0.001) pos_err: 12.169 ori_err: 51.845 reproj_err: 4214.366 
saving the model at the end of epoch 3210, iters 4108800
End of epoch 3210 / 4000 	 Time Taken: 10 sec
learning rate = 0.0001000
End of epoch 3211 / 4000 	 Time Taken: 10 sec
learning rate = 0.0001000
(epoch: 3212, iters: 320, time: 0.002) pos_err: 12.717 ori_err: 41.970 reproj_err: 2145.953 
End of epoch 3212 / 4000 	 Time Taken: 10 sec
learning rate = 0.0001000
(epoch: 3213, iters: 640, time: 0.002) pos_err: 11.052 ori_err: 38.213 reproj_err: 698.675 
End of epoch 3213 / 4000 	 Time Taken: 11 sec
learning rate = 0.0001000
(epoch: 3214, iters: 960, time: 0.001) pos_err: 11.545 ori_err: 40.752 reproj_err: 1610.080 
End of epoch 3214 / 4000 	 Time Taken: 9 sec
learning rate = 0.0001000
(epoch: 3215, iters: 1280, time: 0.001) pos_err: 9.283 ori_err: 34.257 reproj_err: 704.269 
End of epoch 3215 / 4000 	 Time Taken: 10 sec
learning rate = 0.0001000
End of epoch 3216 / 4000 	 Time Taken: 10 sec
learning rate = 0.0001000
(epoch: 3217, iters: 320, time: 0.002) pos_err: 12.463 ori_err: 42.735 reproj_err: 2336.511 
End of epoch 3217 / 4000 	 Time Taken: 9 sec
learning rate = 0.0001000
(epoch: 3218, iters: 640, time: 0.002) pos_err: 11.913 ori_err: 40.784 reproj_err: 489.476 
End of epoch 3218 / 4000 	 Time Taken: 10 sec
learning rate = 0.0001000
(epoch: 3219, iters: 960, time: 0.002) pos_err: 13.253 ori_err: 43.058 reproj_err: 2053.850 
End of epoch 3219 / 4000 	 Time Taken: 10 sec
learning rate = 0.0001000
(epoch: 3220, iters: 1280, time: 0.001) pos_err: 10.968 ori_err: 33.910 reproj_err: 296.375 
saving the model at the end of epoch 3220, iters 4121600
End of epoch 3220 / 4000 	 Time Taken: 11 sec
learning rate = 0.0001000
End of epoch 3221 / 4000 	 Time Taken: 10 sec
learning rate = 0.0001000
(epoch: 3222, iters: 320, time: 0.002) pos_err: 13.972 ori_err: 46.422 reproj_err: 1377.120 
End of epoch 3222 / 4000 	 Time Taken: 11 sec
learning rate = 0.0001000
(epoch: 3223, iters: 640, time: 0.002) pos_err: 11.453 ori_err: 40.557 reproj_err: 953.268 
End of epoch 3223 / 4000 	 Time Taken: 10 sec
learning rate = 0.0001000
(epoch: 3224, iters: 960, time: 0.002) pos_err: 12.049 ori_err: 41.080 reproj_err: 1031.872 
End of epoch 3224 / 4000 	 Time Taken: 10 sec
learning rate = 0.0001000
(epoch: 3225, iters: 1280, time: 0.001) pos_err: 17.926 ori_err: 48.612 reproj_err: 2789.758 
End of epoch 3225 / 4000 	 Time Taken: 10 sec
learning rate = 0.0001000
End of epoch 3226 / 4000 	 Time Taken: 9 sec
learning rate = 0.0001000
(epoch: 3227, iters: 320, time: 0.003) pos_err: 14.418 ori_err: 42.007 reproj_err: 2393.286 
End of epoch 3227 / 4000 	 Time Taken: 10 sec
learning rate = 0.0001000
(epoch: 3228, iters: 640, time: 0.002) pos_err: 12.315 ori_err: 40.693 reproj_err: 1450.584 
End of epoch 3228 / 4000 	 Time Taken: 11 sec
learning rate = 0.0001000
(epoch: 3229, iters: 960, time: 0.002) pos_err: 11.626 ori_err: 44.598 reproj_err: 866.964 
End of epoch 3229 / 4000 	 Time Taken: 11 sec
learning rate = 0.0001000
(epoch: 3230, iters: 1280, time: 0.002) pos_err: 7.593 ori_err: 37.430 reproj_err: 368.170 
saving the model at the end of epoch 3230, iters 4134400
End of epoch 3230 / 4000 	 Time Taken: 10 sec
learning rate = 0.0001000
End of epoch 3231 / 4000 	 Time Taken: 10 sec
learning rate = 0.0001000
(epoch: 3232, iters: 320, time: 0.002) pos_err: 11.092 ori_err: 39.695 reproj_err: 1156.609 
End of epoch 3232 / 4000 	 Time Taken: 10 sec
learning rate = 0.0001000
(epoch: 3233, iters: 640, time: 0.002) pos_err: 11.958 ori_err: 41.265 reproj_err: 1935.107 
End of epoch 3233 / 4000 	 Time Taken: 10 sec
learning rate = 0.0001000
(epoch: 3234, iters: 960, time: 0.002) pos_err: 11.494 ori_err: 37.892 reproj_err: 1667.638 
End of epoch 3234 / 4000 	 Time Taken: 10 sec
learning rate = 0.0001000
(epoch: 3235, iters: 1280, time: 0.001) pos_err: 12.195 ori_err: 35.082 reproj_err: 1126.546 
End of epoch 3235 / 4000 	 Time Taken: 10 sec
learning rate = 0.0001000
End of epoch 3236 / 4000 	 Time Taken: 10 sec
learning rate = 0.0001000
(epoch: 3237, iters: 320, time: 0.002) pos_err: 12.490 ori_err: 39.839 reproj_err: 1744.225 
End of epoch 3237 / 4000 	 Time Taken: 11 sec
learning rate = 0.0001000
(epoch: 3238, iters: 640, time: 0.001) pos_err: 11.850 ori_err: 38.629 reproj_err: 1434.456 
End of epoch 3238 / 4000 	 Time Taken: 10 sec
learning rate = 0.0001000
(epoch: 3239, iters: 960, time: 0.002) pos_err: 13.024 ori_err: 38.549 reproj_err: 1868.173 
End of epoch 3239 / 4000 	 Time Taken: 10 sec
learning rate = 0.0001000
(epoch: 3240, iters: 1280, time: 0.001) pos_err: 9.013 ori_err: 36.979 reproj_err: 374.337 
saving the model at the end of epoch 3240, iters 4147200
End of epoch 3240 / 4000 	 Time Taken: 10 sec
learning rate = 0.0001000
End of epoch 3241 / 4000 	 Time Taken: 10 sec
learning rate = 0.0001000
(epoch: 3242, iters: 320, time: 0.002) pos_err: 12.828 ori_err: 42.780 reproj_err: 1488.838 
End of epoch 3242 / 4000 	 Time Taken: 10 sec
learning rate = 0.0001000
(epoch: 3243, iters: 640, time: 0.002) pos_err: 11.498 ori_err: 41.521 reproj_err: 2101.285 
End of epoch 3243 / 4000 	 Time Taken: 10 sec
learning rate = 0.0001000
(epoch: 3244, iters: 960, time: 0.002) pos_err: 11.951 ori_err: 43.298 reproj_err: 960.012 
End of epoch 3244 / 4000 	 Time Taken: 11 sec
learning rate = 0.0001000
(epoch: 3245, iters: 1280, time: 0.001) pos_err: 10.714 ori_err: 43.702 reproj_err: 286.632 
End of epoch 3245 / 4000 	 Time Taken: 10 sec
learning rate = 0.0001000
End of epoch 3246 / 4000 	 Time Taken: 11 sec
learning rate = 0.0001000
(epoch: 3247, iters: 320, time: 0.002) pos_err: 14.279 ori_err: 43.025 reproj_err: 2799.053 
End of epoch 3247 / 4000 	 Time Taken: 10 sec
learning rate = 0.0001000
(epoch: 3248, iters: 640, time: 0.002) pos_err: 14.094 ori_err: 41.199 reproj_err: 1196.048 
End of epoch 3248 / 4000 	 Time Taken: 11 sec
learning rate = 0.0001000
(epoch: 3249, iters: 960, time: 0.002) pos_err: 11.698 ori_err: 39.856 reproj_err: 1480.135 
End of epoch 3249 / 4000 	 Time Taken: 9 sec
learning rate = 0.0001000
(epoch: 3250, iters: 1280, time: 0.002) pos_err: 6.923 ori_err: 42.081 reproj_err: 143.590 
saving the model at the end of epoch 3250, iters 4160000
End of epoch 3250 / 4000 	 Time Taken: 11 sec
learning rate = 0.0001000
End of epoch 3251 / 4000 	 Time Taken: 10 sec
learning rate = 0.0001000
(epoch: 3252, iters: 320, time: 0.003) pos_err: 11.949 ori_err: 41.309 reproj_err: 1079.412 
End of epoch 3252 / 4000 	 Time Taken: 10 sec
learning rate = 0.0001000
(epoch: 3253, iters: 640, time: 0.001) pos_err: 12.426 ori_err: 40.734 reproj_err: 1592.987 
End of epoch 3253 / 4000 	 Time Taken: 10 sec
learning rate = 0.0001000
(epoch: 3254, iters: 960, time: 0.002) pos_err: 13.209 ori_err: 43.699 reproj_err: 2242.260 
End of epoch 3254 / 4000 	 Time Taken: 9 sec
learning rate = 0.0001000
(epoch: 3255, iters: 1280, time: 0.001) pos_err: 9.621 ori_err: 42.637 reproj_err: 344.741 
End of epoch 3255 / 4000 	 Time Taken: 9 sec
learning rate = 0.0001000
End of epoch 3256 / 4000 	 Time Taken: 11 sec
learning rate = 0.0001000
(epoch: 3257, iters: 320, time: 0.002) pos_err: 11.584 ori_err: 44.078 reproj_err: 1068.689 
End of epoch 3257 / 4000 	 Time Taken: 10 sec
learning rate = 0.0001000
(epoch: 3258, iters: 640, time: 0.002) pos_err: 12.658 ori_err: 42.403 reproj_err: 1268.297 
End of epoch 3258 / 4000 	 Time Taken: 11 sec
learning rate = 0.0001000
(epoch: 3259, iters: 960, time: 0.002) pos_err: 13.216 ori_err: 43.424 reproj_err: 811.030 
End of epoch 3259 / 4000 	 Time Taken: 10 sec
learning rate = 0.0001000
(epoch: 3260, iters: 1280, time: 0.001) pos_err: 18.254 ori_err: 32.480 reproj_err: 824.973 
saving the model at the end of epoch 3260, iters 4172800
End of epoch 3260 / 4000 	 Time Taken: 10 sec
learning rate = 0.0001000
End of epoch 3261 / 4000 	 Time Taken: 10 sec
learning rate = 0.0001000
(epoch: 3262, iters: 320, time: 0.002) pos_err: 12.380 ori_err: 41.024 reproj_err: 1243.885 
End of epoch 3262 / 4000 	 Time Taken: 11 sec
learning rate = 0.0001000
(epoch: 3263, iters: 640, time: 0.002) pos_err: 12.234 ori_err: 41.209 reproj_err: 2908.148 
End of epoch 3263 / 4000 	 Time Taken: 10 sec
learning rate = 0.0001000
(epoch: 3264, iters: 960, time: 0.002) pos_err: 12.808 ori_err: 42.585 reproj_err: 1729.153 
End of epoch 3264 / 4000 	 Time Taken: 10 sec
learning rate = 0.0001000
(epoch: 3265, iters: 1280, time: 0.001) pos_err: 10.518 ori_err: 44.159 reproj_err: 1883.148 
End of epoch 3265 / 4000 	 Time Taken: 10 sec
learning rate = 0.0001000
End of epoch 3266 / 4000 	 Time Taken: 10 sec
learning rate = 0.0001000
(epoch: 3267, iters: 320, time: 0.002) pos_err: 12.197 ori_err: 39.554 reproj_err: 390.019 
End of epoch 3267 / 4000 	 Time Taken: 11 sec
learning rate = 0.0001000
(epoch: 3268, iters: 640, time: 0.001) pos_err: 11.701 ori_err: 40.391 reproj_err: 1003.967 
End of epoch 3268 / 4000 	 Time Taken: 10 sec
learning rate = 0.0001000
(epoch: 3269, iters: 960, time: 0.002) pos_err: 12.342 ori_err: 40.204 reproj_err: 1075.362 
End of epoch 3269 / 4000 	 Time Taken: 10 sec
learning rate = 0.0001000
(epoch: 3270, iters: 1280, time: 0.001) pos_err: 6.985 ori_err: 34.419 reproj_err: 161.569 
saving the model at the end of epoch 3270, iters 4185600
End of epoch 3270 / 4000 	 Time Taken: 10 sec
learning rate = 0.0001000
End of epoch 3271 / 4000 	 Time Taken: 10 sec
learning rate = 0.0001000
(epoch: 3272, iters: 320, time: 0.002) pos_err: 12.242 ori_err: 40.987 reproj_err: 1746.841 
End of epoch 3272 / 4000 	 Time Taken: 10 sec
learning rate = 0.0001000
(epoch: 3273, iters: 640, time: 0.002) pos_err: 12.843 ori_err: 37.822 reproj_err: 1390.585 
End of epoch 3273 / 4000 	 Time Taken: 11 sec
learning rate = 0.0001000
(epoch: 3274, iters: 960, time: 0.002) pos_err: 11.948 ori_err: 43.412 reproj_err: 2741.099 
End of epoch 3274 / 4000 	 Time Taken: 11 sec
learning rate = 0.0001000
(epoch: 3275, iters: 1280, time: 0.001) pos_err: 9.633 ori_err: 56.395 reproj_err: 2046.348 
End of epoch 3275 / 4000 	 Time Taken: 10 sec
learning rate = 0.0001000
End of epoch 3276 / 4000 	 Time Taken: 10 sec
learning rate = 0.0001000
(epoch: 3277, iters: 320, time: 0.002) pos_err: 12.184 ori_err: 40.467 reproj_err: 1476.726 
End of epoch 3277 / 4000 	 Time Taken: 10 sec
learning rate = 0.0001000
(epoch: 3278, iters: 640, time: 0.001) pos_err: 12.529 ori_err: 39.362 reproj_err: 1835.416 
End of epoch 3278 / 4000 	 Time Taken: 11 sec
learning rate = 0.0001000
(epoch: 3279, iters: 960, time: 0.002) pos_err: 12.903 ori_err: 40.227 reproj_err: 1146.581 
End of epoch 3279 / 4000 	 Time Taken: 10 sec
learning rate = 0.0001000
(epoch: 3280, iters: 1280, time: 0.001) pos_err: 13.641 ori_err: 43.234 reproj_err: 521.215 
saving the model at the end of epoch 3280, iters 4198400
End of epoch 3280 / 4000 	 Time Taken: 10 sec
learning rate = 0.0001000
End of epoch 3281 / 4000 	 Time Taken: 10 sec
learning rate = 0.0001000
(epoch: 3282, iters: 320, time: 0.003) pos_err: 11.570 ori_err: 40.867 reproj_err: 1499.182 
End of epoch 3282 / 4000 	 Time Taken: 9 sec
learning rate = 0.0001000
(epoch: 3283, iters: 640, time: 0.002) pos_err: 11.281 ori_err: 40.407 reproj_err: 1136.185 
End of epoch 3283 / 4000 	 Time Taken: 9 sec
learning rate = 0.0001000
(epoch: 3284, iters: 960, time: 0.002) pos_err: 10.692 ori_err: 41.968 reproj_err: 1012.845 
End of epoch 3284 / 4000 	 Time Taken: 10 sec
learning rate = 0.0001000
(epoch: 3285, iters: 1280, time: 0.001) pos_err: 21.231 ori_err: 38.147 reproj_err: 13652.503 
End of epoch 3285 / 4000 	 Time Taken: 9 sec
learning rate = 0.0001000
End of epoch 3286 / 4000 	 Time Taken: 10 sec
learning rate = 0.0001000
(epoch: 3287, iters: 320, time: 0.002) pos_err: 11.936 ori_err: 40.461 reproj_err: 669.729 
End of epoch 3287 / 4000 	 Time Taken: 10 sec
learning rate = 0.0001000
(epoch: 3288, iters: 640, time: 0.001) pos_err: 12.958 ori_err: 38.487 reproj_err: 1038.514 
End of epoch 3288 / 4000 	 Time Taken: 10 sec
learning rate = 0.0001000
(epoch: 3289, iters: 960, time: 0.002) pos_err: 11.760 ori_err: 37.717 reproj_err: 1814.916 
End of epoch 3289 / 4000 	 Time Taken: 10 sec
learning rate = 0.0001000
(epoch: 3290, iters: 1280, time: 0.001) pos_err: 12.555 ori_err: 26.110 reproj_err: 5024.600 
saving the model at the end of epoch 3290, iters 4211200
End of epoch 3290 / 4000 	 Time Taken: 10 sec
learning rate = 0.0001000
End of epoch 3291 / 4000 	 Time Taken: 10 sec
learning rate = 0.0001000
(epoch: 3292, iters: 320, time: 0.002) pos_err: 13.258 ori_err: 41.660 reproj_err: 1602.235 
End of epoch 3292 / 4000 	 Time Taken: 9 sec
learning rate = 0.0001000
(epoch: 3293, iters: 640, time: 0.001) pos_err: 9.814 ori_err: 38.420 reproj_err: 924.165 
End of epoch 3293 / 4000 	 Time Taken: 10 sec
learning rate = 0.0001000
(epoch: 3294, iters: 960, time: 0.002) pos_err: 13.283 ori_err: 39.855 reproj_err: 1252.695 
End of epoch 3294 / 4000 	 Time Taken: 10 sec
learning rate = 0.0001000
(epoch: 3295, iters: 1280, time: 0.001) pos_err: 9.298 ori_err: 37.460 reproj_err: 147.529 
End of epoch 3295 / 4000 	 Time Taken: 11 sec
learning rate = 0.0001000
End of epoch 3296 / 4000 	 Time Taken: 10 sec
learning rate = 0.0001000
(epoch: 3297, iters: 320, time: 0.002) pos_err: 11.757 ori_err: 44.031 reproj_err: 1115.183 
End of epoch 3297 / 4000 	 Time Taken: 10 sec
learning rate = 0.0001000
(epoch: 3298, iters: 640, time: 0.002) pos_err: 10.886 ori_err: 41.900 reproj_err: 700.576 
End of epoch 3298 / 4000 	 Time Taken: 10 sec
learning rate = 0.0001000
(epoch: 3299, iters: 960, time: 0.002) pos_err: 11.799 ori_err: 40.425 reproj_err: 1486.987 
End of epoch 3299 / 4000 	 Time Taken: 10 sec
learning rate = 0.0001000
(epoch: 3300, iters: 1280, time: 0.001) pos_err: 15.994 ori_err: 53.017 reproj_err: 9316.573 
saving the model at the end of epoch 3300, iters 4224000
End of epoch 3300 / 4000 	 Time Taken: 11 sec
learning rate = 0.0001000
End of epoch 3301 / 4000 	 Time Taken: 10 sec
learning rate = 0.0001000
(epoch: 3302, iters: 320, time: 0.002) pos_err: 12.504 ori_err: 37.952 reproj_err: 1999.515 
End of epoch 3302 / 4000 	 Time Taken: 11 sec
learning rate = 0.0001000
(epoch: 3303, iters: 640, time: 0.001) pos_err: 12.001 ori_err: 39.662 reproj_err: 2833.970 
End of epoch 3303 / 4000 	 Time Taken: 10 sec
learning rate = 0.0001000
(epoch: 3304, iters: 960, time: 0.002) pos_err: 11.363 ori_err: 39.346 reproj_err: 825.716 
End of epoch 3304 / 4000 	 Time Taken: 10 sec
learning rate = 0.0001000
(epoch: 3305, iters: 1280, time: 0.001) pos_err: 11.984 ori_err: 26.790 reproj_err: 286.017 
End of epoch 3305 / 4000 	 Time Taken: 9 sec
learning rate = 0.0001000
End of epoch 3306 / 4000 	 Time Taken: 11 sec
learning rate = 0.0001000
(epoch: 3307, iters: 320, time: 0.003) pos_err: 10.718 ori_err: 39.001 reproj_err: 962.128 
End of epoch 3307 / 4000 	 Time Taken: 10 sec
learning rate = 0.0001000
(epoch: 3308, iters: 640, time: 0.002) pos_err: 13.018 ori_err: 38.961 reproj_err: 2946.281 
End of epoch 3308 / 4000 	 Time Taken: 11 sec
learning rate = 0.0001000
(epoch: 3309, iters: 960, time: 0.002) pos_err: 11.658 ori_err: 37.718 reproj_err: 1653.548 
End of epoch 3309 / 4000 	 Time Taken: 11 sec
learning rate = 0.0001000
(epoch: 3310, iters: 1280, time: 0.002) pos_err: 7.330 ori_err: 35.208 reproj_err: 94.951 
saving the model at the end of epoch 3310, iters 4236800
End of epoch 3310 / 4000 	 Time Taken: 10 sec
learning rate = 0.0001000
End of epoch 3311 / 4000 	 Time Taken: 11 sec
learning rate = 0.0001000
(epoch: 3312, iters: 320, time: 0.002) pos_err: 12.143 ori_err: 36.748 reproj_err: 1812.109 
End of epoch 3312 / 4000 	 Time Taken: 10 sec
learning rate = 0.0001000
(epoch: 3313, iters: 640, time: 0.001) pos_err: 12.395 ori_err: 38.276 reproj_err: 1890.662 
End of epoch 3313 / 4000 	 Time Taken: 11 sec
learning rate = 0.0001000
(epoch: 3314, iters: 960, time: 0.002) pos_err: 11.834 ori_err: 40.704 reproj_err: 893.929 
End of epoch 3314 / 4000 	 Time Taken: 10 sec
learning rate = 0.0001000
(epoch: 3315, iters: 1280, time: 0.001) pos_err: 11.425 ori_err: 48.259 reproj_err: 2574.011 
End of epoch 3315 / 4000 	 Time Taken: 11 sec
learning rate = 0.0001000
End of epoch 3316 / 4000 	 Time Taken: 11 sec
learning rate = 0.0001000
(epoch: 3317, iters: 320, time: 0.002) pos_err: 10.933 ori_err: 37.669 reproj_err: 446.218 
End of epoch 3317 / 4000 	 Time Taken: 11 sec
learning rate = 0.0001000
(epoch: 3318, iters: 640, time: 0.001) pos_err: 11.452 ori_err: 38.278 reproj_err: 619.809 
End of epoch 3318 / 4000 	 Time Taken: 10 sec
learning rate = 0.0001000
(epoch: 3319, iters: 960, time: 0.002) pos_err: 10.366 ori_err: 39.742 reproj_err: 861.374 
End of epoch 3319 / 4000 	 Time Taken: 9 sec
learning rate = 0.0001000
(epoch: 3320, iters: 1280, time: 0.001) pos_err: 18.291 ori_err: 35.096 reproj_err: 2908.365 
saving the model at the end of epoch 3320, iters 4249600
End of epoch 3320 / 4000 	 Time Taken: 10 sec
learning rate = 0.0001000
End of epoch 3321 / 4000 	 Time Taken: 10 sec
learning rate = 0.0001000
(epoch: 3322, iters: 320, time: 0.002) pos_err: 13.196 ori_err: 40.855 reproj_err: 2356.841 
End of epoch 3322 / 4000 	 Time Taken: 10 sec
learning rate = 0.0001000
(epoch: 3323, iters: 640, time: 0.002) pos_err: 11.936 ori_err: 38.747 reproj_err: 1518.042 
End of epoch 3323 / 4000 	 Time Taken: 11 sec
learning rate = 0.0001000
(epoch: 3324, iters: 960, time: 0.002) pos_err: 11.657 ori_err: 41.112 reproj_err: 1239.404 
End of epoch 3324 / 4000 	 Time Taken: 9 sec
learning rate = 0.0001000
(epoch: 3325, iters: 1280, time: 0.001) pos_err: 8.373 ori_err: 37.735 reproj_err: 180.372 
End of epoch 3325 / 4000 	 Time Taken: 11 sec
learning rate = 0.0001000
End of epoch 3326 / 4000 	 Time Taken: 9 sec
learning rate = 0.0001000
(epoch: 3327, iters: 320, time: 0.002) pos_err: 11.639 ori_err: 38.056 reproj_err: 1024.862 
End of epoch 3327 / 4000 	 Time Taken: 10 sec
learning rate = 0.0001000
(epoch: 3328, iters: 640, time: 0.002) pos_err: 12.152 ori_err: 42.555 reproj_err: 1678.487 
End of epoch 3328 / 4000 	 Time Taken: 11 sec
learning rate = 0.0001000
(epoch: 3329, iters: 960, time: 0.002) pos_err: 11.718 ori_err: 39.732 reproj_err: 1172.786 
End of epoch 3329 / 4000 	 Time Taken: 10 sec
learning rate = 0.0001000
(epoch: 3330, iters: 1280, time: 0.001) pos_err: 5.351 ori_err: 37.578 reproj_err: 76.283 
saving the model at the end of epoch 3330, iters 4262400
End of epoch 3330 / 4000 	 Time Taken: 10 sec
learning rate = 0.0001000
End of epoch 3331 / 4000 	 Time Taken: 10 sec
learning rate = 0.0001000
(epoch: 3332, iters: 320, time: 0.002) pos_err: 11.737 ori_err: 46.908 reproj_err: 1176.572 
End of epoch 3332 / 4000 	 Time Taken: 10 sec
learning rate = 0.0001000
(epoch: 3333, iters: 640, time: 0.001) pos_err: 12.606 ori_err: 40.503 reproj_err: 2181.269 
End of epoch 3333 / 4000 	 Time Taken: 10 sec
learning rate = 0.0001000
(epoch: 3334, iters: 960, time: 0.002) pos_err: 12.516 ori_err: 44.303 reproj_err: 974.185 
End of epoch 3334 / 4000 	 Time Taken: 9 sec
learning rate = 0.0001000
(epoch: 3335, iters: 1280, time: 0.001) pos_err: 12.325 ori_err: 37.981 reproj_err: 733.455 
End of epoch 3335 / 4000 	 Time Taken: 9 sec
learning rate = 0.0001000
End of epoch 3336 / 4000 	 Time Taken: 12 sec
learning rate = 0.0001000
(epoch: 3337, iters: 320, time: 0.001) pos_err: 13.365 ori_err: 41.305 reproj_err: 1050.262 
End of epoch 3337 / 4000 	 Time Taken: 10 sec
learning rate = 0.0001000
(epoch: 3338, iters: 640, time: 0.002) pos_err: 11.536 ori_err: 44.138 reproj_err: 1588.926 
End of epoch 3338 / 4000 	 Time Taken: 11 sec
learning rate = 0.0001000
(epoch: 3339, iters: 960, time: 0.002) pos_err: 12.013 ori_err: 46.216 reproj_err: 843.715 
End of epoch 3339 / 4000 	 Time Taken: 9 sec
learning rate = 0.0001000
(epoch: 3340, iters: 1280, time: 0.001) pos_err: 16.946 ori_err: 40.694 reproj_err: 3793.781 
saving the model at the end of epoch 3340, iters 4275200
End of epoch 3340 / 4000 	 Time Taken: 10 sec
learning rate = 0.0001000
End of epoch 3341 / 4000 	 Time Taken: 11 sec
learning rate = 0.0001000
(epoch: 3342, iters: 320, time: 0.002) pos_err: 12.640 ori_err: 40.874 reproj_err: 2469.579 
End of epoch 3342 / 4000 	 Time Taken: 10 sec
learning rate = 0.0001000
(epoch: 3343, iters: 640, time: 0.002) pos_err: 10.881 ori_err: 42.837 reproj_err: 938.793 
End of epoch 3343 / 4000 	 Time Taken: 10 sec
learning rate = 0.0001000
(epoch: 3344, iters: 960, time: 0.002) pos_err: 11.524 ori_err: 40.096 reproj_err: 925.122 
End of epoch 3344 / 4000 	 Time Taken: 10 sec
learning rate = 0.0001000
(epoch: 3345, iters: 1280, time: 0.001) pos_err: 9.040 ori_err: 45.839 reproj_err: 199.867 
End of epoch 3345 / 4000 	 Time Taken: 9 sec
learning rate = 0.0001000
End of epoch 3346 / 4000 	 Time Taken: 10 sec
learning rate = 0.0001000
(epoch: 3347, iters: 320, time: 0.002) pos_err: 11.259 ori_err: 43.714 reproj_err: 1271.728 
End of epoch 3347 / 4000 	 Time Taken: 11 sec
learning rate = 0.0001000
(epoch: 3348, iters: 640, time: 0.002) pos_err: 11.269 ori_err: 41.432 reproj_err: 1403.248 
End of epoch 3348 / 4000 	 Time Taken: 10 sec
learning rate = 0.0001000
(epoch: 3349, iters: 960, time: 0.002) pos_err: 11.264 ori_err: 36.927 reproj_err: 1144.287 
End of epoch 3349 / 4000 	 Time Taken: 11 sec
learning rate = 0.0001000
(epoch: 3350, iters: 1280, time: 0.001) pos_err: 10.424 ori_err: 49.030 reproj_err: 226.759 
saving the model at the end of epoch 3350, iters 4288000
End of epoch 3350 / 4000 	 Time Taken: 10 sec
learning rate = 0.0001000
End of epoch 3351 / 4000 	 Time Taken: 11 sec
learning rate = 0.0001000
(epoch: 3352, iters: 320, time: 0.002) pos_err: 10.600 ori_err: 43.587 reproj_err: 408.428 
End of epoch 3352 / 4000 	 Time Taken: 11 sec
learning rate = 0.0001000
(epoch: 3353, iters: 640, time: 0.002) pos_err: 12.946 ori_err: 40.162 reproj_err: 1411.316 
End of epoch 3353 / 4000 	 Time Taken: 10 sec
learning rate = 0.0001000
(epoch: 3354, iters: 960, time: 0.002) pos_err: 10.955 ori_err: 40.768 reproj_err: 1156.602 
End of epoch 3354 / 4000 	 Time Taken: 10 sec
learning rate = 0.0001000
(epoch: 3355, iters: 1280, time: 0.001) pos_err: 13.445 ori_err: 38.019 reproj_err: 622.556 
End of epoch 3355 / 4000 	 Time Taken: 10 sec
learning rate = 0.0001000
End of epoch 3356 / 4000 	 Time Taken: 11 sec
learning rate = 0.0001000
(epoch: 3357, iters: 320, time: 0.002) pos_err: 11.763 ori_err: 42.536 reproj_err: 1008.528 
End of epoch 3357 / 4000 	 Time Taken: 10 sec
learning rate = 0.0001000
(epoch: 3358, iters: 640, time: 0.001) pos_err: 12.374 ori_err: 42.557 reproj_err: 2205.403 
End of epoch 3358 / 4000 	 Time Taken: 11 sec
learning rate = 0.0001000
(epoch: 3359, iters: 960, time: 0.002) pos_err: 11.596 ori_err: 40.497 reproj_err: 1636.379 
End of epoch 3359 / 4000 	 Time Taken: 11 sec
learning rate = 0.0001000
(epoch: 3360, iters: 1280, time: 0.001) pos_err: 8.938 ori_err: 40.863 reproj_err: 1205.171 
saving the model at the end of epoch 3360, iters 4300800
End of epoch 3360 / 4000 	 Time Taken: 11 sec
learning rate = 0.0001000
End of epoch 3361 / 4000 	 Time Taken: 9 sec
learning rate = 0.0001000
(epoch: 3362, iters: 320, time: 0.003) pos_err: 10.660 ori_err: 39.092 reproj_err: 904.693 
End of epoch 3362 / 4000 	 Time Taken: 10 sec
learning rate = 0.0001000
(epoch: 3363, iters: 640, time: 0.002) pos_err: 11.581 ori_err: 41.752 reproj_err: 1743.897 
End of epoch 3363 / 4000 	 Time Taken: 10 sec
learning rate = 0.0001000
(epoch: 3364, iters: 960, time: 0.002) pos_err: 12.701 ori_err: 38.514 reproj_err: 2239.063 
End of epoch 3364 / 4000 	 Time Taken: 9 sec
learning rate = 0.0001000
(epoch: 3365, iters: 1280, time: 0.001) pos_err: 16.344 ori_err: 45.155 reproj_err: 731.538 
End of epoch 3365 / 4000 	 Time Taken: 10 sec
learning rate = 0.0001000
End of epoch 3366 / 4000 	 Time Taken: 10 sec
learning rate = 0.0001000
(epoch: 3367, iters: 320, time: 0.003) pos_err: 11.950 ori_err: 41.370 reproj_err: 1678.839 
End of epoch 3367 / 4000 	 Time Taken: 10 sec
learning rate = 0.0001000
(epoch: 3368, iters: 640, time: 0.001) pos_err: 12.382 ori_err: 36.188 reproj_err: 381.821 
End of epoch 3368 / 4000 	 Time Taken: 10 sec
learning rate = 0.0001000
(epoch: 3369, iters: 960, time: 0.002) pos_err: 10.915 ori_err: 41.690 reproj_err: 1335.980 
End of epoch 3369 / 4000 	 Time Taken: 9 sec
learning rate = 0.0001000
(epoch: 3370, iters: 1280, time: 0.001) pos_err: 12.634 ori_err: 31.459 reproj_err: 928.217 
saving the model at the end of epoch 3370, iters 4313600
End of epoch 3370 / 4000 	 Time Taken: 11 sec
learning rate = 0.0001000
End of epoch 3371 / 4000 	 Time Taken: 10 sec
learning rate = 0.0001000
(epoch: 3372, iters: 320, time: 0.002) pos_err: 11.708 ori_err: 42.436 reproj_err: 1075.725 
End of epoch 3372 / 4000 	 Time Taken: 11 sec
learning rate = 0.0001000
(epoch: 3373, iters: 640, time: 0.002) pos_err: 11.937 ori_err: 44.237 reproj_err: 1518.660 
End of epoch 3373 / 4000 	 Time Taken: 10 sec
learning rate = 0.0001000
(epoch: 3374, iters: 960, time: 0.002) pos_err: 12.725 ori_err: 40.913 reproj_err: 1185.002 
End of epoch 3374 / 4000 	 Time Taken: 10 sec
learning rate = 0.0001000
(epoch: 3375, iters: 1280, time: 0.001) pos_err: 12.578 ori_err: 40.190 reproj_err: 192.845 
End of epoch 3375 / 4000 	 Time Taken: 10 sec
learning rate = 0.0001000
End of epoch 3376 / 4000 	 Time Taken: 10 sec
learning rate = 0.0001000
(epoch: 3377, iters: 320, time: 0.003) pos_err: 12.309 ori_err: 37.943 reproj_err: 1777.637 
End of epoch 3377 / 4000 	 Time Taken: 10 sec
learning rate = 0.0001000
(epoch: 3378, iters: 640, time: 0.001) pos_err: 11.663 ori_err: 37.161 reproj_err: 1380.783 
End of epoch 3378 / 4000 	 Time Taken: 10 sec
learning rate = 0.0001000
(epoch: 3379, iters: 960, time: 0.002) pos_err: 12.087 ori_err: 42.528 reproj_err: 1417.181 
End of epoch 3379 / 4000 	 Time Taken: 10 sec
learning rate = 0.0001000
(epoch: 3380, iters: 1280, time: 0.001) pos_err: 13.090 ori_err: 34.435 reproj_err: 212.598 
saving the model at the end of epoch 3380, iters 4326400
End of epoch 3380 / 4000 	 Time Taken: 11 sec
learning rate = 0.0001000
End of epoch 3381 / 4000 	 Time Taken: 10 sec
learning rate = 0.0001000
(epoch: 3382, iters: 320, time: 0.003) pos_err: 13.343 ori_err: 44.312 reproj_err: 1270.073 
End of epoch 3382 / 4000 	 Time Taken: 11 sec
learning rate = 0.0001000
(epoch: 3383, iters: 640, time: 0.002) pos_err: 12.384 ori_err: 40.876 reproj_err: 2200.126 
End of epoch 3383 / 4000 	 Time Taken: 10 sec
learning rate = 0.0001000
(epoch: 3384, iters: 960, time: 0.001) pos_err: 11.983 ori_err: 42.826 reproj_err: 1457.179 
End of epoch 3384 / 4000 	 Time Taken: 10 sec
learning rate = 0.0001000
(epoch: 3385, iters: 1280, time: 0.001) pos_err: 14.020 ori_err: 42.078 reproj_err: 404.666 
End of epoch 3385 / 4000 	 Time Taken: 10 sec
learning rate = 0.0001000
End of epoch 3386 / 4000 	 Time Taken: 10 sec
learning rate = 0.0001000
(epoch: 3387, iters: 320, time: 0.002) pos_err: 11.192 ori_err: 42.389 reproj_err: 1339.971 
End of epoch 3387 / 4000 	 Time Taken: 11 sec
learning rate = 0.0001000
(epoch: 3388, iters: 640, time: 0.002) pos_err: 13.214 ori_err: 41.003 reproj_err: 1843.149 
End of epoch 3388 / 4000 	 Time Taken: 10 sec
learning rate = 0.0001000
(epoch: 3389, iters: 960, time: 0.001) pos_err: 12.528 ori_err: 42.079 reproj_err: 1191.965 
End of epoch 3389 / 4000 	 Time Taken: 10 sec
learning rate = 0.0001000
(epoch: 3390, iters: 1280, time: 0.001) pos_err: 11.243 ori_err: 25.851 reproj_err: 235.479 
saving the model at the end of epoch 3390, iters 4339200
End of epoch 3390 / 4000 	 Time Taken: 10 sec
learning rate = 0.0001000
End of epoch 3391 / 4000 	 Time Taken: 10 sec
learning rate = 0.0001000
(epoch: 3392, iters: 320, time: 0.002) pos_err: 12.236 ori_err: 42.000 reproj_err: 1568.004 
End of epoch 3392 / 4000 	 Time Taken: 10 sec
learning rate = 0.0001000
(epoch: 3393, iters: 640, time: 0.002) pos_err: 10.801 ori_err: 45.544 reproj_err: 1395.148 
End of epoch 3393 / 4000 	 Time Taken: 10 sec
learning rate = 0.0001000
(epoch: 3394, iters: 960, time: 0.002) pos_err: 12.108 ori_err: 42.359 reproj_err: 1473.305 
End of epoch 3394 / 4000 	 Time Taken: 10 sec
learning rate = 0.0001000
(epoch: 3395, iters: 1280, time: 0.001) pos_err: 12.239 ori_err: 56.554 reproj_err: 257.592 
End of epoch 3395 / 4000 	 Time Taken: 11 sec
learning rate = 0.0001000
End of epoch 3396 / 4000 	 Time Taken: 11 sec
learning rate = 0.0001000
(epoch: 3397, iters: 320, time: 0.002) pos_err: 9.569 ori_err: 44.542 reproj_err: 395.153 
End of epoch 3397 / 4000 	 Time Taken: 10 sec
learning rate = 0.0001000
(epoch: 3398, iters: 640, time: 0.001) pos_err: 13.645 ori_err: 46.096 reproj_err: 1505.709 
End of epoch 3398 / 4000 	 Time Taken: 11 sec
learning rate = 0.0001000
(epoch: 3399, iters: 960, time: 0.002) pos_err: 11.555 ori_err: 40.760 reproj_err: 1192.313 
End of epoch 3399 / 4000 	 Time Taken: 10 sec
learning rate = 0.0001000
(epoch: 3400, iters: 1280, time: 0.001) pos_err: 13.166 ori_err: 45.404 reproj_err: 2660.406 
saving the model at the end of epoch 3400, iters 4352000
End of epoch 3400 / 4000 	 Time Taken: 10 sec
learning rate = 0.0001000
End of epoch 3401 / 4000 	 Time Taken: 10 sec
learning rate = 0.0001000
(epoch: 3402, iters: 320, time: 0.003) pos_err: 12.094 ori_err: 38.863 reproj_err: 1464.539 
End of epoch 3402 / 4000 	 Time Taken: 10 sec
learning rate = 0.0001000
(epoch: 3403, iters: 640, time: 0.001) pos_err: 11.048 ori_err: 41.078 reproj_err: 2476.709 
End of epoch 3403 / 4000 	 Time Taken: 11 sec
learning rate = 0.0001000
(epoch: 3404, iters: 960, time: 0.002) pos_err: 11.296 ori_err: 40.607 reproj_err: 894.825 
End of epoch 3404 / 4000 	 Time Taken: 10 sec
learning rate = 0.0001000
(epoch: 3405, iters: 1280, time: 0.001) pos_err: 10.669 ori_err: 35.611 reproj_err: 294.403 
End of epoch 3405 / 4000 	 Time Taken: 10 sec
learning rate = 0.0001000
End of epoch 3406 / 4000 	 Time Taken: 10 sec
learning rate = 0.0001000
(epoch: 3407, iters: 320, time: 0.002) pos_err: 12.164 ori_err: 40.110 reproj_err: 776.909 
End of epoch 3407 / 4000 	 Time Taken: 10 sec
learning rate = 0.0001000
(epoch: 3408, iters: 640, time: 0.001) pos_err: 11.474 ori_err: 41.539 reproj_err: 1202.862 
End of epoch 3408 / 4000 	 Time Taken: 10 sec
learning rate = 0.0001000
(epoch: 3409, iters: 960, time: 0.002) pos_err: 11.349 ori_err: 43.348 reproj_err: 1912.920 
End of epoch 3409 / 4000 	 Time Taken: 11 sec
learning rate = 0.0001000
(epoch: 3410, iters: 1280, time: 0.001) pos_err: 13.059 ori_err: 37.181 reproj_err: 271.202 
saving the model at the end of epoch 3410, iters 4364800
End of epoch 3410 / 4000 	 Time Taken: 10 sec
learning rate = 0.0001000
End of epoch 3411 / 4000 	 Time Taken: 11 sec
learning rate = 0.0001000
(epoch: 3412, iters: 320, time: 0.002) pos_err: 10.834 ori_err: 40.278 reproj_err: 806.618 
End of epoch 3412 / 4000 	 Time Taken: 10 sec
learning rate = 0.0001000
(epoch: 3413, iters: 640, time: 0.002) pos_err: 11.864 ori_err: 37.346 reproj_err: 882.966 
End of epoch 3413 / 4000 	 Time Taken: 10 sec
learning rate = 0.0001000
(epoch: 3414, iters: 960, time: 0.002) pos_err: 10.759 ori_err: 41.297 reproj_err: 993.671 
End of epoch 3414 / 4000 	 Time Taken: 10 sec
learning rate = 0.0001000
(epoch: 3415, iters: 1280, time: 0.001) pos_err: 17.818 ori_err: 46.406 reproj_err: 4476.462 
End of epoch 3415 / 4000 	 Time Taken: 10 sec
learning rate = 0.0001000
End of epoch 3416 / 4000 	 Time Taken: 10 sec
learning rate = 0.0001000
(epoch: 3417, iters: 320, time: 0.003) pos_err: 14.287 ori_err: 41.194 reproj_err: 3346.942 
End of epoch 3417 / 4000 	 Time Taken: 10 sec
learning rate = 0.0001000
(epoch: 3418, iters: 640, time: 0.001) pos_err: 12.144 ori_err: 42.222 reproj_err: 2271.434 
End of epoch 3418 / 4000 	 Time Taken: 10 sec
learning rate = 0.0001000
(epoch: 3419, iters: 960, time: 0.002) pos_err: 12.410 ori_err: 39.901 reproj_err: 1497.441 
End of epoch 3419 / 4000 	 Time Taken: 10 sec
learning rate = 0.0001000
(epoch: 3420, iters: 1280, time: 0.002) pos_err: 18.477 ori_err: 40.079 reproj_err: 1314.363 
saving the model at the end of epoch 3420, iters 4377600
End of epoch 3420 / 4000 	 Time Taken: 11 sec
learning rate = 0.0001000
End of epoch 3421 / 4000 	 Time Taken: 10 sec
learning rate = 0.0001000
(epoch: 3422, iters: 320, time: 0.002) pos_err: 11.922 ori_err: 42.163 reproj_err: 832.896 
End of epoch 3422 / 4000 	 Time Taken: 10 sec
learning rate = 0.0001000
(epoch: 3423, iters: 640, time: 0.002) pos_err: 12.369 ori_err: 39.359 reproj_err: 1018.310 
End of epoch 3423 / 4000 	 Time Taken: 10 sec
learning rate = 0.0001000
(epoch: 3424, iters: 960, time: 0.002) pos_err: 12.336 ori_err: 42.264 reproj_err: 1383.562 
End of epoch 3424 / 4000 	 Time Taken: 10 sec
learning rate = 0.0001000
(epoch: 3425, iters: 1280, time: 0.001) pos_err: 10.053 ori_err: 57.876 reproj_err: 2120.371 
End of epoch 3425 / 4000 	 Time Taken: 10 sec
learning rate = 0.0001000
End of epoch 3426 / 4000 	 Time Taken: 10 sec
learning rate = 0.0001000
(epoch: 3427, iters: 320, time: 0.002) pos_err: 12.035 ori_err: 40.759 reproj_err: 634.350 
End of epoch 3427 / 4000 	 Time Taken: 10 sec
learning rate = 0.0001000
(epoch: 3428, iters: 640, time: 0.002) pos_err: 12.112 ori_err: 40.213 reproj_err: 1731.099 
End of epoch 3428 / 4000 	 Time Taken: 10 sec
learning rate = 0.0001000
(epoch: 3429, iters: 960, time: 0.002) pos_err: 13.391 ori_err: 40.129 reproj_err: 3100.380 
End of epoch 3429 / 4000 	 Time Taken: 10 sec
learning rate = 0.0001000
(epoch: 3430, iters: 1280, time: 0.001) pos_err: 9.566 ori_err: 40.992 reproj_err: 446.165 
saving the model at the end of epoch 3430, iters 4390400
End of epoch 3430 / 4000 	 Time Taken: 10 sec
learning rate = 0.0001000
End of epoch 3431 / 4000 	 Time Taken: 10 sec
learning rate = 0.0001000
(epoch: 3432, iters: 320, time: 0.002) pos_err: 11.143 ori_err: 40.373 reproj_err: 742.401 
End of epoch 3432 / 4000 	 Time Taken: 10 sec
learning rate = 0.0001000
(epoch: 3433, iters: 640, time: 0.001) pos_err: 11.606 ori_err: 40.558 reproj_err: 1244.884 
End of epoch 3433 / 4000 	 Time Taken: 11 sec
learning rate = 0.0001000
(epoch: 3434, iters: 960, time: 0.001) pos_err: 11.484 ori_err: 35.720 reproj_err: 1349.928 
End of epoch 3434 / 4000 	 Time Taken: 10 sec
learning rate = 0.0001000
(epoch: 3435, iters: 1280, time: 0.001) pos_err: 14.061 ori_err: 42.960 reproj_err: 1302.080 
End of epoch 3435 / 4000 	 Time Taken: 10 sec
learning rate = 0.0001000
End of epoch 3436 / 4000 	 Time Taken: 9 sec
learning rate = 0.0001000
(epoch: 3437, iters: 320, time: 0.002) pos_err: 12.189 ori_err: 40.578 reproj_err: 1580.966 
End of epoch 3437 / 4000 	 Time Taken: 11 sec
learning rate = 0.0001000
(epoch: 3438, iters: 640, time: 0.002) pos_err: 12.150 ori_err: 42.119 reproj_err: 1070.502 
End of epoch 3438 / 4000 	 Time Taken: 10 sec
learning rate = 0.0001000
(epoch: 3439, iters: 960, time: 0.002) pos_err: 11.686 ori_err: 46.296 reproj_err: 1486.185 
End of epoch 3439 / 4000 	 Time Taken: 10 sec
learning rate = 0.0001000
(epoch: 3440, iters: 1280, time: 0.001) pos_err: 9.068 ori_err: 31.963 reproj_err: 1019.929 
saving the model at the end of epoch 3440, iters 4403200
End of epoch 3440 / 4000 	 Time Taken: 10 sec
learning rate = 0.0001000
End of epoch 3441 / 4000 	 Time Taken: 10 sec
learning rate = 0.0001000
(epoch: 3442, iters: 320, time: 0.002) pos_err: 12.210 ori_err: 43.254 reproj_err: 1179.676 
End of epoch 3442 / 4000 	 Time Taken: 10 sec
learning rate = 0.0001000
(epoch: 3443, iters: 640, time: 0.002) pos_err: 11.474 ori_err: 39.722 reproj_err: 2437.639 
End of epoch 3443 / 4000 	 Time Taken: 10 sec
learning rate = 0.0001000
(epoch: 3444, iters: 960, time: 0.002) pos_err: 10.837 ori_err: 40.103 reproj_err: 507.152 
End of epoch 3444 / 4000 	 Time Taken: 11 sec
learning rate = 0.0001000
(epoch: 3445, iters: 1280, time: 0.001) pos_err: 8.931 ori_err: 60.262 reproj_err: 670.157 
End of epoch 3445 / 4000 	 Time Taken: 10 sec
learning rate = 0.0001000
End of epoch 3446 / 4000 	 Time Taken: 10 sec
learning rate = 0.0001000
(epoch: 3447, iters: 320, time: 0.003) pos_err: 12.129 ori_err: 44.000 reproj_err: 1939.361 
End of epoch 3447 / 4000 	 Time Taken: 11 sec
learning rate = 0.0001000
(epoch: 3448, iters: 640, time: 0.002) pos_err: 10.733 ori_err: 37.763 reproj_err: 1063.972 
End of epoch 3448 / 4000 	 Time Taken: 10 sec
learning rate = 0.0001000
(epoch: 3449, iters: 960, time: 0.002) pos_err: 12.552 ori_err: 38.783 reproj_err: 2783.054 
End of epoch 3449 / 4000 	 Time Taken: 10 sec
learning rate = 0.0001000
(epoch: 3450, iters: 1280, time: 0.001) pos_err: 14.478 ori_err: 41.585 reproj_err: 7539.556 
saving the model at the end of epoch 3450, iters 4416000
End of epoch 3450 / 4000 	 Time Taken: 10 sec
learning rate = 0.0001000
End of epoch 3451 / 4000 	 Time Taken: 10 sec
learning rate = 0.0001000
(epoch: 3452, iters: 320, time: 0.002) pos_err: 11.575 ori_err: 39.331 reproj_err: 1790.206 
End of epoch 3452 / 4000 	 Time Taken: 11 sec
learning rate = 0.0001000
(epoch: 3453, iters: 640, time: 0.002) pos_err: 12.847 ori_err: 40.194 reproj_err: 3209.953 
End of epoch 3453 / 4000 	 Time Taken: 10 sec
learning rate = 0.0001000
(epoch: 3454, iters: 960, time: 0.002) pos_err: 12.007 ori_err: 40.359 reproj_err: 977.440 
End of epoch 3454 / 4000 	 Time Taken: 10 sec
learning rate = 0.0001000
(epoch: 3455, iters: 1280, time: 0.001) pos_err: 11.831 ori_err: 39.257 reproj_err: 405.807 
End of epoch 3455 / 4000 	 Time Taken: 10 sec
learning rate = 0.0001000
End of epoch 3456 / 4000 	 Time Taken: 10 sec
learning rate = 0.0001000
(epoch: 3457, iters: 320, time: 0.002) pos_err: 12.028 ori_err: 43.120 reproj_err: 1078.077 
End of epoch 3457 / 4000 	 Time Taken: 10 sec
learning rate = 0.0001000
(epoch: 3458, iters: 640, time: 0.002) pos_err: 13.362 ori_err: 42.871 reproj_err: 1729.164 
End of epoch 3458 / 4000 	 Time Taken: 9 sec
learning rate = 0.0001000
(epoch: 3459, iters: 960, time: 0.002) pos_err: 12.576 ori_err: 39.656 reproj_err: 1804.636 
End of epoch 3459 / 4000 	 Time Taken: 10 sec
learning rate = 0.0001000
(epoch: 3460, iters: 1280, time: 0.001) pos_err: 19.617 ori_err: 34.435 reproj_err: 360.115 
saving the model at the end of epoch 3460, iters 4428800
End of epoch 3460 / 4000 	 Time Taken: 11 sec
learning rate = 0.0001000
End of epoch 3461 / 4000 	 Time Taken: 9 sec
learning rate = 0.0001000
(epoch: 3462, iters: 320, time: 0.002) pos_err: 12.304 ori_err: 39.947 reproj_err: 1722.640 
End of epoch 3462 / 4000 	 Time Taken: 11 sec
learning rate = 0.0001000
(epoch: 3463, iters: 640, time: 0.001) pos_err: 13.256 ori_err: 39.025 reproj_err: 1314.625 
End of epoch 3463 / 4000 	 Time Taken: 9 sec
learning rate = 0.0001000
(epoch: 3464, iters: 960, time: 0.002) pos_err: 11.630 ori_err: 39.402 reproj_err: 1857.301 
End of epoch 3464 / 4000 	 Time Taken: 10 sec
learning rate = 0.0001000
(epoch: 3465, iters: 1280, time: 0.001) pos_err: 13.385 ori_err: 46.093 reproj_err: 1967.979 
End of epoch 3465 / 4000 	 Time Taken: 10 sec
learning rate = 0.0001000
End of epoch 3466 / 4000 	 Time Taken: 10 sec
learning rate = 0.0001000
(epoch: 3467, iters: 320, time: 0.002) pos_err: 12.230 ori_err: 41.952 reproj_err: 2221.912 
End of epoch 3467 / 4000 	 Time Taken: 9 sec
learning rate = 0.0001000
(epoch: 3468, iters: 640, time: 0.002) pos_err: 11.448 ori_err: 34.374 reproj_err: 1062.056 
End of epoch 3468 / 4000 	 Time Taken: 10 sec
learning rate = 0.0001000
(epoch: 3469, iters: 960, time: 0.001) pos_err: 11.607 ori_err: 38.789 reproj_err: 962.886 
End of epoch 3469 / 4000 	 Time Taken: 10 sec
learning rate = 0.0001000
(epoch: 3470, iters: 1280, time: 0.001) pos_err: 9.073 ori_err: 44.629 reproj_err: 1136.726 
saving the model at the end of epoch 3470, iters 4441600
End of epoch 3470 / 4000 	 Time Taken: 10 sec
learning rate = 0.0001000
End of epoch 3471 / 4000 	 Time Taken: 10 sec
learning rate = 0.0001000
(epoch: 3472, iters: 320, time: 0.002) pos_err: 11.427 ori_err: 40.822 reproj_err: 1093.561 
End of epoch 3472 / 4000 	 Time Taken: 11 sec
learning rate = 0.0001000
(epoch: 3473, iters: 640, time: 0.002) pos_err: 11.584 ori_err: 37.911 reproj_err: 1610.876 
End of epoch 3473 / 4000 	 Time Taken: 11 sec
learning rate = 0.0001000
(epoch: 3474, iters: 960, time: 0.002) pos_err: 13.397 ori_err: 38.871 reproj_err: 1518.210 
End of epoch 3474 / 4000 	 Time Taken: 10 sec
learning rate = 0.0001000
(epoch: 3475, iters: 1280, time: 0.001) pos_err: 16.306 ori_err: 36.763 reproj_err: 3554.699 
End of epoch 3475 / 4000 	 Time Taken: 10 sec
learning rate = 0.0001000
End of epoch 3476 / 4000 	 Time Taken: 10 sec
learning rate = 0.0001000
(epoch: 3477, iters: 320, time: 0.002) pos_err: 11.071 ori_err: 42.103 reproj_err: 774.029 
End of epoch 3477 / 4000 	 Time Taken: 10 sec
learning rate = 0.0001000
(epoch: 3478, iters: 640, time: 0.002) pos_err: 10.818 ori_err: 40.494 reproj_err: 690.653 
End of epoch 3478 / 4000 	 Time Taken: 9 sec
learning rate = 0.0001000
(epoch: 3479, iters: 960, time: 0.002) pos_err: 10.983 ori_err: 39.677 reproj_err: 1744.129 
End of epoch 3479 / 4000 	 Time Taken: 10 sec
learning rate = 0.0001000
(epoch: 3480, iters: 1280, time: 0.001) pos_err: 8.232 ori_err: 43.637 reproj_err: 196.203 
saving the model at the end of epoch 3480, iters 4454400
End of epoch 3480 / 4000 	 Time Taken: 11 sec
learning rate = 0.0001000
End of epoch 3481 / 4000 	 Time Taken: 10 sec
learning rate = 0.0001000
(epoch: 3482, iters: 320, time: 0.002) pos_err: 12.442 ori_err: 38.462 reproj_err: 2640.693 
End of epoch 3482 / 4000 	 Time Taken: 10 sec
learning rate = 0.0001000
(epoch: 3483, iters: 640, time: 0.002) pos_err: 12.183 ori_err: 40.144 reproj_err: 2726.874 
End of epoch 3483 / 4000 	 Time Taken: 10 sec
learning rate = 0.0001000
(epoch: 3484, iters: 960, time: 0.002) pos_err: 10.969 ori_err: 40.468 reproj_err: 1448.692 
End of epoch 3484 / 4000 	 Time Taken: 9 sec
learning rate = 0.0001000
(epoch: 3485, iters: 1280, time: 0.001) pos_err: 12.008 ori_err: 35.779 reproj_err: 2959.036 
End of epoch 3485 / 4000 	 Time Taken: 10 sec
learning rate = 0.0001000
End of epoch 3486 / 4000 	 Time Taken: 10 sec
learning rate = 0.0001000
(epoch: 3487, iters: 320, time: 0.002) pos_err: 11.322 ori_err: 45.729 reproj_err: 784.029 
End of epoch 3487 / 4000 	 Time Taken: 10 sec
learning rate = 0.0001000
(epoch: 3488, iters: 640, time: 0.002) pos_err: 10.895 ori_err: 39.779 reproj_err: 917.966 
End of epoch 3488 / 4000 	 Time Taken: 10 sec
learning rate = 0.0001000
(epoch: 3489, iters: 960, time: 0.002) pos_err: 11.413 ori_err: 42.704 reproj_err: 1081.149 
End of epoch 3489 / 4000 	 Time Taken: 10 sec
learning rate = 0.0001000
(epoch: 3490, iters: 1280, time: 0.002) pos_err: 10.979 ori_err: 32.557 reproj_err: 2537.556 
saving the model at the end of epoch 3490, iters 4467200
End of epoch 3490 / 4000 	 Time Taken: 11 sec
learning rate = 0.0001000
End of epoch 3491 / 4000 	 Time Taken: 9 sec
learning rate = 0.0001000
(epoch: 3492, iters: 320, time: 0.002) pos_err: 13.629 ori_err: 43.212 reproj_err: 2735.364 
End of epoch 3492 / 4000 	 Time Taken: 10 sec
learning rate = 0.0001000
(epoch: 3493, iters: 640, time: 0.001) pos_err: 11.147 ori_err: 45.511 reproj_err: 636.829 
End of epoch 3493 / 4000 	 Time Taken: 9 sec
learning rate = 0.0001000
(epoch: 3494, iters: 960, time: 0.002) pos_err: 10.921 ori_err: 46.717 reproj_err: 1498.001 
End of epoch 3494 / 4000 	 Time Taken: 10 sec
learning rate = 0.0001000
(epoch: 3495, iters: 1280, time: 0.001) pos_err: 13.497 ori_err: 57.337 reproj_err: 332.794 
End of epoch 3495 / 4000 	 Time Taken: 10 sec
learning rate = 0.0001000
End of epoch 3496 / 4000 	 Time Taken: 10 sec
learning rate = 0.0001000
(epoch: 3497, iters: 320, time: 0.002) pos_err: 12.505 ori_err: 43.526 reproj_err: 981.290 
End of epoch 3497 / 4000 	 Time Taken: 11 sec
learning rate = 0.0001000
(epoch: 3498, iters: 640, time: 0.002) pos_err: 11.381 ori_err: 41.490 reproj_err: 776.368 
End of epoch 3498 / 4000 	 Time Taken: 10 sec
learning rate = 0.0001000
(epoch: 3499, iters: 960, time: 0.002) pos_err: 11.859 ori_err: 41.567 reproj_err: 1674.883 
End of epoch 3499 / 4000 	 Time Taken: 10 sec
learning rate = 0.0001000
(epoch: 3500, iters: 1280, time: 0.001) pos_err: 7.820 ori_err: 41.265 reproj_err: 174.581 
saving the model at the end of epoch 3500, iters 4480000
End of epoch 3500 / 4000 	 Time Taken: 10 sec
learning rate = 0.0001000
End of epoch 3501 / 4000 	 Time Taken: 10 sec
learning rate = 0.0001000
(epoch: 3502, iters: 320, time: 0.002) pos_err: 13.069 ori_err: 40.079 reproj_err: 1783.836 
End of epoch 3502 / 4000 	 Time Taken: 10 sec
learning rate = 0.0001000
(epoch: 3503, iters: 640, time: 0.001) pos_err: 12.350 ori_err: 40.715 reproj_err: 1583.675 
End of epoch 3503 / 4000 	 Time Taken: 10 sec
learning rate = 0.0001000
(epoch: 3504, iters: 960, time: 0.002) pos_err: 12.732 ori_err: 40.819 reproj_err: 1314.918 
End of epoch 3504 / 4000 	 Time Taken: 10 sec
learning rate = 0.0001000
(epoch: 3505, iters: 1280, time: 0.001) pos_err: 8.758 ori_err: 53.498 reproj_err: 263.564 
End of epoch 3505 / 4000 	 Time Taken: 9 sec
learning rate = 0.0001000
End of epoch 3506 / 4000 	 Time Taken: 10 sec
learning rate = 0.0001000
(epoch: 3507, iters: 320, time: 0.001) pos_err: 12.355 ori_err: 39.181 reproj_err: 1893.555 
End of epoch 3507 / 4000 	 Time Taken: 10 sec
learning rate = 0.0001000
(epoch: 3508, iters: 640, time: 0.002) pos_err: 11.293 ori_err: 37.891 reproj_err: 1064.778 
End of epoch 3508 / 4000 	 Time Taken: 10 sec
learning rate = 0.0001000
(epoch: 3509, iters: 960, time: 0.002) pos_err: 11.085 ori_err: 38.448 reproj_err: 1794.173 
End of epoch 3509 / 4000 	 Time Taken: 11 sec
learning rate = 0.0001000
(epoch: 3510, iters: 1280, time: 0.001) pos_err: 13.243 ori_err: 32.474 reproj_err: 6509.421 
saving the model at the end of epoch 3510, iters 4492800
End of epoch 3510 / 4000 	 Time Taken: 10 sec
learning rate = 0.0001000
End of epoch 3511 / 4000 	 Time Taken: 10 sec
learning rate = 0.0001000
(epoch: 3512, iters: 320, time: 0.002) pos_err: 13.261 ori_err: 40.949 reproj_err: 1982.881 
End of epoch 3512 / 4000 	 Time Taken: 10 sec
learning rate = 0.0001000
(epoch: 3513, iters: 640, time: 0.002) pos_err: 12.256 ori_err: 42.416 reproj_err: 1428.994 
End of epoch 3513 / 4000 	 Time Taken: 11 sec
learning rate = 0.0001000
(epoch: 3514, iters: 960, time: 0.002) pos_err: 11.454 ori_err: 41.287 reproj_err: 1700.417 
End of epoch 3514 / 4000 	 Time Taken: 10 sec
learning rate = 0.0001000
(epoch: 3515, iters: 1280, time: 0.001) pos_err: 15.752 ori_err: 52.334 reproj_err: 4336.414 
End of epoch 3515 / 4000 	 Time Taken: 10 sec
learning rate = 0.0001000
End of epoch 3516 / 4000 	 Time Taken: 11 sec
learning rate = 0.0001000
(epoch: 3517, iters: 320, time: 0.002) pos_err: 13.920 ori_err: 41.150 reproj_err: 2335.315 
End of epoch 3517 / 4000 	 Time Taken: 9 sec
learning rate = 0.0001000
(epoch: 3518, iters: 640, time: 0.002) pos_err: 12.275 ori_err: 42.712 reproj_err: 1022.196 
End of epoch 3518 / 4000 	 Time Taken: 10 sec
learning rate = 0.0001000
(epoch: 3519, iters: 960, time: 0.002) pos_err: 10.706 ori_err: 43.103 reproj_err: 729.384 
End of epoch 3519 / 4000 	 Time Taken: 10 sec
learning rate = 0.0001000
(epoch: 3520, iters: 1280, time: 0.001) pos_err: 11.340 ori_err: 46.495 reproj_err: 334.622 
saving the model at the end of epoch 3520, iters 4505600
End of epoch 3520 / 4000 	 Time Taken: 10 sec
learning rate = 0.0001000
End of epoch 3521 / 4000 	 Time Taken: 10 sec
learning rate = 0.0001000
(epoch: 3522, iters: 320, time: 0.002) pos_err: 11.741 ori_err: 39.745 reproj_err: 640.180 
End of epoch 3522 / 4000 	 Time Taken: 10 sec
learning rate = 0.0001000
(epoch: 3523, iters: 640, time: 0.002) pos_err: 11.982 ori_err: 40.511 reproj_err: 876.906 
End of epoch 3523 / 4000 	 Time Taken: 9 sec
learning rate = 0.0001000
(epoch: 3524, iters: 960, time: 0.002) pos_err: 10.569 ori_err: 41.042 reproj_err: 508.452 
End of epoch 3524 / 4000 	 Time Taken: 9 sec
learning rate = 0.0001000
(epoch: 3525, iters: 1280, time: 0.002) pos_err: 16.659 ori_err: 38.069 reproj_err: 525.140 
End of epoch 3525 / 4000 	 Time Taken: 10 sec
learning rate = 0.0001000
End of epoch 3526 / 4000 	 Time Taken: 10 sec
learning rate = 0.0001000
(epoch: 3527, iters: 320, time: 0.002) pos_err: 11.487 ori_err: 40.408 reproj_err: 1209.692 
End of epoch 3527 / 4000 	 Time Taken: 10 sec
learning rate = 0.0001000
(epoch: 3528, iters: 640, time: 0.001) pos_err: 12.176 ori_err: 41.108 reproj_err: 1277.070 
End of epoch 3528 / 4000 	 Time Taken: 10 sec
learning rate = 0.0001000
(epoch: 3529, iters: 960, time: 0.002) pos_err: 12.292 ori_err: 40.467 reproj_err: 1396.368 
End of epoch 3529 / 4000 	 Time Taken: 10 sec
learning rate = 0.0001000
(epoch: 3530, iters: 1280, time: 0.002) pos_err: 11.634 ori_err: 35.784 reproj_err: 274.000 
saving the model at the end of epoch 3530, iters 4518400
End of epoch 3530 / 4000 	 Time Taken: 10 sec
learning rate = 0.0001000
End of epoch 3531 / 4000 	 Time Taken: 10 sec
learning rate = 0.0001000
(epoch: 3532, iters: 320, time: 0.002) pos_err: 10.272 ori_err: 39.221 reproj_err: 1142.547 
End of epoch 3532 / 4000 	 Time Taken: 10 sec
learning rate = 0.0001000
(epoch: 3533, iters: 640, time: 0.002) pos_err: 11.057 ori_err: 38.654 reproj_err: 422.585 
End of epoch 3533 / 4000 	 Time Taken: 10 sec
learning rate = 0.0001000
(epoch: 3534, iters: 960, time: 0.002) pos_err: 11.175 ori_err: 43.004 reproj_err: 1091.028 
End of epoch 3534 / 4000 	 Time Taken: 11 sec
learning rate = 0.0001000
(epoch: 3535, iters: 1280, time: 0.001) pos_err: 11.527 ori_err: 51.174 reproj_err: 411.639 
End of epoch 3535 / 4000 	 Time Taken: 9 sec
learning rate = 0.0001000
End of epoch 3536 / 4000 	 Time Taken: 10 sec
learning rate = 0.0001000
(epoch: 3537, iters: 320, time: 0.002) pos_err: 12.191 ori_err: 40.505 reproj_err: 1955.572 
End of epoch 3537 / 4000 	 Time Taken: 9 sec
learning rate = 0.0001000
(epoch: 3538, iters: 640, time: 0.001) pos_err: 11.337 ori_err: 46.226 reproj_err: 1331.554 
End of epoch 3538 / 4000 	 Time Taken: 10 sec
learning rate = 0.0001000
(epoch: 3539, iters: 960, time: 0.002) pos_err: 11.997 ori_err: 40.155 reproj_err: 2403.571 
End of epoch 3539 / 4000 	 Time Taken: 11 sec
learning rate = 0.0001000
(epoch: 3540, iters: 1280, time: 0.001) pos_err: 6.819 ori_err: 37.832 reproj_err: 136.271 
saving the model at the end of epoch 3540, iters 4531200
End of epoch 3540 / 4000 	 Time Taken: 10 sec
learning rate = 0.0001000
End of epoch 3541 / 4000 	 Time Taken: 10 sec
learning rate = 0.0001000
(epoch: 3542, iters: 320, time: 0.002) pos_err: 11.804 ori_err: 42.131 reproj_err: 1862.080 
End of epoch 3542 / 4000 	 Time Taken: 10 sec
learning rate = 0.0001000
(epoch: 3543, iters: 640, time: 0.001) pos_err: 13.314 ori_err: 37.854 reproj_err: 1507.518 
End of epoch 3543 / 4000 	 Time Taken: 10 sec
learning rate = 0.0001000
(epoch: 3544, iters: 960, time: 0.002) pos_err: 10.939 ori_err: 40.810 reproj_err: 1056.235 
End of epoch 3544 / 4000 	 Time Taken: 9 sec
learning rate = 0.0001000
(epoch: 3545, iters: 1280, time: 0.001) pos_err: 8.532 ori_err: 38.412 reproj_err: 1877.097 
End of epoch 3545 / 4000 	 Time Taken: 10 sec
learning rate = 0.0001000
End of epoch 3546 / 4000 	 Time Taken: 10 sec
learning rate = 0.0001000
(epoch: 3547, iters: 320, time: 0.002) pos_err: 12.343 ori_err: 43.372 reproj_err: 1086.380 
End of epoch 3547 / 4000 	 Time Taken: 12 sec
learning rate = 0.0001000
(epoch: 3548, iters: 640, time: 0.001) pos_err: 11.381 ori_err: 41.615 reproj_err: 824.216 
End of epoch 3548 / 4000 	 Time Taken: 10 sec
learning rate = 0.0001000
(epoch: 3549, iters: 960, time: 0.002) pos_err: 10.294 ori_err: 43.304 reproj_err: 557.123 
End of epoch 3549 / 4000 	 Time Taken: 10 sec
learning rate = 0.0001000
(epoch: 3550, iters: 1280, time: 0.001) pos_err: 12.777 ori_err: 27.221 reproj_err: 194.020 
saving the model at the end of epoch 3550, iters 4544000
End of epoch 3550 / 4000 	 Time Taken: 11 sec
learning rate = 0.0001000
End of epoch 3551 / 4000 	 Time Taken: 10 sec
learning rate = 0.0001000
(epoch: 3552, iters: 320, time: 0.002) pos_err: 10.341 ori_err: 42.234 reproj_err: 879.223 
End of epoch 3552 / 4000 	 Time Taken: 11 sec
learning rate = 0.0001000
(epoch: 3553, iters: 640, time: 0.001) pos_err: 11.705 ori_err: 37.303 reproj_err: 1164.513 
End of epoch 3553 / 4000 	 Time Taken: 10 sec
learning rate = 0.0001000
(epoch: 3554, iters: 960, time: 0.001) pos_err: 11.736 ori_err: 39.329 reproj_err: 902.714 
End of epoch 3554 / 4000 	 Time Taken: 11 sec
learning rate = 0.0001000
(epoch: 3555, iters: 1280, time: 0.001) pos_err: 7.318 ori_err: 56.818 reproj_err: 246.613 
End of epoch 3555 / 4000 	 Time Taken: 10 sec
learning rate = 0.0001000
End of epoch 3556 / 4000 	 Time Taken: 10 sec
learning rate = 0.0001000
(epoch: 3557, iters: 320, time: 0.002) pos_err: 12.376 ori_err: 38.943 reproj_err: 1413.089 
End of epoch 3557 / 4000 	 Time Taken: 10 sec
learning rate = 0.0001000
(epoch: 3558, iters: 640, time: 0.002) pos_err: 12.943 ori_err: 42.458 reproj_err: 2188.500 
End of epoch 3558 / 4000 	 Time Taken: 9 sec
learning rate = 0.0001000
(epoch: 3559, iters: 960, time: 0.002) pos_err: 10.961 ori_err: 40.176 reproj_err: 1365.443 
End of epoch 3559 / 4000 	 Time Taken: 10 sec
learning rate = 0.0001000
(epoch: 3560, iters: 1280, time: 0.001) pos_err: 8.689 ori_err: 33.197 reproj_err: 285.253 
saving the model at the end of epoch 3560, iters 4556800
End of epoch 3560 / 4000 	 Time Taken: 10 sec
learning rate = 0.0001000
End of epoch 3561 / 4000 	 Time Taken: 10 sec
learning rate = 0.0001000
(epoch: 3562, iters: 320, time: 0.003) pos_err: 13.548 ori_err: 41.756 reproj_err: 760.378 
End of epoch 3562 / 4000 	 Time Taken: 10 sec
learning rate = 0.0001000
(epoch: 3563, iters: 640, time: 0.001) pos_err: 10.685 ori_err: 39.820 reproj_err: 568.363 
End of epoch 3563 / 4000 	 Time Taken: 11 sec
learning rate = 0.0001000
(epoch: 3564, iters: 960, time: 0.002) pos_err: 12.719 ori_err: 39.151 reproj_err: 1869.093 
End of epoch 3564 / 4000 	 Time Taken: 10 sec
learning rate = 0.0001000
(epoch: 3565, iters: 1280, time: 0.001) pos_err: 17.074 ori_err: 50.606 reproj_err: 8333.492 
End of epoch 3565 / 4000 	 Time Taken: 10 sec
learning rate = 0.0001000
End of epoch 3566 / 4000 	 Time Taken: 9 sec
learning rate = 0.0001000
(epoch: 3567, iters: 320, time: 0.002) pos_err: 11.857 ori_err: 43.386 reproj_err: 1015.438 
End of epoch 3567 / 4000 	 Time Taken: 10 sec
learning rate = 0.0001000
(epoch: 3568, iters: 640, time: 0.001) pos_err: 10.118 ori_err: 42.956 reproj_err: 687.385 
End of epoch 3568 / 4000 	 Time Taken: 10 sec
learning rate = 0.0001000
(epoch: 3569, iters: 960, time: 0.002) pos_err: 10.943 ori_err: 42.318 reproj_err: 1561.674 
End of epoch 3569 / 4000 	 Time Taken: 10 sec
learning rate = 0.0001000
(epoch: 3570, iters: 1280, time: 0.001) pos_err: 6.734 ori_err: 39.125 reproj_err: 491.682 
saving the model at the end of epoch 3570, iters 4569600
End of epoch 3570 / 4000 	 Time Taken: 10 sec
learning rate = 0.0001000
End of epoch 3571 / 4000 	 Time Taken: 9 sec
learning rate = 0.0001000
(epoch: 3572, iters: 320, time: 0.002) pos_err: 12.225 ori_err: 39.749 reproj_err: 1596.740 
End of epoch 3572 / 4000 	 Time Taken: 10 sec
learning rate = 0.0001000
(epoch: 3573, iters: 640, time: 0.002) pos_err: 10.934 ori_err: 39.211 reproj_err: 788.934 
End of epoch 3573 / 4000 	 Time Taken: 11 sec
learning rate = 0.0001000
(epoch: 3574, iters: 960, time: 0.002) pos_err: 11.279 ori_err: 41.114 reproj_err: 1767.278 
End of epoch 3574 / 4000 	 Time Taken: 9 sec
learning rate = 0.0001000
(epoch: 3575, iters: 1280, time: 0.001) pos_err: 9.868 ori_err: 30.060 reproj_err: 630.110 
End of epoch 3575 / 4000 	 Time Taken: 9 sec
learning rate = 0.0001000
End of epoch 3576 / 4000 	 Time Taken: 10 sec
learning rate = 0.0001000
(epoch: 3577, iters: 320, time: 0.003) pos_err: 10.709 ori_err: 38.945 reproj_err: 526.449 
End of epoch 3577 / 4000 	 Time Taken: 10 sec
learning rate = 0.0001000
(epoch: 3578, iters: 640, time: 0.001) pos_err: 11.232 ori_err: 41.846 reproj_err: 1825.710 
End of epoch 3578 / 4000 	 Time Taken: 10 sec
learning rate = 0.0001000
(epoch: 3579, iters: 960, time: 0.002) pos_err: 12.541 ori_err: 43.942 reproj_err: 2151.838 
End of epoch 3579 / 4000 	 Time Taken: 10 sec
learning rate = 0.0001000
(epoch: 3580, iters: 1280, time: 0.001) pos_err: 8.140 ori_err: 37.828 reproj_err: 128.396 
saving the model at the end of epoch 3580, iters 4582400
End of epoch 3580 / 4000 	 Time Taken: 10 sec
learning rate = 0.0001000
End of epoch 3581 / 4000 	 Time Taken: 10 sec
learning rate = 0.0001000
(epoch: 3582, iters: 320, time: 0.002) pos_err: 12.074 ori_err: 41.986 reproj_err: 1383.261 
End of epoch 3582 / 4000 	 Time Taken: 10 sec
learning rate = 0.0001000
(epoch: 3583, iters: 640, time: 0.002) pos_err: 12.739 ori_err: 40.240 reproj_err: 2138.771 
End of epoch 3583 / 4000 	 Time Taken: 9 sec
learning rate = 0.0001000
(epoch: 3584, iters: 960, time: 0.002) pos_err: 11.306 ori_err: 41.618 reproj_err: 383.761 
End of epoch 3584 / 4000 	 Time Taken: 10 sec
learning rate = 0.0001000
(epoch: 3585, iters: 1280, time: 0.001) pos_err: 10.178 ori_err: 45.118 reproj_err: 228.534 
End of epoch 3585 / 4000 	 Time Taken: 11 sec
learning rate = 0.0001000
End of epoch 3586 / 4000 	 Time Taken: 10 sec
learning rate = 0.0001000
(epoch: 3587, iters: 320, time: 0.002) pos_err: 12.287 ori_err: 38.062 reproj_err: 2970.263 
End of epoch 3587 / 4000 	 Time Taken: 10 sec
learning rate = 0.0001000
(epoch: 3588, iters: 640, time: 0.002) pos_err: 11.076 ori_err: 38.976 reproj_err: 1016.284 
End of epoch 3588 / 4000 	 Time Taken: 10 sec
learning rate = 0.0001000
(epoch: 3589, iters: 960, time: 0.002) pos_err: 11.526 ori_err: 37.410 reproj_err: 1063.764 
End of epoch 3589 / 4000 	 Time Taken: 10 sec
learning rate = 0.0001000
(epoch: 3590, iters: 1280, time: 0.001) pos_err: 13.838 ori_err: 25.587 reproj_err: 2149.319 
saving the model at the end of epoch 3590, iters 4595200
End of epoch 3590 / 4000 	 Time Taken: 11 sec
learning rate = 0.0001000
End of epoch 3591 / 4000 	 Time Taken: 9 sec
learning rate = 0.0001000
(epoch: 3592, iters: 320, time: 0.002) pos_err: 12.308 ori_err: 40.031 reproj_err: 1950.248 
End of epoch 3592 / 4000 	 Time Taken: 11 sec
learning rate = 0.0001000
(epoch: 3593, iters: 640, time: 0.002) pos_err: 12.078 ori_err: 41.005 reproj_err: 1183.691 
End of epoch 3593 / 4000 	 Time Taken: 10 sec
learning rate = 0.0001000
(epoch: 3594, iters: 960, time: 0.002) pos_err: 11.324 ori_err: 39.047 reproj_err: 671.871 
End of epoch 3594 / 4000 	 Time Taken: 10 sec
learning rate = 0.0001000
(epoch: 3595, iters: 1280, time: 0.001) pos_err: 12.051 ori_err: 25.252 reproj_err: 204.369 
End of epoch 3595 / 4000 	 Time Taken: 10 sec
learning rate = 0.0001000
End of epoch 3596 / 4000 	 Time Taken: 9 sec
learning rate = 0.0001000
(epoch: 3597, iters: 320, time: 0.001) pos_err: 9.241 ori_err: 40.467 reproj_err: 619.183 
End of epoch 3597 / 4000 	 Time Taken: 10 sec
learning rate = 0.0001000
(epoch: 3598, iters: 640, time: 0.002) pos_err: 11.372 ori_err: 39.803 reproj_err: 1435.440 
End of epoch 3598 / 4000 	 Time Taken: 10 sec
learning rate = 0.0001000
(epoch: 3599, iters: 960, time: 0.002) pos_err: 13.296 ori_err: 42.541 reproj_err: 2134.507 
End of epoch 3599 / 4000 	 Time Taken: 10 sec
learning rate = 0.0001000
(epoch: 3600, iters: 1280, time: 0.002) pos_err: 6.784 ori_err: 48.043 reproj_err: 126.864 
saving the model at the end of epoch 3600, iters 4608000
End of epoch 3600 / 4000 	 Time Taken: 11 sec
learning rate = 0.0001000
End of epoch 3601 / 4000 	 Time Taken: 10 sec
learning rate = 0.0001000
(epoch: 3602, iters: 320, time: 0.002) pos_err: 9.960 ori_err: 42.794 reproj_err: 735.454 
End of epoch 3602 / 4000 	 Time Taken: 10 sec
learning rate = 0.0001000
(epoch: 3603, iters: 640, time: 0.002) pos_err: 12.924 ori_err: 41.195 reproj_err: 1431.841 
End of epoch 3603 / 4000 	 Time Taken: 11 sec
learning rate = 0.0001000
(epoch: 3604, iters: 960, time: 0.002) pos_err: 13.039 ori_err: 41.197 reproj_err: 1456.489 
End of epoch 3604 / 4000 	 Time Taken: 10 sec
learning rate = 0.0001000
(epoch: 3605, iters: 1280, time: 0.001) pos_err: 14.306 ori_err: 45.167 reproj_err: 549.415 
End of epoch 3605 / 4000 	 Time Taken: 10 sec
learning rate = 0.0001000
End of epoch 3606 / 4000 	 Time Taken: 10 sec
learning rate = 0.0001000
(epoch: 3607, iters: 320, time: 0.002) pos_err: 11.486 ori_err: 41.155 reproj_err: 1036.956 
End of epoch 3607 / 4000 	 Time Taken: 11 sec
learning rate = 0.0001000
(epoch: 3608, iters: 640, time: 0.002) pos_err: 12.473 ori_err: 43.204 reproj_err: 3113.257 
End of epoch 3608 / 4000 	 Time Taken: 10 sec
learning rate = 0.0001000
(epoch: 3609, iters: 960, time: 0.002) pos_err: 12.412 ori_err: 38.160 reproj_err: 1737.490 
End of epoch 3609 / 4000 	 Time Taken: 10 sec
learning rate = 0.0001000
(epoch: 3610, iters: 1280, time: 0.001) pos_err: 10.808 ori_err: 27.662 reproj_err: 190.697 
saving the model at the end of epoch 3610, iters 4620800
End of epoch 3610 / 4000 	 Time Taken: 10 sec
learning rate = 0.0001000
End of epoch 3611 / 4000 	 Time Taken: 10 sec
learning rate = 0.0001000
(epoch: 3612, iters: 320, time: 0.002) pos_err: 13.286 ori_err: 41.969 reproj_err: 2732.870 
End of epoch 3612 / 4000 	 Time Taken: 9 sec
learning rate = 0.0001000
(epoch: 3613, iters: 640, time: 0.002) pos_err: 11.394 ori_err: 39.494 reproj_err: 1876.291 
End of epoch 3613 / 4000 	 Time Taken: 11 sec
learning rate = 0.0001000
(epoch: 3614, iters: 960, time: 0.002) pos_err: 11.906 ori_err: 39.255 reproj_err: 683.232 
End of epoch 3614 / 4000 	 Time Taken: 10 sec
learning rate = 0.0001000
(epoch: 3615, iters: 1280, time: 0.001) pos_err: 14.205 ori_err: 44.434 reproj_err: 6835.434 
End of epoch 3615 / 4000 	 Time Taken: 10 sec
learning rate = 0.0001000
End of epoch 3616 / 4000 	 Time Taken: 10 sec
learning rate = 0.0001000
(epoch: 3617, iters: 320, time: 0.002) pos_err: 12.301 ori_err: 37.979 reproj_err: 1214.960 
End of epoch 3617 / 4000 	 Time Taken: 10 sec
learning rate = 0.0001000
(epoch: 3618, iters: 640, time: 0.001) pos_err: 11.989 ori_err: 41.483 reproj_err: 975.687 
End of epoch 3618 / 4000 	 Time Taken: 10 sec
learning rate = 0.0001000
(epoch: 3619, iters: 960, time: 0.002) pos_err: 11.689 ori_err: 39.351 reproj_err: 1404.107 
End of epoch 3619 / 4000 	 Time Taken: 10 sec
learning rate = 0.0001000
(epoch: 3620, iters: 1280, time: 0.001) pos_err: 11.429 ori_err: 30.798 reproj_err: 1808.211 
saving the model at the end of epoch 3620, iters 4633600
End of epoch 3620 / 4000 	 Time Taken: 11 sec
learning rate = 0.0001000
End of epoch 3621 / 4000 	 Time Taken: 10 sec
learning rate = 0.0001000
(epoch: 3622, iters: 320, time: 0.002) pos_err: 11.732 ori_err: 40.666 reproj_err: 873.726 
End of epoch 3622 / 4000 	 Time Taken: 10 sec
learning rate = 0.0001000
(epoch: 3623, iters: 640, time: 0.002) pos_err: 12.469 ori_err: 39.395 reproj_err: 1276.062 
End of epoch 3623 / 4000 	 Time Taken: 10 sec
learning rate = 0.0001000
(epoch: 3624, iters: 960, time: 0.002) pos_err: 10.318 ori_err: 38.659 reproj_err: 1124.393 
End of epoch 3624 / 4000 	 Time Taken: 10 sec
learning rate = 0.0001000
(epoch: 3625, iters: 1280, time: 0.001) pos_err: 18.263 ori_err: 37.716 reproj_err: 771.416 
End of epoch 3625 / 4000 	 Time Taken: 11 sec
learning rate = 0.0001000
End of epoch 3626 / 4000 	 Time Taken: 11 sec
learning rate = 0.0001000
(epoch: 3627, iters: 320, time: 0.002) pos_err: 13.706 ori_err: 44.748 reproj_err: 543.264 
End of epoch 3627 / 4000 	 Time Taken: 10 sec
learning rate = 0.0001000
(epoch: 3628, iters: 640, time: 0.002) pos_err: 11.005 ori_err: 40.496 reproj_err: 983.991 
End of epoch 3628 / 4000 	 Time Taken: 11 sec
learning rate = 0.0001000
(epoch: 3629, iters: 960, time: 0.002) pos_err: 11.584 ori_err: 38.818 reproj_err: 1733.958 
End of epoch 3629 / 4000 	 Time Taken: 10 sec
learning rate = 0.0001000
(epoch: 3630, iters: 1280, time: 0.001) pos_err: 11.243 ori_err: 55.961 reproj_err: 227.637 
saving the model at the end of epoch 3630, iters 4646400
End of epoch 3630 / 4000 	 Time Taken: 11 sec
learning rate = 0.0001000
End of epoch 3631 / 4000 	 Time Taken: 10 sec
learning rate = 0.0001000
(epoch: 3632, iters: 320, time: 0.003) pos_err: 10.531 ori_err: 41.204 reproj_err: 972.059 
End of epoch 3632 / 4000 	 Time Taken: 10 sec
learning rate = 0.0001000
(epoch: 3633, iters: 640, time: 0.001) pos_err: 11.963 ori_err: 39.727 reproj_err: 1222.889 
End of epoch 3633 / 4000 	 Time Taken: 9 sec
learning rate = 0.0001000
(epoch: 3634, iters: 960, time: 0.002) pos_err: 12.450 ori_err: 43.254 reproj_err: 865.545 
End of epoch 3634 / 4000 	 Time Taken: 11 sec
learning rate = 0.0001000
(epoch: 3635, iters: 1280, time: 0.001) pos_err: 12.583 ori_err: 29.574 reproj_err: 4445.247 
End of epoch 3635 / 4000 	 Time Taken: 10 sec
learning rate = 0.0001000
End of epoch 3636 / 4000 	 Time Taken: 11 sec
learning rate = 0.0001000
(epoch: 3637, iters: 320, time: 0.002) pos_err: 12.170 ori_err: 40.343 reproj_err: 888.187 
End of epoch 3637 / 4000 	 Time Taken: 10 sec
learning rate = 0.0001000
(epoch: 3638, iters: 640, time: 0.001) pos_err: 12.337 ori_err: 38.284 reproj_err: 1460.448 
End of epoch 3638 / 4000 	 Time Taken: 11 sec
learning rate = 0.0001000
(epoch: 3639, iters: 960, time: 0.002) pos_err: 13.014 ori_err: 39.713 reproj_err: 1012.317 
End of epoch 3639 / 4000 	 Time Taken: 10 sec
learning rate = 0.0001000
(epoch: 3640, iters: 1280, time: 0.001) pos_err: 12.632 ori_err: 50.931 reproj_err: 3848.415 
saving the model at the end of epoch 3640, iters 4659200
End of epoch 3640 / 4000 	 Time Taken: 10 sec
learning rate = 0.0001000
End of epoch 3641 / 4000 	 Time Taken: 10 sec
learning rate = 0.0001000
(epoch: 3642, iters: 320, time: 0.002) pos_err: 10.584 ori_err: 40.096 reproj_err: 620.936 
End of epoch 3642 / 4000 	 Time Taken: 10 sec
learning rate = 0.0001000
(epoch: 3643, iters: 640, time: 0.001) pos_err: 12.192 ori_err: 37.973 reproj_err: 1334.888 
End of epoch 3643 / 4000 	 Time Taken: 10 sec
learning rate = 0.0001000
(epoch: 3644, iters: 960, time: 0.002) pos_err: 11.836 ori_err: 38.216 reproj_err: 2166.988 
End of epoch 3644 / 4000 	 Time Taken: 11 sec
learning rate = 0.0001000
(epoch: 3645, iters: 1280, time: 0.001) pos_err: 6.915 ori_err: 50.300 reproj_err: 180.951 
End of epoch 3645 / 4000 	 Time Taken: 11 sec
learning rate = 0.0001000
End of epoch 3646 / 4000 	 Time Taken: 10 sec
learning rate = 0.0001000
(epoch: 3647, iters: 320, time: 0.003) pos_err: 10.670 ori_err: 45.905 reproj_err: 1372.285 
End of epoch 3647 / 4000 	 Time Taken: 10 sec
learning rate = 0.0001000
(epoch: 3648, iters: 640, time: 0.001) pos_err: 12.090 ori_err: 35.504 reproj_err: 1280.687 
End of epoch 3648 / 4000 	 Time Taken: 10 sec
learning rate = 0.0001000
(epoch: 3649, iters: 960, time: 0.002) pos_err: 10.911 ori_err: 40.867 reproj_err: 1520.198 
End of epoch 3649 / 4000 	 Time Taken: 10 sec
learning rate = 0.0001000
(epoch: 3650, iters: 1280, time: 0.001) pos_err: 6.308 ori_err: 40.895 reproj_err: 121.088 
saving the model at the end of epoch 3650, iters 4672000
End of epoch 3650 / 4000 	 Time Taken: 11 sec
learning rate = 0.0001000
End of epoch 3651 / 4000 	 Time Taken: 10 sec
learning rate = 0.0001000
(epoch: 3652, iters: 320, time: 0.002) pos_err: 11.075 ori_err: 39.033 reproj_err: 2047.633 
End of epoch 3652 / 4000 	 Time Taken: 10 sec
learning rate = 0.0001000
(epoch: 3653, iters: 640, time: 0.002) pos_err: 12.541 ori_err: 42.454 reproj_err: 2744.422 
End of epoch 3653 / 4000 	 Time Taken: 10 sec
learning rate = 0.0001000
(epoch: 3654, iters: 960, time: 0.002) pos_err: 10.960 ori_err: 42.294 reproj_err: 549.511 
End of epoch 3654 / 4000 	 Time Taken: 10 sec
learning rate = 0.0001000
(epoch: 3655, iters: 1280, time: 0.001) pos_err: 8.916 ori_err: 44.844 reproj_err: 2253.332 
End of epoch 3655 / 4000 	 Time Taken: 11 sec
learning rate = 0.0001000
End of epoch 3656 / 4000 	 Time Taken: 11 sec
learning rate = 0.0001000
(epoch: 3657, iters: 320, time: 0.003) pos_err: 11.808 ori_err: 40.478 reproj_err: 398.330 
End of epoch 3657 / 4000 	 Time Taken: 10 sec
learning rate = 0.0001000
(epoch: 3658, iters: 640, time: 0.002) pos_err: 12.006 ori_err: 38.783 reproj_err: 1523.311 
End of epoch 3658 / 4000 	 Time Taken: 9 sec
learning rate = 0.0001000
(epoch: 3659, iters: 960, time: 0.002) pos_err: 11.343 ori_err: 40.850 reproj_err: 447.424 
End of epoch 3659 / 4000 	 Time Taken: 9 sec
learning rate = 0.0001000
(epoch: 3660, iters: 1280, time: 0.001) pos_err: 9.774 ori_err: 63.509 reproj_err: 1614.786 
saving the model at the end of epoch 3660, iters 4684800
End of epoch 3660 / 4000 	 Time Taken: 11 sec
learning rate = 0.0001000
End of epoch 3661 / 4000 	 Time Taken: 10 sec
learning rate = 0.0001000
(epoch: 3662, iters: 320, time: 0.002) pos_err: 11.590 ori_err: 41.994 reproj_err: 1012.294 
End of epoch 3662 / 4000 	 Time Taken: 10 sec
learning rate = 0.0001000
(epoch: 3663, iters: 640, time: 0.001) pos_err: 11.676 ori_err: 39.593 reproj_err: 1336.874 
End of epoch 3663 / 4000 	 Time Taken: 9 sec
learning rate = 0.0001000
(epoch: 3664, iters: 960, time: 0.002) pos_err: 12.670 ori_err: 41.750 reproj_err: 1026.865 
End of epoch 3664 / 4000 	 Time Taken: 11 sec
learning rate = 0.0001000
(epoch: 3665, iters: 1280, time: 0.001) pos_err: 6.476 ori_err: 35.508 reproj_err: 584.137 
End of epoch 3665 / 4000 	 Time Taken: 10 sec
learning rate = 0.0001000
End of epoch 3666 / 4000 	 Time Taken: 10 sec
learning rate = 0.0001000
(epoch: 3667, iters: 320, time: 0.003) pos_err: 12.323 ori_err: 41.213 reproj_err: 2313.532 
End of epoch 3667 / 4000 	 Time Taken: 10 sec
learning rate = 0.0001000
(epoch: 3668, iters: 640, time: 0.002) pos_err: 11.012 ori_err: 41.573 reproj_err: 1061.482 
End of epoch 3668 / 4000 	 Time Taken: 10 sec
learning rate = 0.0001000
(epoch: 3669, iters: 960, time: 0.002) pos_err: 11.999 ori_err: 38.734 reproj_err: 2549.726 
End of epoch 3669 / 4000 	 Time Taken: 10 sec
learning rate = 0.0001000
(epoch: 3670, iters: 1280, time: 0.001) pos_err: 19.817 ori_err: 27.604 reproj_err: 1596.697 
saving the model at the end of epoch 3670, iters 4697600
End of epoch 3670 / 4000 	 Time Taken: 10 sec
learning rate = 0.0001000
End of epoch 3671 / 4000 	 Time Taken: 10 sec
learning rate = 0.0001000
(epoch: 3672, iters: 320, time: 0.002) pos_err: 11.700 ori_err: 42.917 reproj_err: 1048.238 
End of epoch 3672 / 4000 	 Time Taken: 11 sec
learning rate = 0.0001000
(epoch: 3673, iters: 640, time: 0.002) pos_err: 12.095 ori_err: 39.734 reproj_err: 1326.108 
End of epoch 3673 / 4000 	 Time Taken: 9 sec
learning rate = 0.0001000
(epoch: 3674, iters: 960, time: 0.002) pos_err: 12.310 ori_err: 40.200 reproj_err: 1326.941 
End of epoch 3674 / 4000 	 Time Taken: 9 sec
learning rate = 0.0001000
(epoch: 3675, iters: 1280, time: 0.002) pos_err: 11.283 ori_err: 37.063 reproj_err: 274.037 
End of epoch 3675 / 4000 	 Time Taken: 10 sec
learning rate = 0.0001000
End of epoch 3676 / 4000 	 Time Taken: 11 sec
learning rate = 0.0001000
(epoch: 3677, iters: 320, time: 0.002) pos_err: 12.262 ori_err: 39.579 reproj_err: 1398.848 
End of epoch 3677 / 4000 	 Time Taken: 10 sec
learning rate = 0.0001000
(epoch: 3678, iters: 640, time: 0.001) pos_err: 11.627 ori_err: 41.219 reproj_err: 868.921 
End of epoch 3678 / 4000 	 Time Taken: 10 sec
learning rate = 0.0001000
(epoch: 3679, iters: 960, time: 0.002) pos_err: 11.633 ori_err: 42.207 reproj_err: 1759.013 
End of epoch 3679 / 4000 	 Time Taken: 11 sec
learning rate = 0.0001000
(epoch: 3680, iters: 1280, time: 0.001) pos_err: 11.301 ori_err: 38.601 reproj_err: 488.229 
saving the model at the end of epoch 3680, iters 4710400
End of epoch 3680 / 4000 	 Time Taken: 10 sec
learning rate = 0.0001000
End of epoch 3681 / 4000 	 Time Taken: 10 sec
learning rate = 0.0001000
(epoch: 3682, iters: 320, time: 0.002) pos_err: 13.457 ori_err: 43.339 reproj_err: 1067.878 
End of epoch 3682 / 4000 	 Time Taken: 11 sec
learning rate = 0.0001000
(epoch: 3683, iters: 640, time: 0.002) pos_err: 12.061 ori_err: 40.802 reproj_err: 1268.124 
End of epoch 3683 / 4000 	 Time Taken: 9 sec
learning rate = 0.0001000
(epoch: 3684, iters: 960, time: 0.002) pos_err: 12.268 ori_err: 45.005 reproj_err: 2008.272 
End of epoch 3684 / 4000 	 Time Taken: 11 sec
learning rate = 0.0001000
(epoch: 3685, iters: 1280, time: 0.001) pos_err: 12.584 ori_err: 44.092 reproj_err: 1096.099 
End of epoch 3685 / 4000 	 Time Taken: 9 sec
learning rate = 0.0001000
End of epoch 3686 / 4000 	 Time Taken: 9 sec
learning rate = 0.0001000
(epoch: 3687, iters: 320, time: 0.002) pos_err: 13.123 ori_err: 37.993 reproj_err: 1456.500 
End of epoch 3687 / 4000 	 Time Taken: 10 sec
learning rate = 0.0001000
(epoch: 3688, iters: 640, time: 0.001) pos_err: 11.708 ori_err: 41.870 reproj_err: 872.511 
End of epoch 3688 / 4000 	 Time Taken: 10 sec
learning rate = 0.0001000
(epoch: 3689, iters: 960, time: 0.002) pos_err: 11.821 ori_err: 38.008 reproj_err: 1010.797 
End of epoch 3689 / 4000 	 Time Taken: 10 sec
learning rate = 0.0001000
(epoch: 3690, iters: 1280, time: 0.001) pos_err: 9.423 ori_err: 47.237 reproj_err: 177.205 
saving the model at the end of epoch 3690, iters 4723200
End of epoch 3690 / 4000 	 Time Taken: 10 sec
learning rate = 0.0001000
End of epoch 3691 / 4000 	 Time Taken: 10 sec
learning rate = 0.0001000
(epoch: 3692, iters: 320, time: 0.002) pos_err: 12.534 ori_err: 37.488 reproj_err: 1681.990 
End of epoch 3692 / 4000 	 Time Taken: 10 sec
learning rate = 0.0001000
(epoch: 3693, iters: 640, time: 0.002) pos_err: 11.169 ori_err: 38.976 reproj_err: 436.111 
End of epoch 3693 / 4000 	 Time Taken: 9 sec
learning rate = 0.0001000
(epoch: 3694, iters: 960, time: 0.002) pos_err: 11.145 ori_err: 41.479 reproj_err: 1348.607 
End of epoch 3694 / 4000 	 Time Taken: 10 sec
learning rate = 0.0001000
(epoch: 3695, iters: 1280, time: 0.001) pos_err: 10.174 ori_err: 39.860 reproj_err: 337.451 
End of epoch 3695 / 4000 	 Time Taken: 10 sec
learning rate = 0.0001000
End of epoch 3696 / 4000 	 Time Taken: 10 sec
learning rate = 0.0001000
(epoch: 3697, iters: 320, time: 0.002) pos_err: 11.817 ori_err: 39.597 reproj_err: 1500.395 
End of epoch 3697 / 4000 	 Time Taken: 10 sec
learning rate = 0.0001000
(epoch: 3698, iters: 640, time: 0.001) pos_err: 11.712 ori_err: 40.101 reproj_err: 921.107 
End of epoch 3698 / 4000 	 Time Taken: 11 sec
learning rate = 0.0001000
(epoch: 3699, iters: 960, time: 0.002) pos_err: 11.058 ori_err: 39.253 reproj_err: 417.040 
End of epoch 3699 / 4000 	 Time Taken: 11 sec
learning rate = 0.0001000
(epoch: 3700, iters: 1280, time: 0.001) pos_err: 6.802 ori_err: 36.418 reproj_err: 157.010 
saving the model at the end of epoch 3700, iters 4736000
End of epoch 3700 / 4000 	 Time Taken: 10 sec
learning rate = 0.0001000
End of epoch 3701 / 4000 	 Time Taken: 10 sec
learning rate = 0.0001000
(epoch: 3702, iters: 320, time: 0.003) pos_err: 11.944 ori_err: 39.613 reproj_err: 877.739 
End of epoch 3702 / 4000 	 Time Taken: 10 sec
learning rate = 0.0001000
(epoch: 3703, iters: 640, time: 0.002) pos_err: 12.087 ori_err: 42.363 reproj_err: 1755.137 
End of epoch 3703 / 4000 	 Time Taken: 9 sec
learning rate = 0.0001000
(epoch: 3704, iters: 960, time: 0.002) pos_err: 10.949 ori_err: 42.654 reproj_err: 614.303 
End of epoch 3704 / 4000 	 Time Taken: 11 sec
learning rate = 0.0001000
(epoch: 3705, iters: 1280, time: 0.001) pos_err: 10.275 ori_err: 38.584 reproj_err: 1419.098 
End of epoch 3705 / 4000 	 Time Taken: 10 sec
learning rate = 0.0001000
End of epoch 3706 / 4000 	 Time Taken: 11 sec
learning rate = 0.0001000
(epoch: 3707, iters: 320, time: 0.003) pos_err: 15.002 ori_err: 40.348 reproj_err: 2738.641 
End of epoch 3707 / 4000 	 Time Taken: 11 sec
learning rate = 0.0001000
(epoch: 3708, iters: 640, time: 0.002) pos_err: 10.995 ori_err: 40.856 reproj_err: 929.687 
End of epoch 3708 / 4000 	 Time Taken: 10 sec
learning rate = 0.0001000
(epoch: 3709, iters: 960, time: 0.002) pos_err: 11.382 ori_err: 41.661 reproj_err: 962.153 
End of epoch 3709 / 4000 	 Time Taken: 10 sec
learning rate = 0.0001000
(epoch: 3710, iters: 1280, time: 0.001) pos_err: 15.521 ori_err: 35.403 reproj_err: 2768.815 
saving the model at the end of epoch 3710, iters 4748800
End of epoch 3710 / 4000 	 Time Taken: 11 sec
learning rate = 0.0001000
End of epoch 3711 / 4000 	 Time Taken: 9 sec
learning rate = 0.0001000
(epoch: 3712, iters: 320, time: 0.002) pos_err: 11.027 ori_err: 43.914 reproj_err: 682.712 
End of epoch 3712 / 4000 	 Time Taken: 10 sec
learning rate = 0.0001000
(epoch: 3713, iters: 640, time: 0.002) pos_err: 10.229 ori_err: 41.849 reproj_err: 278.045 
End of epoch 3713 / 4000 	 Time Taken: 10 sec
learning rate = 0.0001000
(epoch: 3714, iters: 960, time: 0.002) pos_err: 12.819 ori_err: 38.605 reproj_err: 1967.309 
End of epoch 3714 / 4000 	 Time Taken: 11 sec
learning rate = 0.0001000
(epoch: 3715, iters: 1280, time: 0.001) pos_err: 13.754 ori_err: 48.612 reproj_err: 589.946 
End of epoch 3715 / 4000 	 Time Taken: 10 sec
learning rate = 0.0001000
End of epoch 3716 / 4000 	 Time Taken: 10 sec
learning rate = 0.0001000
(epoch: 3717, iters: 320, time: 0.002) pos_err: 12.146 ori_err: 43.173 reproj_err: 925.578 
End of epoch 3717 / 4000 	 Time Taken: 9 sec
learning rate = 0.0001000
(epoch: 3718, iters: 640, time: 0.002) pos_err: 11.512 ori_err: 41.851 reproj_err: 1979.120 
End of epoch 3718 / 4000 	 Time Taken: 10 sec
learning rate = 0.0001000
(epoch: 3719, iters: 960, time: 0.001) pos_err: 12.237 ori_err: 41.162 reproj_err: 1853.685 
End of epoch 3719 / 4000 	 Time Taken: 10 sec
learning rate = 0.0001000
(epoch: 3720, iters: 1280, time: 0.001) pos_err: 17.274 ori_err: 40.257 reproj_err: 2523.377 
saving the model at the end of epoch 3720, iters 4761600
End of epoch 3720 / 4000 	 Time Taken: 11 sec
learning rate = 0.0001000
End of epoch 3721 / 4000 	 Time Taken: 10 sec
learning rate = 0.0001000
(epoch: 3722, iters: 320, time: 0.003) pos_err: 13.908 ori_err: 39.704 reproj_err: 1325.841 
End of epoch 3722 / 4000 	 Time Taken: 10 sec
learning rate = 0.0001000
(epoch: 3723, iters: 640, time: 0.002) pos_err: 11.883 ori_err: 41.493 reproj_err: 1418.932 
End of epoch 3723 / 4000 	 Time Taken: 10 sec
learning rate = 0.0001000
(epoch: 3724, iters: 960, time: 0.002) pos_err: 11.849 ori_err: 43.427 reproj_err: 1711.289 
End of epoch 3724 / 4000 	 Time Taken: 10 sec
learning rate = 0.0001000
(epoch: 3725, iters: 1280, time: 0.001) pos_err: 11.542 ori_err: 40.311 reproj_err: 274.294 
End of epoch 3725 / 4000 	 Time Taken: 10 sec
learning rate = 0.0001000
End of epoch 3726 / 4000 	 Time Taken: 10 sec
learning rate = 0.0001000
(epoch: 3727, iters: 320, time: 0.002) pos_err: 10.823 ori_err: 40.650 reproj_err: 312.193 
End of epoch 3727 / 4000 	 Time Taken: 10 sec
learning rate = 0.0001000
(epoch: 3728, iters: 640, time: 0.002) pos_err: 11.750 ori_err: 37.463 reproj_err: 1779.347 
End of epoch 3728 / 4000 	 Time Taken: 10 sec
learning rate = 0.0001000
(epoch: 3729, iters: 960, time: 0.002) pos_err: 12.528 ori_err: 41.125 reproj_err: 1914.477 
End of epoch 3729 / 4000 	 Time Taken: 11 sec
learning rate = 0.0001000
(epoch: 3730, iters: 1280, time: 0.001) pos_err: 17.512 ori_err: 40.399 reproj_err: 555.597 
saving the model at the end of epoch 3730, iters 4774400
End of epoch 3730 / 4000 	 Time Taken: 11 sec
learning rate = 0.0001000
End of epoch 3731 / 4000 	 Time Taken: 10 sec
learning rate = 0.0001000
(epoch: 3732, iters: 320, time: 0.002) pos_err: 12.006 ori_err: 41.888 reproj_err: 1550.479 
End of epoch 3732 / 4000 	 Time Taken: 10 sec
learning rate = 0.0001000
(epoch: 3733, iters: 640, time: 0.002) pos_err: 12.802 ori_err: 42.626 reproj_err: 853.655 
End of epoch 3733 / 4000 	 Time Taken: 10 sec
learning rate = 0.0001000
(epoch: 3734, iters: 960, time: 0.002) pos_err: 12.723 ori_err: 40.163 reproj_err: 858.597 
End of epoch 3734 / 4000 	 Time Taken: 10 sec
learning rate = 0.0001000
(epoch: 3735, iters: 1280, time: 0.001) pos_err: 16.537 ori_err: 34.461 reproj_err: 264.364 
End of epoch 3735 / 4000 	 Time Taken: 10 sec
learning rate = 0.0001000
End of epoch 3736 / 4000 	 Time Taken: 10 sec
learning rate = 0.0001000
(epoch: 3737, iters: 320, time: 0.002) pos_err: 11.853 ori_err: 43.308 reproj_err: 1263.734 
End of epoch 3737 / 4000 	 Time Taken: 10 sec
learning rate = 0.0001000
(epoch: 3738, iters: 640, time: 0.002) pos_err: 11.240 ori_err: 39.931 reproj_err: 1188.058 
End of epoch 3738 / 4000 	 Time Taken: 10 sec
learning rate = 0.0001000
(epoch: 3739, iters: 960, time: 0.002) pos_err: 12.112 ori_err: 39.970 reproj_err: 1243.656 
End of epoch 3739 / 4000 	 Time Taken: 10 sec
learning rate = 0.0001000
(epoch: 3740, iters: 1280, time: 0.002) pos_err: 15.139 ori_err: 28.712 reproj_err: 7423.905 
saving the model at the end of epoch 3740, iters 4787200
End of epoch 3740 / 4000 	 Time Taken: 11 sec
learning rate = 0.0001000
End of epoch 3741 / 4000 	 Time Taken: 10 sec
learning rate = 0.0001000
(epoch: 3742, iters: 320, time: 0.002) pos_err: 11.571 ori_err: 40.034 reproj_err: 2393.142 
End of epoch 3742 / 4000 	 Time Taken: 9 sec
learning rate = 0.0001000
(epoch: 3743, iters: 640, time: 0.001) pos_err: 10.349 ori_err: 39.066 reproj_err: 1608.823 
End of epoch 3743 / 4000 	 Time Taken: 10 sec
learning rate = 0.0001000
(epoch: 3744, iters: 960, time: 0.002) pos_err: 12.839 ori_err: 38.866 reproj_err: 936.397 
End of epoch 3744 / 4000 	 Time Taken: 10 sec
learning rate = 0.0001000
(epoch: 3745, iters: 1280, time: 0.001) pos_err: 6.207 ori_err: 36.530 reproj_err: 109.826 
End of epoch 3745 / 4000 	 Time Taken: 10 sec
learning rate = 0.0001000
End of epoch 3746 / 4000 	 Time Taken: 10 sec
learning rate = 0.0001000
(epoch: 3747, iters: 320, time: 0.002) pos_err: 12.367 ori_err: 39.601 reproj_err: 1700.211 
End of epoch 3747 / 4000 	 Time Taken: 10 sec
learning rate = 0.0001000
(epoch: 3748, iters: 640, time: 0.001) pos_err: 10.705 ori_err: 41.592 reproj_err: 1336.125 
End of epoch 3748 / 4000 	 Time Taken: 9 sec
learning rate = 0.0001000
(epoch: 3749, iters: 960, time: 0.002) pos_err: 12.130 ori_err: 40.395 reproj_err: 623.683 
End of epoch 3749 / 4000 	 Time Taken: 10 sec
learning rate = 0.0001000
(epoch: 3750, iters: 1280, time: 0.002) pos_err: 7.174 ori_err: 48.909 reproj_err: 396.100 
saving the model at the end of epoch 3750, iters 4800000
End of epoch 3750 / 4000 	 Time Taken: 10 sec
learning rate = 0.0001000
End of epoch 3751 / 4000 	 Time Taken: 10 sec
learning rate = 0.0001000
(epoch: 3752, iters: 320, time: 0.002) pos_err: 11.530 ori_err: 39.866 reproj_err: 638.841 
End of epoch 3752 / 4000 	 Time Taken: 11 sec
learning rate = 0.0001000
(epoch: 3753, iters: 640, time: 0.001) pos_err: 13.050 ori_err: 44.234 reproj_err: 1113.865 
End of epoch 3753 / 4000 	 Time Taken: 10 sec
learning rate = 0.0001000
(epoch: 3754, iters: 960, time: 0.002) pos_err: 10.727 ori_err: 38.746 reproj_err: 844.643 
End of epoch 3754 / 4000 	 Time Taken: 11 sec
learning rate = 0.0001000
(epoch: 3755, iters: 1280, time: 0.001) pos_err: 11.252 ori_err: 37.012 reproj_err: 186.144 
End of epoch 3755 / 4000 	 Time Taken: 10 sec
learning rate = 0.0001000
End of epoch 3756 / 4000 	 Time Taken: 10 sec
learning rate = 0.0001000
(epoch: 3757, iters: 320, time: 0.002) pos_err: 12.109 ori_err: 37.630 reproj_err: 1611.328 
End of epoch 3757 / 4000 	 Time Taken: 9 sec
learning rate = 0.0001000
(epoch: 3758, iters: 640, time: 0.002) pos_err: 10.397 ori_err: 40.941 reproj_err: 1384.224 
End of epoch 3758 / 4000 	 Time Taken: 10 sec
learning rate = 0.0001000
(epoch: 3759, iters: 960, time: 0.002) pos_err: 11.851 ori_err: 43.367 reproj_err: 1223.814 
End of epoch 3759 / 4000 	 Time Taken: 10 sec
learning rate = 0.0001000
(epoch: 3760, iters: 1280, time: 0.001) pos_err: 11.846 ori_err: 38.649 reproj_err: 576.984 
saving the model at the end of epoch 3760, iters 4812800
End of epoch 3760 / 4000 	 Time Taken: 12 sec
learning rate = 0.0001000
End of epoch 3761 / 4000 	 Time Taken: 10 sec
learning rate = 0.0001000
(epoch: 3762, iters: 320, time: 0.002) pos_err: 11.718 ori_err: 37.172 reproj_err: 521.339 
End of epoch 3762 / 4000 	 Time Taken: 11 sec
learning rate = 0.0001000
(epoch: 3763, iters: 640, time: 0.001) pos_err: 12.391 ori_err: 36.566 reproj_err: 1222.495 
End of epoch 3763 / 4000 	 Time Taken: 11 sec
learning rate = 0.0001000
(epoch: 3764, iters: 960, time: 0.002) pos_err: 11.714 ori_err: 38.893 reproj_err: 720.289 
End of epoch 3764 / 4000 	 Time Taken: 10 sec
learning rate = 0.0001000
(epoch: 3765, iters: 1280, time: 0.001) pos_err: 11.334 ori_err: 43.498 reproj_err: 336.700 
End of epoch 3765 / 4000 	 Time Taken: 10 sec
learning rate = 0.0001000
End of epoch 3766 / 4000 	 Time Taken: 10 sec
learning rate = 0.0001000
(epoch: 3767, iters: 320, time: 0.002) pos_err: 13.190 ori_err: 38.867 reproj_err: 1799.721 
End of epoch 3767 / 4000 	 Time Taken: 10 sec
learning rate = 0.0001000
(epoch: 3768, iters: 640, time: 0.002) pos_err: 11.758 ori_err: 41.292 reproj_err: 722.789 
End of epoch 3768 / 4000 	 Time Taken: 10 sec
learning rate = 0.0001000
(epoch: 3769, iters: 960, time: 0.002) pos_err: 11.111 ori_err: 38.111 reproj_err: 1316.531 
End of epoch 3769 / 4000 	 Time Taken: 10 sec
learning rate = 0.0001000
(epoch: 3770, iters: 1280, time: 0.001) pos_err: 9.917 ori_err: 44.025 reproj_err: 184.442 
saving the model at the end of epoch 3770, iters 4825600
End of epoch 3770 / 4000 	 Time Taken: 10 sec
learning rate = 0.0001000
End of epoch 3771 / 4000 	 Time Taken: 11 sec
learning rate = 0.0001000
(epoch: 3772, iters: 320, time: 0.001) pos_err: 10.436 ori_err: 41.118 reproj_err: 1293.411 
End of epoch 3772 / 4000 	 Time Taken: 10 sec
learning rate = 0.0001000
(epoch: 3773, iters: 640, time: 0.002) pos_err: 11.499 ori_err: 39.553 reproj_err: 1719.959 
End of epoch 3773 / 4000 	 Time Taken: 11 sec
learning rate = 0.0001000
(epoch: 3774, iters: 960, time: 0.002) pos_err: 12.143 ori_err: 43.547 reproj_err: 1161.080 
End of epoch 3774 / 4000 	 Time Taken: 9 sec
learning rate = 0.0001000
(epoch: 3775, iters: 1280, time: 0.001) pos_err: 8.880 ori_err: 54.538 reproj_err: 907.509 
End of epoch 3775 / 4000 	 Time Taken: 10 sec
learning rate = 0.0001000
End of epoch 3776 / 4000 	 Time Taken: 10 sec
learning rate = 0.0001000
(epoch: 3777, iters: 320, time: 0.002) pos_err: 10.886 ori_err: 37.949 reproj_err: 749.187 
End of epoch 3777 / 4000 	 Time Taken: 11 sec
learning rate = 0.0001000
(epoch: 3778, iters: 640, time: 0.002) pos_err: 11.471 ori_err: 39.637 reproj_err: 921.293 
End of epoch 3778 / 4000 	 Time Taken: 10 sec
learning rate = 0.0001000
(epoch: 3779, iters: 960, time: 0.002) pos_err: 11.492 ori_err: 40.233 reproj_err: 521.421 
End of epoch 3779 / 4000 	 Time Taken: 10 sec
learning rate = 0.0001000
(epoch: 3780, iters: 1280, time: 0.001) pos_err: 9.281 ori_err: 47.066 reproj_err: 561.200 
saving the model at the end of epoch 3780, iters 4838400
End of epoch 3780 / 4000 	 Time Taken: 10 sec
learning rate = 0.0001000
End of epoch 3781 / 4000 	 Time Taken: 10 sec
learning rate = 0.0001000
(epoch: 3782, iters: 320, time: 0.002) pos_err: 12.539 ori_err: 40.273 reproj_err: 1599.527 
End of epoch 3782 / 4000 	 Time Taken: 10 sec
learning rate = 0.0001000
(epoch: 3783, iters: 640, time: 0.002) pos_err: 12.761 ori_err: 37.194 reproj_err: 1624.262 
End of epoch 3783 / 4000 	 Time Taken: 10 sec
learning rate = 0.0001000
(epoch: 3784, iters: 960, time: 0.002) pos_err: 12.209 ori_err: 39.549 reproj_err: 1596.163 
End of epoch 3784 / 4000 	 Time Taken: 10 sec
learning rate = 0.0001000
(epoch: 3785, iters: 1280, time: 0.001) pos_err: 8.299 ori_err: 40.632 reproj_err: 279.039 
End of epoch 3785 / 4000 	 Time Taken: 11 sec
learning rate = 0.0001000
End of epoch 3786 / 4000 	 Time Taken: 10 sec
learning rate = 0.0001000
(epoch: 3787, iters: 320, time: 0.002) pos_err: 11.981 ori_err: 40.132 reproj_err: 1420.171 
End of epoch 3787 / 4000 	 Time Taken: 10 sec
learning rate = 0.0001000
(epoch: 3788, iters: 640, time: 0.002) pos_err: 10.667 ori_err: 38.768 reproj_err: 1498.441 
End of epoch 3788 / 4000 	 Time Taken: 10 sec
learning rate = 0.0001000
(epoch: 3789, iters: 960, time: 0.002) pos_err: 12.232 ori_err: 41.489 reproj_err: 1132.922 
End of epoch 3789 / 4000 	 Time Taken: 11 sec
learning rate = 0.0001000
(epoch: 3790, iters: 1280, time: 0.001) pos_err: 15.524 ori_err: 38.077 reproj_err: 404.365 
saving the model at the end of epoch 3790, iters 4851200
End of epoch 3790 / 4000 	 Time Taken: 11 sec
learning rate = 0.0001000
End of epoch 3791 / 4000 	 Time Taken: 9 sec
learning rate = 0.0001000
(epoch: 3792, iters: 320, time: 0.002) pos_err: 12.821 ori_err: 40.824 reproj_err: 1596.419 
End of epoch 3792 / 4000 	 Time Taken: 11 sec
learning rate = 0.0001000
(epoch: 3793, iters: 640, time: 0.002) pos_err: 11.559 ori_err: 44.801 reproj_err: 1371.038 
End of epoch 3793 / 4000 	 Time Taken: 10 sec
learning rate = 0.0001000
(epoch: 3794, iters: 960, time: 0.002) pos_err: 12.205 ori_err: 43.523 reproj_err: 1441.525 
End of epoch 3794 / 4000 	 Time Taken: 10 sec
learning rate = 0.0001000
(epoch: 3795, iters: 1280, time: 0.002) pos_err: 11.986 ori_err: 43.087 reproj_err: 2459.755 
End of epoch 3795 / 4000 	 Time Taken: 10 sec
learning rate = 0.0001000
End of epoch 3796 / 4000 	 Time Taken: 10 sec
learning rate = 0.0001000
(epoch: 3797, iters: 320, time: 0.002) pos_err: 11.696 ori_err: 40.554 reproj_err: 752.243 
End of epoch 3797 / 4000 	 Time Taken: 10 sec
learning rate = 0.0001000
(epoch: 3798, iters: 640, time: 0.002) pos_err: 10.751 ori_err: 41.932 reproj_err: 550.313 
End of epoch 3798 / 4000 	 Time Taken: 10 sec
learning rate = 0.0001000
(epoch: 3799, iters: 960, time: 0.002) pos_err: 13.831 ori_err: 39.662 reproj_err: 2063.473 
End of epoch 3799 / 4000 	 Time Taken: 10 sec
learning rate = 0.0001000
(epoch: 3800, iters: 1280, time: 0.001) pos_err: 9.675 ori_err: 39.024 reproj_err: 184.653 
saving the model at the end of epoch 3800, iters 4864000
End of epoch 3800 / 4000 	 Time Taken: 11 sec
learning rate = 0.0001000
End of epoch 3801 / 4000 	 Time Taken: 10 sec
learning rate = 0.0001000
(epoch: 3802, iters: 320, time: 0.002) pos_err: 11.590 ori_err: 36.520 reproj_err: 1213.478 
End of epoch 3802 / 4000 	 Time Taken: 10 sec
learning rate = 0.0001000
(epoch: 3803, iters: 640, time: 0.002) pos_err: 11.871 ori_err: 42.202 reproj_err: 1778.860 
End of epoch 3803 / 4000 	 Time Taken: 10 sec
learning rate = 0.0001000
(epoch: 3804, iters: 960, time: 0.001) pos_err: 12.676 ori_err: 37.945 reproj_err: 1237.462 
End of epoch 3804 / 4000 	 Time Taken: 9 sec
learning rate = 0.0001000
(epoch: 3805, iters: 1280, time: 0.001) pos_err: 9.587 ori_err: 54.491 reproj_err: 225.512 
End of epoch 3805 / 4000 	 Time Taken: 10 sec
learning rate = 0.0001000
End of epoch 3806 / 4000 	 Time Taken: 11 sec
learning rate = 0.0001000
(epoch: 3807, iters: 320, time: 0.002) pos_err: 11.180 ori_err: 39.637 reproj_err: 675.188 
End of epoch 3807 / 4000 	 Time Taken: 9 sec
learning rate = 0.0001000
(epoch: 3808, iters: 640, time: 0.001) pos_err: 10.655 ori_err: 41.031 reproj_err: 468.836 
End of epoch 3808 / 4000 	 Time Taken: 9 sec
learning rate = 0.0001000
(epoch: 3809, iters: 960, time: 0.002) pos_err: 11.300 ori_err: 37.215 reproj_err: 432.156 
End of epoch 3809 / 4000 	 Time Taken: 9 sec
learning rate = 0.0001000
(epoch: 3810, iters: 1280, time: 0.001) pos_err: 8.680 ori_err: 43.152 reproj_err: 183.808 
saving the model at the end of epoch 3810, iters 4876800
End of epoch 3810 / 4000 	 Time Taken: 11 sec
learning rate = 0.0001000
End of epoch 3811 / 4000 	 Time Taken: 9 sec
learning rate = 0.0001000
(epoch: 3812, iters: 320, time: 0.002) pos_err: 11.484 ori_err: 40.252 reproj_err: 1339.549 
End of epoch 3812 / 4000 	 Time Taken: 10 sec
learning rate = 0.0001000
(epoch: 3813, iters: 640, time: 0.002) pos_err: 11.942 ori_err: 38.862 reproj_err: 1468.982 
End of epoch 3813 / 4000 	 Time Taken: 9 sec
learning rate = 0.0001000
(epoch: 3814, iters: 960, time: 0.002) pos_err: 11.122 ori_err: 43.248 reproj_err: 1169.438 
End of epoch 3814 / 4000 	 Time Taken: 10 sec
learning rate = 0.0001000
(epoch: 3815, iters: 1280, time: 0.002) pos_err: 12.940 ori_err: 47.356 reproj_err: 2427.429 
End of epoch 3815 / 4000 	 Time Taken: 10 sec
learning rate = 0.0001000
End of epoch 3816 / 4000 	 Time Taken: 9 sec
learning rate = 0.0001000
(epoch: 3817, iters: 320, time: 0.002) pos_err: 12.175 ori_err: 41.437 reproj_err: 960.137 
End of epoch 3817 / 4000 	 Time Taken: 10 sec
learning rate = 0.0001000
(epoch: 3818, iters: 640, time: 0.001) pos_err: 13.182 ori_err: 42.314 reproj_err: 1547.572 
End of epoch 3818 / 4000 	 Time Taken: 9 sec
learning rate = 0.0001000
(epoch: 3819, iters: 960, time: 0.002) pos_err: 12.515 ori_err: 41.000 reproj_err: 720.621 
End of epoch 3819 / 4000 	 Time Taken: 10 sec
learning rate = 0.0001000
(epoch: 3820, iters: 1280, time: 0.001) pos_err: 7.530 ori_err: 39.529 reproj_err: 181.866 
saving the model at the end of epoch 3820, iters 4889600
End of epoch 3820 / 4000 	 Time Taken: 10 sec
learning rate = 0.0001000
End of epoch 3821 / 4000 	 Time Taken: 10 sec
learning rate = 0.0001000
(epoch: 3822, iters: 320, time: 0.003) pos_err: 11.921 ori_err: 40.035 reproj_err: 671.822 
End of epoch 3822 / 4000 	 Time Taken: 11 sec
learning rate = 0.0001000
(epoch: 3823, iters: 640, time: 0.001) pos_err: 12.037 ori_err: 37.281 reproj_err: 1666.996 
End of epoch 3823 / 4000 	 Time Taken: 10 sec
learning rate = 0.0001000
(epoch: 3824, iters: 960, time: 0.001) pos_err: 12.422 ori_err: 43.314 reproj_err: 1222.392 
End of epoch 3824 / 4000 	 Time Taken: 9 sec
learning rate = 0.0001000
(epoch: 3825, iters: 1280, time: 0.001) pos_err: 9.978 ori_err: 35.267 reproj_err: 408.516 
End of epoch 3825 / 4000 	 Time Taken: 10 sec
learning rate = 0.0001000
End of epoch 3826 / 4000 	 Time Taken: 10 sec
learning rate = 0.0001000
(epoch: 3827, iters: 320, time: 0.002) pos_err: 13.010 ori_err: 40.660 reproj_err: 1769.783 
End of epoch 3827 / 4000 	 Time Taken: 11 sec
learning rate = 0.0001000
(epoch: 3828, iters: 640, time: 0.001) pos_err: 10.530 ori_err: 35.207 reproj_err: 480.314 
End of epoch 3828 / 4000 	 Time Taken: 10 sec
learning rate = 0.0001000
(epoch: 3829, iters: 960, time: 0.002) pos_err: 11.653 ori_err: 37.617 reproj_err: 1172.165 
End of epoch 3829 / 4000 	 Time Taken: 10 sec
learning rate = 0.0001000
(epoch: 3830, iters: 1280, time: 0.001) pos_err: 7.884 ori_err: 33.999 reproj_err: 299.098 
saving the model at the end of epoch 3830, iters 4902400
End of epoch 3830 / 4000 	 Time Taken: 10 sec
learning rate = 0.0001000
End of epoch 3831 / 4000 	 Time Taken: 10 sec
learning rate = 0.0001000
(epoch: 3832, iters: 320, time: 0.002) pos_err: 11.757 ori_err: 39.204 reproj_err: 1129.234 
End of epoch 3832 / 4000 	 Time Taken: 9 sec
learning rate = 0.0001000
(epoch: 3833, iters: 640, time: 0.002) pos_err: 11.886 ori_err: 40.480 reproj_err: 1562.987 
End of epoch 3833 / 4000 	 Time Taken: 10 sec
learning rate = 0.0001000
(epoch: 3834, iters: 960, time: 0.002) pos_err: 10.903 ori_err: 40.133 reproj_err: 1255.505 
End of epoch 3834 / 4000 	 Time Taken: 11 sec
learning rate = 0.0001000
(epoch: 3835, iters: 1280, time: 0.001) pos_err: 9.304 ori_err: 36.557 reproj_err: 137.812 
End of epoch 3835 / 4000 	 Time Taken: 11 sec
learning rate = 0.0001000
End of epoch 3836 / 4000 	 Time Taken: 10 sec
learning rate = 0.0001000
(epoch: 3837, iters: 320, time: 0.002) pos_err: 10.948 ori_err: 41.191 reproj_err: 1593.959 
End of epoch 3837 / 4000 	 Time Taken: 10 sec
learning rate = 0.0001000
(epoch: 3838, iters: 640, time: 0.001) pos_err: 10.979 ori_err: 36.418 reproj_err: 1387.385 
End of epoch 3838 / 4000 	 Time Taken: 10 sec
learning rate = 0.0001000
(epoch: 3839, iters: 960, time: 0.002) pos_err: 10.827 ori_err: 39.880 reproj_err: 871.610 
End of epoch 3839 / 4000 	 Time Taken: 9 sec
learning rate = 0.0001000
(epoch: 3840, iters: 1280, time: 0.001) pos_err: 9.231 ori_err: 39.294 reproj_err: 241.852 
saving the model at the end of epoch 3840, iters 4915200
End of epoch 3840 / 4000 	 Time Taken: 10 sec
learning rate = 0.0001000
End of epoch 3841 / 4000 	 Time Taken: 10 sec
learning rate = 0.0001000
(epoch: 3842, iters: 320, time: 0.003) pos_err: 12.827 ori_err: 40.817 reproj_err: 1770.462 
End of epoch 3842 / 4000 	 Time Taken: 9 sec
learning rate = 0.0001000
(epoch: 3843, iters: 640, time: 0.001) pos_err: 11.591 ori_err: 40.321 reproj_err: 975.548 
End of epoch 3843 / 4000 	 Time Taken: 10 sec
learning rate = 0.0001000
(epoch: 3844, iters: 960, time: 0.002) pos_err: 11.446 ori_err: 40.921 reproj_err: 680.350 
End of epoch 3844 / 4000 	 Time Taken: 11 sec
learning rate = 0.0001000
(epoch: 3845, iters: 1280, time: 0.001) pos_err: 18.497 ori_err: 51.249 reproj_err: 504.351 
End of epoch 3845 / 4000 	 Time Taken: 10 sec
learning rate = 0.0001000
End of epoch 3846 / 4000 	 Time Taken: 10 sec
learning rate = 0.0001000
(epoch: 3847, iters: 320, time: 0.002) pos_err: 11.644 ori_err: 39.759 reproj_err: 1093.780 
End of epoch 3847 / 4000 	 Time Taken: 10 sec
learning rate = 0.0001000
(epoch: 3848, iters: 640, time: 0.002) pos_err: 10.572 ori_err: 45.114 reproj_err: 1533.887 
End of epoch 3848 / 4000 	 Time Taken: 10 sec
learning rate = 0.0001000
(epoch: 3849, iters: 960, time: 0.002) pos_err: 11.284 ori_err: 42.971 reproj_err: 1556.321 
End of epoch 3849 / 4000 	 Time Taken: 9 sec
learning rate = 0.0001000
(epoch: 3850, iters: 1280, time: 0.001) pos_err: 7.436 ori_err: 29.190 reproj_err: 158.205 
saving the model at the end of epoch 3850, iters 4928000
End of epoch 3850 / 4000 	 Time Taken: 11 sec
learning rate = 0.0001000
End of epoch 3851 / 4000 	 Time Taken: 11 sec
learning rate = 0.0001000
(epoch: 3852, iters: 320, time: 0.002) pos_err: 11.713 ori_err: 39.182 reproj_err: 506.344 
End of epoch 3852 / 4000 	 Time Taken: 11 sec
learning rate = 0.0001000
(epoch: 3853, iters: 640, time: 0.001) pos_err: 9.769 ori_err: 39.467 reproj_err: 1127.116 
End of epoch 3853 / 4000 	 Time Taken: 10 sec
learning rate = 0.0001000
(epoch: 3854, iters: 960, time: 0.002) pos_err: 12.366 ori_err: 37.676 reproj_err: 666.075 
End of epoch 3854 / 4000 	 Time Taken: 10 sec
learning rate = 0.0001000
(epoch: 3855, iters: 1280, time: 0.002) pos_err: 19.591 ori_err: 46.203 reproj_err: 13688.168 
End of epoch 3855 / 4000 	 Time Taken: 11 sec
learning rate = 0.0001000
End of epoch 3856 / 4000 	 Time Taken: 10 sec
learning rate = 0.0001000
(epoch: 3857, iters: 320, time: 0.002) pos_err: 13.623 ori_err: 41.148 reproj_err: 2317.404 
End of epoch 3857 / 4000 	 Time Taken: 11 sec
learning rate = 0.0001000
(epoch: 3858, iters: 640, time: 0.002) pos_err: 10.259 ori_err: 41.777 reproj_err: 546.958 
End of epoch 3858 / 4000 	 Time Taken: 9 sec
learning rate = 0.0001000
(epoch: 3859, iters: 960, time: 0.002) pos_err: 12.314 ori_err: 42.257 reproj_err: 1396.588 
End of epoch 3859 / 4000 	 Time Taken: 11 sec
learning rate = 0.0001000
(epoch: 3860, iters: 1280, time: 0.001) pos_err: 13.566 ori_err: 42.887 reproj_err: 3258.508 
saving the model at the end of epoch 3860, iters 4940800
End of epoch 3860 / 4000 	 Time Taken: 10 sec
learning rate = 0.0001000
End of epoch 3861 / 4000 	 Time Taken: 10 sec
learning rate = 0.0001000
(epoch: 3862, iters: 320, time: 0.002) pos_err: 12.817 ori_err: 41.171 reproj_err: 1097.192 
End of epoch 3862 / 4000 	 Time Taken: 10 sec
learning rate = 0.0001000
(epoch: 3863, iters: 640, time: 0.001) pos_err: 12.054 ori_err: 44.912 reproj_err: 1804.962 
End of epoch 3863 / 4000 	 Time Taken: 10 sec
learning rate = 0.0001000
(epoch: 3864, iters: 960, time: 0.002) pos_err: 10.424 ori_err: 40.915 reproj_err: 984.298 
End of epoch 3864 / 4000 	 Time Taken: 10 sec
learning rate = 0.0001000
(epoch: 3865, iters: 1280, time: 0.001) pos_err: 12.693 ori_err: 40.291 reproj_err: 639.413 
End of epoch 3865 / 4000 	 Time Taken: 10 sec
learning rate = 0.0001000
End of epoch 3866 / 4000 	 Time Taken: 10 sec
learning rate = 0.0001000
(epoch: 3867, iters: 320, time: 0.002) pos_err: 11.128 ori_err: 39.103 reproj_err: 964.857 
End of epoch 3867 / 4000 	 Time Taken: 10 sec
learning rate = 0.0001000
(epoch: 3868, iters: 640, time: 0.001) pos_err: 13.738 ori_err: 40.511 reproj_err: 2767.817 
End of epoch 3868 / 4000 	 Time Taken: 10 sec
learning rate = 0.0001000
(epoch: 3869, iters: 960, time: 0.002) pos_err: 11.869 ori_err: 40.814 reproj_err: 1198.798 
End of epoch 3869 / 4000 	 Time Taken: 9 sec
learning rate = 0.0001000
(epoch: 3870, iters: 1280, time: 0.001) pos_err: 10.688 ori_err: 52.448 reproj_err: 221.382 
saving the model at the end of epoch 3870, iters 4953600
End of epoch 3870 / 4000 	 Time Taken: 10 sec
learning rate = 0.0001000
End of epoch 3871 / 4000 	 Time Taken: 10 sec
learning rate = 0.0001000
(epoch: 3872, iters: 320, time: 0.002) pos_err: 12.193 ori_err: 35.260 reproj_err: 1307.549 
End of epoch 3872 / 4000 	 Time Taken: 11 sec
learning rate = 0.0001000
(epoch: 3873, iters: 640, time: 0.001) pos_err: 11.113 ori_err: 35.479 reproj_err: 1484.713 
End of epoch 3873 / 4000 	 Time Taken: 10 sec
learning rate = 0.0001000
(epoch: 3874, iters: 960, time: 0.002) pos_err: 10.671 ori_err: 39.253 reproj_err: 1420.649 
End of epoch 3874 / 4000 	 Time Taken: 9 sec
learning rate = 0.0001000
(epoch: 3875, iters: 1280, time: 0.001) pos_err: 16.759 ori_err: 35.403 reproj_err: 300.706 
End of epoch 3875 / 4000 	 Time Taken: 10 sec
learning rate = 0.0001000
End of epoch 3876 / 4000 	 Time Taken: 10 sec
learning rate = 0.0001000
(epoch: 3877, iters: 320, time: 0.002) pos_err: 9.968 ori_err: 40.700 reproj_err: 940.304 
End of epoch 3877 / 4000 	 Time Taken: 10 sec
learning rate = 0.0001000
(epoch: 3878, iters: 640, time: 0.001) pos_err: 11.129 ori_err: 40.085 reproj_err: 1268.048 
End of epoch 3878 / 4000 	 Time Taken: 11 sec
learning rate = 0.0001000
(epoch: 3879, iters: 960, time: 0.002) pos_err: 12.452 ori_err: 42.373 reproj_err: 1359.121 
End of epoch 3879 / 4000 	 Time Taken: 11 sec
learning rate = 0.0001000
(epoch: 3880, iters: 1280, time: 0.001) pos_err: 17.902 ori_err: 44.352 reproj_err: 525.478 
saving the model at the end of epoch 3880, iters 4966400
End of epoch 3880 / 4000 	 Time Taken: 11 sec
learning rate = 0.0001000
End of epoch 3881 / 4000 	 Time Taken: 11 sec
learning rate = 0.0001000
(epoch: 3882, iters: 320, time: 0.002) pos_err: 11.676 ori_err: 37.819 reproj_err: 1657.095 
End of epoch 3882 / 4000 	 Time Taken: 10 sec
learning rate = 0.0001000
(epoch: 3883, iters: 640, time: 0.002) pos_err: 11.449 ori_err: 41.882 reproj_err: 724.138 
End of epoch 3883 / 4000 	 Time Taken: 10 sec
learning rate = 0.0001000
(epoch: 3884, iters: 960, time: 0.002) pos_err: 11.066 ori_err: 40.196 reproj_err: 584.974 
End of epoch 3884 / 4000 	 Time Taken: 10 sec
learning rate = 0.0001000
(epoch: 3885, iters: 1280, time: 0.002) pos_err: 8.833 ori_err: 40.138 reproj_err: 190.893 
End of epoch 3885 / 4000 	 Time Taken: 9 sec
learning rate = 0.0001000
End of epoch 3886 / 4000 	 Time Taken: 11 sec
learning rate = 0.0001000
(epoch: 3887, iters: 320, time: 0.002) pos_err: 12.907 ori_err: 41.228 reproj_err: 1716.255 
End of epoch 3887 / 4000 	 Time Taken: 10 sec
learning rate = 0.0001000
(epoch: 3888, iters: 640, time: 0.002) pos_err: 12.298 ori_err: 37.903 reproj_err: 1208.846 
End of epoch 3888 / 4000 	 Time Taken: 10 sec
learning rate = 0.0001000
(epoch: 3889, iters: 960, time: 0.002) pos_err: 11.538 ori_err: 39.553 reproj_err: 647.444 
End of epoch 3889 / 4000 	 Time Taken: 10 sec
learning rate = 0.0001000
(epoch: 3890, iters: 1280, time: 0.001) pos_err: 16.726 ori_err: 41.691 reproj_err: 228.609 
saving the model at the end of epoch 3890, iters 4979200
End of epoch 3890 / 4000 	 Time Taken: 11 sec
learning rate = 0.0001000
End of epoch 3891 / 4000 	 Time Taken: 10 sec
learning rate = 0.0001000
(epoch: 3892, iters: 320, time: 0.003) pos_err: 12.415 ori_err: 37.929 reproj_err: 1978.043 
End of epoch 3892 / 4000 	 Time Taken: 10 sec
learning rate = 0.0001000
(epoch: 3893, iters: 640, time: 0.002) pos_err: 13.473 ori_err: 42.508 reproj_err: 1413.277 
End of epoch 3893 / 4000 	 Time Taken: 9 sec
learning rate = 0.0001000
(epoch: 3894, iters: 960, time: 0.001) pos_err: 13.436 ori_err: 44.491 reproj_err: 1916.711 
End of epoch 3894 / 4000 	 Time Taken: 10 sec
learning rate = 0.0001000
(epoch: 3895, iters: 1280, time: 0.001) pos_err: 11.050 ori_err: 31.477 reproj_err: 661.543 
End of epoch 3895 / 4000 	 Time Taken: 10 sec
learning rate = 0.0001000
End of epoch 3896 / 4000 	 Time Taken: 10 sec
learning rate = 0.0001000
(epoch: 3897, iters: 320, time: 0.002) pos_err: 11.587 ori_err: 40.480 reproj_err: 1815.049 
End of epoch 3897 / 4000 	 Time Taken: 10 sec
learning rate = 0.0001000
(epoch: 3898, iters: 640, time: 0.002) pos_err: 11.860 ori_err: 42.791 reproj_err: 1301.198 
End of epoch 3898 / 4000 	 Time Taken: 11 sec
learning rate = 0.0001000
(epoch: 3899, iters: 960, time: 0.002) pos_err: 11.229 ori_err: 40.252 reproj_err: 1365.902 
End of epoch 3899 / 4000 	 Time Taken: 9 sec
learning rate = 0.0001000
(epoch: 3900, iters: 1280, time: 0.001) pos_err: 8.633 ori_err: 34.359 reproj_err: 263.299 
saving the model at the end of epoch 3900, iters 4992000
End of epoch 3900 / 4000 	 Time Taken: 10 sec
learning rate = 0.0001000
End of epoch 3901 / 4000 	 Time Taken: 10 sec
learning rate = 0.0001000
(epoch: 3902, iters: 320, time: 0.002) pos_err: 11.164 ori_err: 37.838 reproj_err: 509.420 
End of epoch 3902 / 4000 	 Time Taken: 10 sec
learning rate = 0.0001000
(epoch: 3903, iters: 640, time: 0.002) pos_err: 12.916 ori_err: 41.664 reproj_err: 1209.958 
End of epoch 3903 / 4000 	 Time Taken: 10 sec
learning rate = 0.0001000
(epoch: 3904, iters: 960, time: 0.002) pos_err: 11.443 ori_err: 38.469 reproj_err: 935.516 
End of epoch 3904 / 4000 	 Time Taken: 10 sec
learning rate = 0.0001000
(epoch: 3905, iters: 1280, time: 0.002) pos_err: 18.726 ori_err: 43.667 reproj_err: 618.833 
End of epoch 3905 / 4000 	 Time Taken: 11 sec
learning rate = 0.0001000
End of epoch 3906 / 4000 	 Time Taken: 10 sec
learning rate = 0.0001000
(epoch: 3907, iters: 320, time: 0.002) pos_err: 9.647 ori_err: 41.963 reproj_err: 224.068 
End of epoch 3907 / 4000 	 Time Taken: 11 sec
learning rate = 0.0001000
(epoch: 3908, iters: 640, time: 0.002) pos_err: 12.597 ori_err: 45.162 reproj_err: 1745.801 
End of epoch 3908 / 4000 	 Time Taken: 10 sec
learning rate = 0.0001000
(epoch: 3909, iters: 960, time: 0.002) pos_err: 10.072 ori_err: 38.900 reproj_err: 543.133 
End of epoch 3909 / 4000 	 Time Taken: 9 sec
learning rate = 0.0001000
(epoch: 3910, iters: 1280, time: 0.001) pos_err: 10.875 ori_err: 37.961 reproj_err: 517.211 
saving the model at the end of epoch 3910, iters 5004800
End of epoch 3910 / 4000 	 Time Taken: 11 sec
learning rate = 0.0001000
End of epoch 3911 / 4000 	 Time Taken: 10 sec
learning rate = 0.0001000
(epoch: 3912, iters: 320, time: 0.002) pos_err: 12.643 ori_err: 41.300 reproj_err: 1852.804 
End of epoch 3912 / 4000 	 Time Taken: 10 sec
learning rate = 0.0001000
(epoch: 3913, iters: 640, time: 0.001) pos_err: 12.830 ori_err: 37.247 reproj_err: 2688.716 
End of epoch 3913 / 4000 	 Time Taken: 11 sec
learning rate = 0.0001000
(epoch: 3914, iters: 960, time: 0.002) pos_err: 11.492 ori_err: 39.681 reproj_err: 466.432 
End of epoch 3914 / 4000 	 Time Taken: 11 sec
learning rate = 0.0001000
(epoch: 3915, iters: 1280, time: 0.001) pos_err: 10.140 ori_err: 45.921 reproj_err: 424.033 
End of epoch 3915 / 4000 	 Time Taken: 10 sec
learning rate = 0.0001000
End of epoch 3916 / 4000 	 Time Taken: 10 sec
learning rate = 0.0001000
(epoch: 3917, iters: 320, time: 0.003) pos_err: 11.480 ori_err: 41.292 reproj_err: 2369.594 
End of epoch 3917 / 4000 	 Time Taken: 9 sec
learning rate = 0.0001000
(epoch: 3918, iters: 640, time: 0.002) pos_err: 11.184 ori_err: 39.720 reproj_err: 1210.981 
End of epoch 3918 / 4000 	 Time Taken: 9 sec
learning rate = 0.0001000
(epoch: 3919, iters: 960, time: 0.002) pos_err: 13.268 ori_err: 42.338 reproj_err: 2067.583 
End of epoch 3919 / 4000 	 Time Taken: 10 sec
learning rate = 0.0001000
(epoch: 3920, iters: 1280, time: 0.001) pos_err: 12.900 ori_err: 26.195 reproj_err: 250.183 
saving the model at the end of epoch 3920, iters 5017600
End of epoch 3920 / 4000 	 Time Taken: 10 sec
learning rate = 0.0001000
End of epoch 3921 / 4000 	 Time Taken: 11 sec
learning rate = 0.0001000
(epoch: 3922, iters: 320, time: 0.002) pos_err: 11.323 ori_err: 43.563 reproj_err: 1369.145 
End of epoch 3922 / 4000 	 Time Taken: 9 sec
learning rate = 0.0001000
(epoch: 3923, iters: 640, time: 0.002) pos_err: 11.539 ori_err: 38.423 reproj_err: 1071.099 
End of epoch 3923 / 4000 	 Time Taken: 11 sec
learning rate = 0.0001000
(epoch: 3924, iters: 960, time: 0.002) pos_err: 11.288 ori_err: 39.688 reproj_err: 1573.777 
End of epoch 3924 / 4000 	 Time Taken: 10 sec
learning rate = 0.0001000
(epoch: 3925, iters: 1280, time: 0.001) pos_err: 12.818 ori_err: 43.492 reproj_err: 687.804 
End of epoch 3925 / 4000 	 Time Taken: 10 sec
learning rate = 0.0001000
End of epoch 3926 / 4000 	 Time Taken: 10 sec
learning rate = 0.0001000
(epoch: 3927, iters: 320, time: 0.001) pos_err: 11.255 ori_err: 39.314 reproj_err: 1158.100 
End of epoch 3927 / 4000 	 Time Taken: 10 sec
learning rate = 0.0001000
(epoch: 3928, iters: 640, time: 0.002) pos_err: 11.473 ori_err: 37.495 reproj_err: 1708.714 
End of epoch 3928 / 4000 	 Time Taken: 10 sec
learning rate = 0.0001000
(epoch: 3929, iters: 960, time: 0.002) pos_err: 13.399 ori_err: 37.571 reproj_err: 1656.485 
End of epoch 3929 / 4000 	 Time Taken: 10 sec
learning rate = 0.0001000
(epoch: 3930, iters: 1280, time: 0.001) pos_err: 8.196 ori_err: 37.629 reproj_err: 229.558 
saving the model at the end of epoch 3930, iters 5030400
End of epoch 3930 / 4000 	 Time Taken: 10 sec
learning rate = 0.0001000
End of epoch 3931 / 4000 	 Time Taken: 10 sec
learning rate = 0.0001000
(epoch: 3932, iters: 320, time: 0.002) pos_err: 11.478 ori_err: 40.661 reproj_err: 428.941 
End of epoch 3932 / 4000 	 Time Taken: 9 sec
learning rate = 0.0001000
(epoch: 3933, iters: 640, time: 0.001) pos_err: 12.579 ori_err: 39.190 reproj_err: 417.043 
End of epoch 3933 / 4000 	 Time Taken: 11 sec
learning rate = 0.0001000
(epoch: 3934, iters: 960, time: 0.002) pos_err: 13.277 ori_err: 43.345 reproj_err: 1423.174 
End of epoch 3934 / 4000 	 Time Taken: 10 sec
learning rate = 0.0001000
(epoch: 3935, iters: 1280, time: 0.001) pos_err: 13.767 ori_err: 50.548 reproj_err: 1139.979 
End of epoch 3935 / 4000 	 Time Taken: 10 sec
learning rate = 0.0001000
End of epoch 3936 / 4000 	 Time Taken: 11 sec
learning rate = 0.0001000
(epoch: 3937, iters: 320, time: 0.001) pos_err: 12.203 ori_err: 38.955 reproj_err: 991.042 
End of epoch 3937 / 4000 	 Time Taken: 10 sec
learning rate = 0.0001000
(epoch: 3938, iters: 640, time: 0.002) pos_err: 12.691 ori_err: 42.819 reproj_err: 2235.309 
End of epoch 3938 / 4000 	 Time Taken: 10 sec
learning rate = 0.0001000
(epoch: 3939, iters: 960, time: 0.002) pos_err: 12.849 ori_err: 39.346 reproj_err: 1757.369 
End of epoch 3939 / 4000 	 Time Taken: 10 sec
learning rate = 0.0001000
(epoch: 3940, iters: 1280, time: 0.002) pos_err: 14.409 ori_err: 39.835 reproj_err: 303.765 
saving the model at the end of epoch 3940, iters 5043200
End of epoch 3940 / 4000 	 Time Taken: 10 sec
learning rate = 0.0001000
End of epoch 3941 / 4000 	 Time Taken: 11 sec
learning rate = 0.0001000
(epoch: 3942, iters: 320, time: 0.002) pos_err: 11.750 ori_err: 39.731 reproj_err: 963.477 
End of epoch 3942 / 4000 	 Time Taken: 10 sec
learning rate = 0.0001000
(epoch: 3943, iters: 640, time: 0.002) pos_err: 12.640 ori_err: 38.555 reproj_err: 2111.097 
End of epoch 3943 / 4000 	 Time Taken: 10 sec
learning rate = 0.0001000
(epoch: 3944, iters: 960, time: 0.002) pos_err: 12.692 ori_err: 42.299 reproj_err: 1240.111 
End of epoch 3944 / 4000 	 Time Taken: 10 sec
learning rate = 0.0001000
(epoch: 3945, iters: 1280, time: 0.001) pos_err: 14.989 ori_err: 25.075 reproj_err: 3987.424 
End of epoch 3945 / 4000 	 Time Taken: 9 sec
learning rate = 0.0001000
End of epoch 3946 / 4000 	 Time Taken: 10 sec
learning rate = 0.0001000
(epoch: 3947, iters: 320, time: 0.002) pos_err: 11.481 ori_err: 38.337 reproj_err: 1158.925 
End of epoch 3947 / 4000 	 Time Taken: 10 sec
learning rate = 0.0001000
(epoch: 3948, iters: 640, time: 0.001) pos_err: 11.228 ori_err: 39.151 reproj_err: 253.239 
End of epoch 3948 / 4000 	 Time Taken: 10 sec
learning rate = 0.0001000
(epoch: 3949, iters: 960, time: 0.002) pos_err: 11.468 ori_err: 41.958 reproj_err: 1183.718 
End of epoch 3949 / 4000 	 Time Taken: 10 sec
learning rate = 0.0001000
(epoch: 3950, iters: 1280, time: 0.001) pos_err: 9.217 ori_err: 47.920 reproj_err: 247.029 
saving the model at the end of epoch 3950, iters 5056000
End of epoch 3950 / 4000 	 Time Taken: 10 sec
learning rate = 0.0001000
End of epoch 3951 / 4000 	 Time Taken: 10 sec
learning rate = 0.0001000
(epoch: 3952, iters: 320, time: 0.002) pos_err: 12.567 ori_err: 38.745 reproj_err: 1225.394 
End of epoch 3952 / 4000 	 Time Taken: 10 sec
learning rate = 0.0001000
(epoch: 3953, iters: 640, time: 0.001) pos_err: 12.413 ori_err: 39.720 reproj_err: 979.701 
End of epoch 3953 / 4000 	 Time Taken: 10 sec
learning rate = 0.0001000
(epoch: 3954, iters: 960, time: 0.002) pos_err: 12.496 ori_err: 39.529 reproj_err: 2342.013 
End of epoch 3954 / 4000 	 Time Taken: 10 sec
learning rate = 0.0001000
(epoch: 3955, iters: 1280, time: 0.001) pos_err: 12.760 ori_err: 42.131 reproj_err: 213.571 
End of epoch 3955 / 4000 	 Time Taken: 11 sec
learning rate = 0.0001000
End of epoch 3956 / 4000 	 Time Taken: 11 sec
learning rate = 0.0001000
(epoch: 3957, iters: 320, time: 0.003) pos_err: 12.505 ori_err: 43.252 reproj_err: 824.230 
End of epoch 3957 / 4000 	 Time Taken: 10 sec
learning rate = 0.0001000
(epoch: 3958, iters: 640, time: 0.001) pos_err: 11.884 ori_err: 40.111 reproj_err: 883.929 
End of epoch 3958 / 4000 	 Time Taken: 10 sec
learning rate = 0.0001000
(epoch: 3959, iters: 960, time: 0.002) pos_err: 12.368 ori_err: 42.259 reproj_err: 1449.139 
End of epoch 3959 / 4000 	 Time Taken: 11 sec
learning rate = 0.0001000
(epoch: 3960, iters: 1280, time: 0.001) pos_err: 9.816 ori_err: 52.094 reproj_err: 225.271 
saving the model at the end of epoch 3960, iters 5068800
End of epoch 3960 / 4000 	 Time Taken: 10 sec
learning rate = 0.0001000
End of epoch 3961 / 4000 	 Time Taken: 11 sec
learning rate = 0.0001000
(epoch: 3962, iters: 320, time: 0.002) pos_err: 12.866 ori_err: 41.790 reproj_err: 1810.467 
End of epoch 3962 / 4000 	 Time Taken: 10 sec
learning rate = 0.0001000
(epoch: 3963, iters: 640, time: 0.002) pos_err: 12.273 ori_err: 41.151 reproj_err: 1105.615 
End of epoch 3963 / 4000 	 Time Taken: 10 sec
learning rate = 0.0001000
(epoch: 3964, iters: 960, time: 0.002) pos_err: 12.075 ori_err: 41.611 reproj_err: 1145.837 
End of epoch 3964 / 4000 	 Time Taken: 11 sec
learning rate = 0.0001000
(epoch: 3965, iters: 1280, time: 0.001) pos_err: 12.123 ori_err: 33.577 reproj_err: 251.351 
End of epoch 3965 / 4000 	 Time Taken: 10 sec
learning rate = 0.0001000
End of epoch 3966 / 4000 	 Time Taken: 11 sec
learning rate = 0.0001000
(epoch: 3967, iters: 320, time: 0.002) pos_err: 12.417 ori_err: 39.912 reproj_err: 1246.084 
End of epoch 3967 / 4000 	 Time Taken: 9 sec
learning rate = 0.0001000
(epoch: 3968, iters: 640, time: 0.002) pos_err: 11.352 ori_err: 40.977 reproj_err: 1226.362 
End of epoch 3968 / 4000 	 Time Taken: 10 sec
learning rate = 0.0001000
(epoch: 3969, iters: 960, time: 0.002) pos_err: 12.063 ori_err: 39.038 reproj_err: 1825.039 
End of epoch 3969 / 4000 	 Time Taken: 10 sec
learning rate = 0.0001000
(epoch: 3970, iters: 1280, time: 0.002) pos_err: 8.379 ori_err: 34.360 reproj_err: 207.046 
saving the model at the end of epoch 3970, iters 5081600
End of epoch 3970 / 4000 	 Time Taken: 10 sec
learning rate = 0.0001000
End of epoch 3971 / 4000 	 Time Taken: 11 sec
learning rate = 0.0001000
(epoch: 3972, iters: 320, time: 0.003) pos_err: 11.077 ori_err: 40.955 reproj_err: 1242.262 
End of epoch 3972 / 4000 	 Time Taken: 11 sec
learning rate = 0.0001000
(epoch: 3973, iters: 640, time: 0.002) pos_err: 11.269 ori_err: 38.234 reproj_err: 808.366 
End of epoch 3973 / 4000 	 Time Taken: 10 sec
learning rate = 0.0001000
(epoch: 3974, iters: 960, time: 0.002) pos_err: 11.986 ori_err: 39.923 reproj_err: 2255.061 
End of epoch 3974 / 4000 	 Time Taken: 10 sec
learning rate = 0.0001000
(epoch: 3975, iters: 1280, time: 0.001) pos_err: 14.011 ori_err: 35.626 reproj_err: 3805.433 
End of epoch 3975 / 4000 	 Time Taken: 10 sec
learning rate = 0.0001000
End of epoch 3976 / 4000 	 Time Taken: 10 sec
learning rate = 0.0001000
(epoch: 3977, iters: 320, time: 0.002) pos_err: 12.226 ori_err: 40.017 reproj_err: 1926.140 
End of epoch 3977 / 4000 	 Time Taken: 10 sec
learning rate = 0.0001000
(epoch: 3978, iters: 640, time: 0.001) pos_err: 11.152 ori_err: 36.659 reproj_err: 1480.770 
End of epoch 3978 / 4000 	 Time Taken: 10 sec
learning rate = 0.0001000
(epoch: 3979, iters: 960, time: 0.001) pos_err: 12.617 ori_err: 38.030 reproj_err: 1501.184 
End of epoch 3979 / 4000 	 Time Taken: 10 sec
learning rate = 0.0001000
(epoch: 3980, iters: 1280, time: 0.001) pos_err: 9.633 ori_err: 21.796 reproj_err: 177.353 
saving the model at the end of epoch 3980, iters 5094400
End of epoch 3980 / 4000 	 Time Taken: 10 sec
learning rate = 0.0001000
End of epoch 3981 / 4000 	 Time Taken: 10 sec
learning rate = 0.0001000
(epoch: 3982, iters: 320, time: 0.002) pos_err: 10.911 ori_err: 36.509 reproj_err: 782.608 
End of epoch 3982 / 4000 	 Time Taken: 10 sec
learning rate = 0.0001000
(epoch: 3983, iters: 640, time: 0.002) pos_err: 12.110 ori_err: 41.365 reproj_err: 836.989 
End of epoch 3983 / 4000 	 Time Taken: 10 sec
learning rate = 0.0001000
(epoch: 3984, iters: 960, time: 0.002) pos_err: 10.434 ori_err: 39.783 reproj_err: 1027.659 
End of epoch 3984 / 4000 	 Time Taken: 10 sec
learning rate = 0.0001000
(epoch: 3985, iters: 1280, time: 0.001) pos_err: 9.426 ori_err: 37.910 reproj_err: 222.737 
End of epoch 3985 / 4000 	 Time Taken: 10 sec
learning rate = 0.0001000
End of epoch 3986 / 4000 	 Time Taken: 10 sec
learning rate = 0.0001000
(epoch: 3987, iters: 320, time: 0.002) pos_err: 12.773 ori_err: 38.478 reproj_err: 1670.637 
End of epoch 3987 / 4000 	 Time Taken: 11 sec
learning rate = 0.0001000
(epoch: 3988, iters: 640, time: 0.002) pos_err: 12.075 ori_err: 35.799 reproj_err: 559.081 
End of epoch 3988 / 4000 	 Time Taken: 9 sec
learning rate = 0.0001000
(epoch: 3989, iters: 960, time: 0.002) pos_err: 12.181 ori_err: 42.162 reproj_err: 582.852 
End of epoch 3989 / 4000 	 Time Taken: 10 sec
learning rate = 0.0001000
(epoch: 3990, iters: 1280, time: 0.001) pos_err: 8.775 ori_err: 29.135 reproj_err: 186.549 
saving the model at the end of epoch 3990, iters 5107200
End of epoch 3990 / 4000 	 Time Taken: 12 sec
learning rate = 0.0001000
End of epoch 3991 / 4000 	 Time Taken: 10 sec
learning rate = 0.0001000
(epoch: 3992, iters: 320, time: 0.002) pos_err: 11.399 ori_err: 39.818 reproj_err: 869.671 
End of epoch 3992 / 4000 	 Time Taken: 10 sec
learning rate = 0.0001000
(epoch: 3993, iters: 640, time: 0.002) pos_err: 12.821 ori_err: 39.814 reproj_err: 2215.999 
End of epoch 3993 / 4000 	 Time Taken: 11 sec
learning rate = 0.0001000
(epoch: 3994, iters: 960, time: 0.002) pos_err: 13.134 ori_err: 38.471 reproj_err: 1073.079 
End of epoch 3994 / 4000 	 Time Taken: 10 sec
learning rate = 0.0001000
(epoch: 3995, iters: 1280, time: 0.001) pos_err: 6.736 ori_err: 57.017 reproj_err: 193.287 
End of epoch 3995 / 4000 	 Time Taken: 10 sec
learning rate = 0.0001000
End of epoch 3996 / 4000 	 Time Taken: 10 sec
learning rate = 0.0001000
(epoch: 3997, iters: 320, time: 0.002) pos_err: 11.374 ori_err: 39.516 reproj_err: 1160.219 
End of epoch 3997 / 4000 	 Time Taken: 12 sec
learning rate = 0.0001000
(epoch: 3998, iters: 640, time: 0.002) pos_err: 10.766 ori_err: 43.547 reproj_err: 969.788 
End of epoch 3998 / 4000 	 Time Taken: 10 sec
learning rate = 0.0001000
(epoch: 3999, iters: 960, time: 0.002) pos_err: 11.302 ori_err: 40.423 reproj_err: 1105.660 
End of epoch 3999 / 4000 	 Time Taken: 9 sec
learning rate = 0.0001000
(epoch: 4000, iters: 1280, time: 0.001) pos_err: 8.449 ori_err: 40.864 reproj_err: 253.983 
saving the model at the end of epoch 4000, iters 5120000
End of epoch 4000 / 4000 	 Time Taken: 11 sec
learning rate = 0.0001000
